design_id,component_code,component_name,rated_pressure,rated_flow,temperature_limit,design_margin,design_risk_score,design_risk_level
HDES-00001,C012,卸荷阀,25.29,45.61,77.02,0.2061,0.2872,medium
HDES-00002,C006,冷却器,11.7,65.11,64.27,0.3377,0.3043,medium
HDES-00003,C010,节流阀,23.55,93.56,72.76,0.0746,0.4353,medium
HDES-00004,C011,管路总成,31.44,44.92,57.46,0.3993,0.1872,low
HDES-00005,C007,过滤器,13.81,30.77,94.52,0.141,0.4582,medium
HDES-00006,C004,溢流阀,22.35,64.0,71.39,0.2118,0.4336,medium
HDES-00007,C004,溢流阀,30.54,30.55,75.77,0.3766,0.0423,low
HDES-00008,C009,单向阀,20.13,48.81,81.22,0.4,0.007,low
HDES-00009,C008,液压油箱,20.22,98.15,83.7,0.453,0.073,low
HDES-00010,C008,液压油箱,18.73,100.12,77.76,0.1792,0.315,medium
HDES-00011,C001,液压泵总成,18.69,96.06,104.28,0.2838,0.2665,medium
HDES-00012,C008,液压油箱,13.28,86.97,100.84,0.2372,0.3142,medium
HDES-00013,C012,卸荷阀,30.21,35.62,74.72,0.3687,0.0963,low
HDES-00014,C006,冷却器,19.96,63.28,74.32,0.372,0.0694,low
HDES-00015,C007,过滤器,21.85,39.47,85.58,0.2926,0.1773,low
HDES-00016,C012,卸荷阀,24.77,47.23,90.9,0.2376,0.2498,low
HDES-00017,C007,过滤器,12.07,44.3,91.87,0.4344,0.0688,low
HDES-00018,C008,液压油箱,8.49,106.29,86.64,0.3734,0.3406,medium
HDES-00019,C002,方向控制阀,18.6,105.34,74.33,0.3065,0.1532,low
HDES-00020,C004,溢流阀,18.21,91.26,67.66,0.4503,0.2036,low
HDES-00021,C006,冷却器,20.4,53.83,88.62,0.151,0.3955,medium
HDES-00022,C009,单向阀,20.43,69.26,96.5,0.3843,0.0,low
HDES-00023,C011,管路总成,20.6,48.15,82.8,0.3506,0.1181,low
HDES-00024,C007,过滤器,22.18,41.05,85.66,0.3867,0.0192,low
HDES-00025,C002,方向控制阀,18.37,83.86,75.13,0.4231,0.0,low
HDES-00026,C007,过滤器,12.92,48.49,89.5,0.347,0.2211,low
HDES-00027,C010,节流阀,15.07,88.84,84.93,0.3952,0.1049,low
HDES-00028,C009,单向阀,12.29,50.16,74.26,0.2836,0.3613,medium
HDES-00029,C001,液压泵总成,26.91,98.2,71.8,0.2848,0.2284,low
HDES-00030,C002,方向控制阀,14.57,83.1,78.75,0.3805,0.1665,low
HDES-00031,C003,作动筒,14.87,73.6,88.14,0.3983,0.1425,low
HDES-00032,C003,作动筒,22.14,96.48,70.49,0.4524,0.0753,low
HDES-00033,C008,液压油箱,20.65,51.58,83.83,0.3639,0.1049,low
HDES-00034,C012,卸荷阀,27.94,27.54,73.03,0.3351,0.1405,low
HDES-00035,C010,节流阀,28.47,105.23,78.94,0.3697,0.078,low
HDES-00036,C011,管路总成,14.32,48.79,82.05,0.3413,0.3744,medium
HDES-00037,C004,溢流阀,27.37,28.38,70.67,0.3958,0.0807,low
HDES-00038,C010,节流阀,17.16,113.65,78.28,0.2692,0.2301,low
HDES-00039,C003,作动筒,19.56,55.62,96.97,0.3103,0.0878,low
HDES-00040,C007,过滤器,21.31,25.56,99.34,0.315,0.129,low
HDES-00041,C007,过滤器,17.44,50.48,67.37,0.3121,0.2132,low
HDES-00042,C002,方向控制阀,16.12,91.24,79.93,0.4113,0.0338,low
HDES-00043,C008,液压油箱,11.73,79.18,70.77,0.345,0.2975,medium
HDES-00044,C004,溢流阀,28.92,54.26,95.27,0.3772,0.095,low
HDES-00045,C003,作动筒,9.61,77.5,94.29,0.341,0.2237,low
HDES-00046,C010,节流阀,22.86,92.25,92.64,0.472,0.0,low
HDES-00047,C001,液压泵总成,24.93,119.55,89.9,0.2587,0.1806,low
HDES-00048,C002,方向控制阀,30.73,91.17,97.8,0.2138,0.2689,medium
HDES-00049,C005,蓄能器,23.49,66.98,80.85,0.3003,0.1486,low
HDES-00050,C012,卸荷阀,17.31,59.59,69.78,0.2524,0.4265,medium
HDES-00051,C001,液压泵总成,25.69,92.1,86.63,0.388,0.0507,low
HDES-00052,C011,管路总成,24.26,60.08,87.6,0.4496,0.0,low
HDES-00053,C010,节流阀,23.0,85.52,85.23,0.2654,0.2062,low
HDES-00054,C004,溢流阀,28.69,62.27,77.84,0.1383,0.352,medium
HDES-00055,C006,冷却器,15.09,42.48,78.04,0.4262,0.0641,low
HDES-00056,C010,节流阀,9.75,78.94,79.45,0.3047,0.3899,medium
HDES-00057,C001,液压泵总成,34.86,80.48,79.29,0.4017,0.0,low
HDES-00058,C004,溢流阀,28.02,39.8,72.69,0.3423,0.1478,low
HDES-00059,C009,单向阀,18.72,47.06,108.75,0.3092,0.1203,low
HDES-00060,C012,卸荷阀,18.24,49.32,80.57,0.2961,0.3259,medium
HDES-00061,C009,单向阀,17.21,50.68,55.62,0.2482,0.4106,medium
HDES-00062,C011,管路总成,28.55,48.56,78.56,0.443,0.0,low
HDES-00063,C003,作动筒,15.23,49.14,74.85,0.2753,0.2269,low
HDES-00064,C003,作动筒,25.28,67.81,83.21,0.1958,0.2954,medium
HDES-00065,C012,卸荷阀,31.41,58.44,65.05,0.1547,0.4356,medium
HDES-00066,C002,方向控制阀,16.83,78.37,81.01,0.2819,0.2118,low
HDES-00067,C002,方向控制阀,20.72,100.45,86.59,0.3593,0.0515,low
HDES-00068,C012,卸荷阀,19.33,56.0,88.44,0.2893,0.2413,low
HDES-00069,C006,冷却器,12.72,46.23,87.16,0.3663,0.2148,low
HDES-00070,C001,液压泵总成,23.96,114.21,74.78,0.3705,0.0742,low
HDES-00071,C001,液压泵总成,23.23,66.52,85.63,0.3891,0.0012,low
HDES-00072,C005,蓄能器,28.1,54.97,61.55,0.2475,0.3681,medium
HDES-00073,C001,液压泵总成,28.96,114.3,82.54,0.3975,0.0714,low
HDES-00074,C001,液压泵总成,20.7,83.71,73.26,0.352,0.193,low
HDES-00075,C009,单向阀,18.17,24.69,89.27,0.2684,0.2202,low
HDES-00076,C003,作动筒,20.75,30.55,77.42,0.2703,0.1858,low
HDES-00077,C007,过滤器,16.33,46.21,82.34,0.451,0.0206,low
HDES-00078,C011,管路总成,15.04,42.86,71.42,0.2772,0.4463,medium
HDES-00079,C006,冷却器,27.17,71.69,88.11,0.2556,0.1945,low
HDES-00080,C002,方向控制阀,21.99,104.93,81.69,0.4029,0.0,low
HDES-00081,C004,溢流阀,23.14,47.43,78.74,0.1705,0.3499,medium
HDES-00082,C005,蓄能器,28.29,27.29,79.86,0.3927,0.0216,low
HDES-00083,C012,卸荷阀,29.49,65.0,69.55,0.3402,0.1776,low
HDES-00084,C004,溢流阀,18.73,32.94,86.98,0.2159,0.4085,medium
HDES-00085,C001,液压泵总成,20.2,84.72,84.15,0.3266,0.278,medium
HDES-00086,C012,卸荷阀,22.23,12.0,74.66,0.3461,0.1484,low
HDES-00087,C003,作动筒,15.59,43.26,69.33,0.4059,0.1865,low
HDES-00088,C006,冷却器,14.84,64.85,78.65,0.362,0.1983,low
HDES-00089,C003,作动筒,24.15,65.37,73.27,0.2691,0.2108,low
HDES-00090,C011,管路总成,11.88,76.36,75.01,0.2803,0.4676,medium
HDES-00091,C002,方向控制阀,16.62,109.04,57.25,0.2432,0.454,medium
HDES-00092,C002,方向控制阀,20.48,69.69,96.04,0.476,0.0,low
HDES-00093,C012,卸荷阀,33.89,60.46,77.3,0.3734,0.0732,low
HDES-00094,C003,作动筒,13.59,62.38,91.2,0.2547,0.3454,medium
HDES-00095,C003,作动筒,17.78,35.21,76.14,0.3278,0.095,low
HDES-00096,C003,作动筒,13.47,71.97,84.84,0.2586,0.305,medium
HDES-00097,C006,冷却器,17.12,63.3,73.15,0.324,0.1527,low
HDES-00098,C005,蓄能器,16.57,55.92,72.36,0.3967,0.27,medium
HDES-00099,C005,蓄能器,18.58,51.39,70.36,0.2159,0.4306,medium
HDES-00100,C005,蓄能器,27.26,51.05,75.19,0.3819,0.0622,low
HDES-00101,C005,蓄能器,19.01,44.29,89.01,0.3185,0.2123,low
HDES-00102,C008,液压油箱,7.18,110.9,74.18,0.418,0.2343,low
HDES-00103,C010,节流阀,10.18,105.7,74.03,0.3835,0.2576,medium
HDES-00104,C005,蓄能器,24.46,62.18,76.75,0.4408,0.0353,low
HDES-00105,C004,溢流阀,25.47,77.29,62.22,0.3797,0.2147,low
HDES-00106,C009,单向阀,9.77,60.24,66.47,0.2427,0.4625,medium
HDES-00107,C002,方向控制阀,14.21,105.73,69.03,0.3646,0.2327,low
HDES-00108,C006,冷却器,22.42,26.41,96.81,0.3183,0.1714,low
HDES-00109,C006,冷却器,16.29,68.52,104.8,0.3394,0.156,low
HDES-00110,C008,液压油箱,12.91,85.16,84.21,0.251,0.338,medium
HDES-00111,C005,蓄能器,23.23,72.73,88.57,0.3008,0.185,low
HDES-00112,C011,管路总成,23.13,25.17,67.3,0.4668,0.1082,low
HDES-00113,C010,节流阀,22.53,83.12,95.58,0.2482,0.1765,low
HDES-00114,C006,冷却器,21.42,29.86,75.22,0.336,0.1447,low
HDES-00115,C004,溢流阀,24.96,79.04,86.4,0.3983,0.0046,low
HDES-00116,C010,节流阀,16.96,78.11,98.9,0.3154,0.1559,low
HDES-00117,C002,方向控制阀,23.61,111.05,87.46,0.2856,0.209,low
HDES-00118,C003,作动筒,18.82,54.93,93.26,0.4051,0.0294,low
HDES-00119,C012,卸荷阀,21.23,52.13,84.14,0.4448,0.1148,low
HDES-00120,C002,方向控制阀,14.92,96.81,80.66,0.355,0.1196,low
HDES-00121,C004,溢流阀,23.1,36.58,70.27,0.2627,0.3062,medium
HDES-00122,C005,蓄能器,25.24,33.75,74.29,0.3366,0.1301,low
HDES-00123,C001,液压泵总成,28.61,97.27,69.32,0.4294,0.0208,low
HDES-00124,C011,管路总成,15.22,34.5,77.93,0.3842,0.2411,low
HDES-00125,C008,液压油箱,17.63,81.54,84.04,0.3004,0.1642,low
HDES-00126,C002,方向控制阀,24.52,88.04,83.64,0.4253,0.0417,low
HDES-00127,C010,节流阀,20.46,84.76,70.87,0.2151,0.314,medium
HDES-00128,C009,单向阀,27.24,51.66,74.36,0.3896,0.058,low
HDES-00129,C010,节流阀,15.77,90.51,86.38,0.4289,0.0261,low
HDES-00130,C010,节流阀,20.5,117.93,73.11,0.361,0.1183,low
HDES-00131,C004,溢流阀,21.81,23.27,85.0,0.3609,0.1952,low
HDES-00132,C006,冷却器,10.78,71.01,85.96,0.2862,0.3853,medium
HDES-00133,C011,管路总成,21.68,38.04,75.67,0.4482,0.0643,low
HDES-00134,C005,蓄能器,26.97,52.94,61.56,0.3097,0.2656,medium
HDES-00135,C009,单向阀,21.3,37.39,61.78,0.3125,0.2374,low
HDES-00136,C012,卸荷阀,27.46,85.19,64.69,0.3582,0.1499,low
HDES-00137,C011,管路总成,26.01,70.22,73.7,0.2969,0.1566,low
HDES-00138,C004,溢流阀,15.89,32.39,72.27,0.345,0.2801,medium
HDES-00139,C012,卸荷阀,19.6,32.41,76.15,0.205,0.388,medium
HDES-00140,C001,液压泵总成,12.52,71.03,74.82,0.1749,0.6121,high
HDES-00141,C002,方向控制阀,15.48,96.92,66.76,0.4009,0.1406,low
HDES-00142,C004,溢流阀,28.81,106.67,73.97,0.3377,0.1414,low
HDES-00143,C008,液压油箱,17.86,98.07,91.94,0.2791,0.1416,low
HDES-00144,C001,液压泵总成,18.14,112.12,70.32,0.2792,0.3777,medium
HDES-00145,C009,单向阀,19.07,58.5,77.67,0.2395,0.2933,medium
HDES-00146,C007,过滤器,15.45,34.45,89.73,0.4118,0.0472,low
HDES-00147,C001,液压泵总成,17.53,83.83,68.76,0.4212,0.2097,low
HDES-00148,C011,管路总成,33.95,55.02,85.94,0.2359,0.2186,low
HDES-00149,C007,过滤器,14.35,59.88,94.9,0.2706,0.281,medium
HDES-00150,C005,蓄能器,25.03,65.13,74.3,0.3474,0.0952,low
HDES-00151,C007,过滤器,16.76,51.12,78.46,0.2644,0.208,low
HDES-00152,C008,液压油箱,11.19,76.63,97.81,0.3719,0.2365,low
HDES-00153,C010,节流阀,22.79,84.14,91.83,0.3076,0.1155,low
HDES-00154,C003,作动筒,13.38,72.14,81.34,0.403,0.182,low
HDES-00155,C008,液压油箱,15.86,79.68,97.22,0.166,0.3505,medium
HDES-00156,C006,冷却器,20.41,43.86,80.3,0.3869,0.0402,low
HDES-00157,C002,方向控制阀,16.29,88.25,77.59,0.3138,0.1728,low
HDES-00158,C007,过滤器,20.63,16.91,87.8,0.3797,0.0782,low
HDES-00159,C004,溢流阀,20.73,70.97,60.35,0.2365,0.4795,medium
HDES-00160,C004,溢流阀,25.81,73.5,68.45,0.3686,0.1496,low
HDES-00161,C008,液压油箱,15.9,72.13,74.53,0.4802,0.0309,low
HDES-00162,C010,节流阀,11.49,83.67,76.24,0.3164,0.2903,medium
HDES-00163,C011,管路总成,31.91,37.23,83.86,0.322,0.1478,low
HDES-00164,C006,冷却器,14.09,70.32,76.41,0.2056,0.3437,medium
HDES-00165,C001,液压泵总成,18.56,105.17,98.13,0.2971,0.2959,medium
HDES-00166,C010,节流阀,23.57,93.73,77.14,0.2955,0.1205,low
HDES-00167,C009,单向阀,21.71,32.31,83.72,0.3425,0.1376,low
HDES-00168,C010,节流阀,26.55,71.74,91.39,0.3034,0.1795,low
HDES-00169,C011,管路总成,17.22,56.57,81.8,0.2531,0.3745,medium
HDES-00170,C003,作动筒,14.41,19.93,69.76,0.3274,0.3023,medium
HDES-00171,C007,过滤器,21.55,64.84,74.76,0.3723,0.1395,low
HDES-00172,C001,液压泵总成,18.3,111.04,88.79,0.3356,0.266,medium
HDES-00173,C005,蓄能器,27.59,34.4,71.4,0.4005,0.1,low
HDES-00174,C007,过滤器,12.66,34.27,89.63,0.4352,0.1474,low
HDES-00175,C012,卸荷阀,26.51,34.11,63.33,0.4032,0.1188,low
HDES-00176,C010,节流阀,21.09,93.47,89.61,0.3467,0.128,low
HDES-00177,C011,管路总成,24.13,35.15,65.94,0.2231,0.3308,medium
HDES-00178,C010,节流阀,13.72,114.57,74.3,0.4648,0.1487,low
HDES-00179,C003,作动筒,17.97,15.51,70.5,0.247,0.2847,medium
HDES-00180,C008,液压油箱,18.5,93.64,72.22,0.3303,0.1676,low
HDES-00181,C009,单向阀,18.43,29.88,80.06,0.422,0.0,low
HDES-00182,C005,蓄能器,24.26,41.97,81.3,0.2284,0.1734,low
HDES-00183,C005,蓄能器,22.54,64.37,64.08,0.2465,0.3462,medium
HDES-00184,C004,溢流阀,20.01,60.53,83.46,0.3898,0.1436,low
HDES-00185,C004,溢流阀,27.11,67.63,86.47,0.4404,0.0,low
HDES-00186,C001,液压泵总成,27.71,102.8,75.07,0.4203,0.0007,low
HDES-00187,C006,冷却器,17.67,87.97,85.83,0.1402,0.3074,medium
HDES-00188,C007,过滤器,13.16,81.18,89.23,0.2364,0.3397,medium
HDES-00189,C009,单向阀,18.87,57.66,93.85,0.3039,0.1989,low
HDES-00190,C001,液压泵总成,25.01,83.7,73.37,0.4335,0.0672,low
HDES-00191,C001,液压泵总成,27.52,97.28,111.03,0.4759,0.0,low
HDES-00192,C006,冷却器,18.39,44.89,102.25,0.3702,0.0809,low
HDES-00193,C012,卸荷阀,22.53,61.48,78.76,0.1964,0.351,medium
HDES-00194,C006,冷却器,18.58,70.23,100.23,0.3385,0.0381,low
HDES-00195,C001,液压泵总成,21.89,75.22,66.56,0.2905,0.2733,medium
HDES-00196,C012,卸荷阀,21.28,68.79,75.63,0.3118,0.193,low
HDES-00197,C005,蓄能器,24.76,41.61,73.91,0.2033,0.3308,medium
HDES-00198,C009,单向阀,18.26,65.31,74.82,0.3114,0.1338,low
HDES-00199,C002,方向控制阀,19.19,79.61,71.0,0.4922,0.0463,low
HDES-00200,C010,节流阀,21.74,96.66,87.85,0.3142,0.1683,low
HDES-00201,C008,液压油箱,25.17,89.35,106.48,0.136,0.3555,medium
HDES-00202,C011,管路总成,26.32,42.94,85.92,0.3903,0.0265,low
HDES-00203,C003,作动筒,12.17,61.69,66.52,0.3934,0.2648,medium
HDES-00204,C004,溢流阀,25.4,44.72,84.96,0.3818,0.0302,low
HDES-00205,C008,液压油箱,14.83,63.32,77.7,0.2376,0.3332,medium
HDES-00206,C006,冷却器,16.57,40.0,92.03,0.3749,0.1362,low
HDES-00207,C002,方向控制阀,16.94,69.82,73.72,0.2611,0.2077,low
HDES-00208,C006,冷却器,19.48,52.84,74.18,0.3085,0.1604,low
HDES-00209,C008,液压油箱,24.97,117.16,96.6,0.1772,0.3214,medium
HDES-00210,C010,节流阀,13.09,88.84,82.46,0.4199,0.1377,low
HDES-00211,C003,作动筒,24.99,42.42,79.63,0.1592,0.3926,medium
HDES-00212,C011,管路总成,24.68,40.91,76.14,0.343,0.1039,low
HDES-00213,C007,过滤器,21.94,81.85,82.21,0.3302,0.1195,low
HDES-00214,C011,管路总成,33.54,49.8,78.36,0.3867,0.0889,low
HDES-00215,C006,冷却器,23.63,65.63,73.34,0.3176,0.1755,low
HDES-00216,C006,冷却器,20.38,70.82,81.26,0.4149,0.0,low
HDES-00217,C005,蓄能器,22.13,33.66,78.87,0.3885,0.0664,low
HDES-00218,C002,方向控制阀,24.44,133.54,76.79,0.3246,0.1847,low
HDES-00219,C009,单向阀,17.55,21.22,65.32,0.331,0.2747,medium
HDES-00220,C005,蓄能器,28.5,56.82,89.99,0.4325,0.0435,low
HDES-00221,C005,蓄能器,31.32,49.0,91.74,0.3308,0.0999,low
HDES-00222,C002,方向控制阀,21.95,117.6,82.9,0.3666,0.0389,low
HDES-00223,C007,过滤器,22.9,63.74,99.43,0.3601,0.1244,low
HDES-00224,C009,单向阀,19.76,62.51,89.8,0.3904,0.0416,low
HDES-00225,C009,单向阀,24.15,41.21,81.16,0.283,0.1771,low
HDES-00226,C010,节流阀,16.89,73.32,79.68,0.2712,0.2502,medium
HDES-00227,C009,单向阀,26.26,77.48,80.16,0.4145,0.0119,low
HDES-00228,C005,蓄能器,20.66,75.29,77.1,0.3489,0.1846,low
HDES-00229,C009,单向阀,15.21,38.07,67.9,0.4057,0.138,low
HDES-00230,C009,单向阀,15.2,56.26,64.66,0.3541,0.2421,low
HDES-00231,C008,液压油箱,27.07,115.64,83.55,0.2703,0.2318,low
HDES-00232,C005,蓄能器,22.0,35.13,82.53,0.2784,0.1362,low
HDES-00233,C002,方向控制阀,17.41,54.59,68.5,0.2401,0.3285,medium
HDES-00234,C001,液压泵总成,22.44,90.14,84.27,0.1721,0.3537,medium
HDES-00235,C007,过滤器,16.38,63.22,97.22,0.3478,0.1742,low
HDES-00236,C002,方向控制阀,16.2,90.06,60.41,0.2003,0.405,medium
HDES-00237,C001,液压泵总成,13.72,69.86,95.35,0.3736,0.3147,medium
HDES-00238,C004,溢流阀,26.21,28.42,90.71,0.2889,0.1098,low
HDES-00239,C002,方向控制阀,15.3,96.81,79.23,0.2325,0.3857,medium
HDES-00240,C007,过滤器,15.3,57.09,86.21,0.2332,0.3736,medium
HDES-00241,C001,液压泵总成,22.35,111.86,65.76,0.4442,0.1487,low
HDES-00242,C008,液压油箱,8.06,72.68,87.43,0.3182,0.3038,medium
HDES-00243,C009,单向阀,16.67,63.71,85.46,0.2701,0.2857,medium
HDES-00244,C004,溢流阀,33.14,69.69,93.47,0.3504,0.1254,low
HDES-00245,C001,液压泵总成,35.85,77.46,87.74,0.3974,0.0176,low
HDES-00246,C003,作动筒,14.62,62.06,97.48,0.2453,0.3179,medium
HDES-00247,C011,管路总成,16.12,34.75,94.96,0.353,0.2195,low
HDES-00248,C007,过滤器,20.38,76.46,80.56,0.2433,0.2454,low
HDES-00249,C012,卸荷阀,30.75,52.43,76.24,0.4529,0.0024,low
HDES-00250,C008,液压油箱,14.55,89.17,78.06,0.3186,0.1772,low
HDES-00251,C002,方向控制阀,19.25,104.93,77.3,0.1925,0.2712,medium
HDES-00252,C011,管路总成,25.37,98.72,63.8,0.4,0.1823,low
HDES-00253,C007,过滤器,19.61,62.31,100.99,0.3646,0.0377,low
HDES-00254,C002,方向控制阀,21.12,83.17,71.23,0.4213,0.0643,low
HDES-00255,C001,液压泵总成,22.28,92.22,75.99,0.3899,0.1302,low
HDES-00256,C002,方向控制阀,20.41,130.04,55.76,0.388,0.1584,low
HDES-00257,C012,卸荷阀,29.29,49.43,69.41,0.3996,0.0677,low
HDES-00258,C007,过滤器,35.64,23.49,80.54,0.4185,0.0,low
HDES-00259,C003,作动筒,21.12,12.0,76.53,0.2775,0.1508,low
HDES-00260,C011,管路总成,23.32,79.2,91.87,0.4112,0.0,low
HDES-00261,C011,管路总成,26.55,54.69,84.41,0.3018,0.1759,low
HDES-00262,C002,方向控制阀,25.74,64.84,72.32,0.1618,0.432,medium
HDES-00263,C009,单向阀,28.17,60.57,91.28,0.2217,0.2613,medium
HDES-00264,C005,蓄能器,15.25,61.16,75.16,0.3521,0.2515,medium
HDES-00265,C012,卸荷阀,22.84,45.39,68.82,0.448,0.13,low
HDES-00266,C001,液压泵总成,23.64,64.36,67.29,0.3743,0.1749,low
HDES-00267,C008,液压油箱,16.93,88.46,79.39,0.1966,0.2613,medium
HDES-00268,C001,液压泵总成,25.6,95.75,83.83,0.221,0.2987,medium
HDES-00269,C010,节流阀,14.51,91.55,82.36,0.2531,0.2671,medium
HDES-00270,C005,蓄能器,25.21,73.94,77.65,0.3279,0.1168,low
HDES-00271,C006,冷却器,26.08,54.67,80.66,0.4067,0.0024,low
HDES-00272,C002,方向控制阀,16.77,69.25,68.31,0.4016,0.0635,low
HDES-00273,C006,冷却器,24.26,50.8,68.05,0.4605,0.0259,low
HDES-00274,C005,蓄能器,24.96,33.81,78.83,0.4146,0.0158,low
HDES-00275,C004,溢流阀,25.07,60.76,79.76,0.3363,0.1146,low
HDES-00276,C003,作动筒,21.44,67.26,85.53,0.2954,0.1598,low
HDES-00277,C011,管路总成,18.86,35.49,75.6,0.3703,0.1963,low
HDES-00278,C006,冷却器,17.15,75.02,76.58,0.3414,0.0879,low
HDES-00279,C005,蓄能器,24.58,44.5,86.66,0.1735,0.2934,medium
HDES-00280,C005,蓄能器,27.67,54.91,75.09,0.3966,0.0625,low
HDES-00281,C012,卸荷阀,17.89,69.03,84.32,0.3908,0.1771,low
HDES-00282,C011,管路总成,19.23,60.5,77.23,0.2487,0.3132,medium
HDES-00283,C002,方向控制阀,27.39,109.73,79.34,0.3504,0.0916,low
HDES-00284,C009,单向阀,14.45,73.72,59.0,0.2795,0.3877,medium
HDES-00285,C009,单向阀,14.41,36.06,76.78,0.4598,0.0717,low
HDES-00286,C003,作动筒,18.8,58.68,70.27,0.3315,0.0969,low
HDES-00287,C008,液压油箱,18.66,94.05,69.76,0.317,0.1707,low
HDES-00288,C002,方向控制阀,14.74,103.91,79.21,0.357,0.1638,low
HDES-00289,C007,过滤器,10.27,61.63,64.42,0.4002,0.3098,medium
HDES-00290,C011,管路总成,21.79,53.41,75.7,0.302,0.2419,low
HDES-00291,C002,方向控制阀,23.88,68.38,62.64,0.4428,0.0872,low
HDES-00292,C006,冷却器,20.31,57.77,77.97,0.3327,0.0999,low
HDES-00293,C010,节流阀,14.31,71.99,75.26,0.2821,0.327,medium
HDES-00294,C002,方向控制阀,19.31,82.97,93.08,0.3339,0.1194,low
HDES-00295,C004,溢流阀,21.74,43.62,86.16,0.2776,0.2622,medium
HDES-00296,C003,作动筒,17.86,56.43,86.46,0.2985,0.1809,low
HDES-00297,C003,作动筒,15.88,88.26,99.51,0.4492,0.0985,low
HDES-00298,C007,过滤器,11.29,54.85,85.5,0.2413,0.3652,medium
HDES-00299,C010,节流阀,17.47,65.25,71.68,0.3641,0.1457,low
HDES-00300,C005,蓄能器,28.92,57.4,81.08,0.2102,0.243,low
HDES-00301,C010,节流阀,18.72,123.8,83.72,0.3401,0.1514,low
HDES-00302,C012,卸荷阀,14.5,46.47,83.9,0.2551,0.4432,medium
HDES-00303,C002,方向控制阀,14.78,66.43,53.99,0.3417,0.4543,medium
HDES-00304,C001,液压泵总成,33.48,99.61,72.54,0.2091,0.3004,medium
HDES-00305,C002,方向控制阀,19.46,127.65,79.97,0.3086,0.1587,low
HDES-00306,C002,方向控制阀,15.2,55.9,86.61,0.4379,0.1264,low
HDES-00307,C010,节流阀,17.66,95.01,81.9,0.409,0.0471,low
HDES-00308,C004,溢流阀,17.51,35.95,85.92,0.4643,0.1654,low
HDES-00309,C010,节流阀,16.32,92.94,68.64,0.2526,0.3214,medium
HDES-00310,C010,节流阀,22.79,88.31,71.88,0.2999,0.1876,low
HDES-00311,C005,蓄能器,23.31,64.83,73.88,0.4032,0.0481,low
HDES-00312,C006,冷却器,25.75,74.24,105.89,0.3188,0.154,low
HDES-00313,C001,液压泵总成,25.49,93.11,72.56,0.206,0.3322,medium
HDES-00314,C006,冷却器,15.85,32.44,80.75,0.4411,0.0581,low
HDES-00315,C012,卸荷阀,24.62,47.48,75.65,0.2049,0.2667,medium
HDES-00316,C009,单向阀,20.76,44.61,90.31,0.2407,0.2099,low
HDES-00317,C003,作动筒,11.83,52.73,81.29,0.4115,0.1328,low
HDES-00318,C002,方向控制阀,23.44,104.71,81.03,0.2415,0.2388,low
HDES-00319,C006,冷却器,13.33,87.18,93.67,0.3332,0.2397,low
HDES-00320,C004,溢流阀,26.26,52.55,79.32,0.2906,0.1112,low
HDES-00321,C008,液压油箱,23.39,78.29,84.35,0.1282,0.3304,medium
HDES-00322,C011,管路总成,23.79,12.0,74.34,0.2844,0.1469,low
HDES-00323,C012,卸荷阀,30.86,64.89,92.68,0.3977,0.0,low
HDES-00324,C006,冷却器,20.39,15.86,79.85,0.2323,0.2505,medium
HDES-00325,C008,液压油箱,15.44,144.72,72.15,0.2816,0.2939,medium
HDES-00326,C003,作动筒,14.41,65.04,87.27,0.4781,0.1092,low
HDES-00327,C001,液压泵总成,11.22,82.38,85.03,0.3213,0.3895,medium
HDES-00328,C011,管路总成,22.79,58.61,81.66,0.4377,0.0588,low
HDES-00329,C003,作动筒,17.34,34.26,89.08,0.3601,0.0805,low
HDES-00330,C001,液压泵总成,26.6,63.05,82.24,0.4744,0.0199,low
HDES-00331,C007,过滤器,12.85,65.34,91.0,0.2075,0.3398,medium
HDES-00332,C007,过滤器,21.18,58.21,82.94,0.421,0.0,low
HDES-00333,C009,单向阀,19.16,55.83,72.27,0.2826,0.224,low
HDES-00334,C003,作动筒,25.54,75.31,79.72,0.4545,0.0,low
HDES-00335,C008,液压油箱,23.2,89.46,91.38,0.3186,0.1561,low
HDES-00336,C008,液压油箱,18.36,122.91,69.41,0.3213,0.1537,low
HDES-00337,C010,节流阀,27.23,114.17,74.9,0.2631,0.2231,low
HDES-00338,C012,卸荷阀,21.06,48.7,83.42,0.2466,0.2842,medium
HDES-00339,C007,过滤器,15.19,36.75,78.12,0.2657,0.2481,low
HDES-00340,C005,蓄能器,22.93,45.11,78.93,0.3698,0.1163,low
HDES-00341,C008,液压油箱,16.22,93.93,75.46,0.3398,0.1022,low
HDES-00342,C012,卸荷阀,21.92,53.33,88.68,0.3345,0.1837,low
HDES-00343,C005,蓄能器,19.24,61.28,101.56,0.3875,0.116,low
HDES-00344,C010,节流阀,19.37,105.47,72.03,0.3581,0.1277,low
HDES-00345,C010,节流阀,17.17,108.79,78.89,0.4106,0.0747,low
HDES-00346,C010,节流阀,20.3,79.33,82.88,0.3053,0.1218,low
HDES-00347,C006,冷却器,15.81,40.17,79.83,0.4059,0.0331,low
HDES-00348,C001,液压泵总成,23.56,82.7,90.96,0.3314,0.1553,low
HDES-00349,C003,作动筒,6.73,12.0,72.6,0.4271,0.3151,medium
HDES-00350,C009,单向阀,16.31,71.78,62.57,0.3778,0.2473,low
HDES-00351,C008,液压油箱,21.25,53.22,80.19,0.3222,0.0716,low
HDES-00352,C005,蓄能器,26.21,47.98,90.61,0.3379,0.1267,low
HDES-00353,C003,作动筒,20.75,55.94,74.79,0.2355,0.1887,low
HDES-00354,C008,液压油箱,15.66,91.32,83.63,0.3894,0.0331,low
HDES-00355,C011,管路总成,15.11,24.49,88.75,0.3857,0.2525,medium
HDES-00356,C001,液压泵总成,25.45,79.71,87.27,0.34,0.1074,low
HDES-00357,C003,作动筒,17.86,73.76,101.73,0.2706,0.1862,low
HDES-00358,C007,过滤器,19.24,15.73,85.58,0.2653,0.1945,low
HDES-00359,C001,液压泵总成,26.13,86.33,72.24,0.3228,0.1353,low
HDES-00360,C003,作动筒,17.58,61.69,83.2,0.4013,0.0522,low
HDES-00361,C005,蓄能器,17.82,64.28,107.88,0.3754,0.1793,low
HDES-00362,C004,溢流阀,28.79,50.24,70.61,0.3367,0.205,low
HDES-00363,C008,液压油箱,13.91,101.71,84.71,0.394,0.1213,low
HDES-00364,C007,过滤器,16.62,46.26,90.22,0.4135,0.075,low
HDES-00365,C001,液压泵总成,27.04,76.68,98.68,0.3981,0.0,low
HDES-00366,C003,作动筒,16.95,40.29,98.02,0.4122,0.0,low
HDES-00367,C009,单向阀,16.04,68.71,74.85,0.4173,0.0536,low
HDES-00368,C006,冷却器,18.28,36.95,85.86,0.4288,0.0,low
HDES-00369,C008,液压油箱,27.62,115.98,97.05,0.3363,0.1359,low
HDES-00370,C007,过滤器,23.19,75.99,86.95,0.4306,0.0,low
HDES-00371,C005,蓄能器,27.2,61.23,81.88,0.3812,0.0089,low
HDES-00372,C011,管路总成,25.79,54.55,105.65,0.334,0.1276,low
HDES-00373,C012,卸荷阀,21.83,89.57,85.35,0.3481,0.1521,low
HDES-00374,C011,管路总成,19.43,69.75,95.55,0.2991,0.2926,medium
HDES-00375,C008,液压油箱,18.73,100.95,81.95,0.2931,0.1246,low
HDES-00376,C008,液压油箱,16.06,115.66,59.25,0.3971,0.2142,low
HDES-00377,C011,管路总成,20.52,30.33,58.19,0.39,0.3276,medium
HDES-00378,C003,作动筒,21.2,75.73,66.2,0.3021,0.2309,low
HDES-00379,C001,液压泵总成,27.15,113.62,80.72,0.4616,0.0095,low
HDES-00380,C001,液压泵总成,28.07,92.09,85.46,0.3468,0.0945,low
HDES-00381,C008,液压油箱,22.86,97.62,78.17,0.4664,0.0,low
HDES-00382,C011,管路总成,19.79,62.41,71.31,0.3181,0.3373,medium
HDES-00383,C003,作动筒,29.59,69.88,75.41,0.0913,0.4192,medium
HDES-00384,C012,卸荷阀,30.82,26.62,59.37,0.2875,0.2782,medium
HDES-00385,C002,方向控制阀,13.65,110.81,85.88,0.397,0.1582,low
HDES-00386,C001,液压泵总成,25.21,126.66,71.74,0.327,0.1109,low
HDES-00387,C011,管路总成,21.31,46.43,62.37,0.253,0.3832,medium
HDES-00388,C001,液压泵总成,24.14,81.91,96.8,0.3567,0.0254,low
HDES-00389,C001,液压泵总成,22.75,63.88,84.94,0.3731,0.0666,low
HDES-00390,C005,蓄能器,21.97,62.2,72.06,0.4467,0.0858,low
HDES-00391,C012,卸荷阀,24.78,73.09,92.43,0.3503,0.0454,low
HDES-00392,C002,方向控制阀,12.86,99.63,76.62,0.3103,0.306,medium
HDES-00393,C008,液压油箱,19.5,91.27,87.35,0.3933,0.0573,low
HDES-00394,C006,冷却器,23.86,67.65,76.75,0.2759,0.1465,low
HDES-00395,C006,冷却器,21.09,66.76,74.05,0.2551,0.226,low
HDES-00396,C004,溢流阀,26.91,79.21,88.75,0.3453,0.0543,low
HDES-00397,C004,溢流阀,19.93,52.49,93.56,0.4182,0.0705,low
HDES-00398,C006,冷却器,24.64,68.69,91.99,0.4489,0.0114,low
HDES-00399,C009,单向阀,11.76,48.7,82.42,0.4098,0.115,low
HDES-00400,C004,溢流阀,26.23,67.84,86.7,0.2974,0.1837,low
HDES-00401,C009,单向阀,21.38,48.04,89.86,0.3609,0.0902,low
HDES-00402,C003,作动筒,17.03,61.34,87.1,0.3657,0.0995,low
HDES-00403,C010,节流阀,11.51,91.36,86.06,0.2863,0.325,medium
HDES-00404,C006,冷却器,15.5,42.76,81.92,0.3936,0.0807,low
HDES-00405,C002,方向控制阀,13.09,76.2,78.72,0.2586,0.2832,medium
HDES-00406,C005,蓄能器,25.03,78.09,84.68,0.3095,0.1474,low
HDES-00407,C010,节流阀,11.69,108.79,73.08,0.2546,0.3332,medium
HDES-00408,C011,管路总成,21.63,61.22,95.38,0.1918,0.3828,medium
HDES-00409,C012,卸荷阀,18.75,76.88,68.52,0.2887,0.3139,medium
HDES-00410,C005,蓄能器,25.42,54.72,84.66,0.3461,0.1443,low
HDES-00411,C004,溢流阀,23.48,79.13,70.12,0.4262,0.063,low
HDES-00412,C004,溢流阀,16.61,49.87,88.21,0.3605,0.2758,medium
HDES-00413,C011,管路总成,17.88,73.39,80.18,0.4371,0.126,low
HDES-00414,C012,卸荷阀,21.38,85.41,89.91,0.2979,0.2509,medium
HDES-00415,C011,管路总成,28.56,36.39,91.89,0.2644,0.1906,low
HDES-00416,C002,方向控制阀,10.55,73.16,78.7,0.3878,0.1726,low
HDES-00417,C009,单向阀,14.32,61.32,75.85,0.2621,0.311,medium
HDES-00418,C003,作动筒,21.74,39.74,76.75,0.3618,0.0636,low
HDES-00419,C007,过滤器,14.24,31.19,86.35,0.3012,0.1883,low
HDES-00420,C009,单向阀,9.08,45.59,95.25,0.4253,0.202,low
HDES-00421,C006,冷却器,13.7,74.98,88.38,0.4152,0.1318,low
HDES-00422,C012,卸荷阀,27.71,56.6,72.87,0.1426,0.3419,medium
HDES-00423,C007,过滤器,17.04,86.89,100.22,0.3122,0.1767,low
HDES-00424,C007,过滤器,22.79,61.08,92.77,0.2877,0.1626,low
HDES-00425,C012,卸荷阀,28.36,68.08,79.82,0.3952,0.0,low
HDES-00426,C006,冷却器,15.72,18.88,85.95,0.2483,0.2379,low
HDES-00427,C001,液压泵总成,26.77,82.68,62.22,0.4214,0.1138,low
HDES-00428,C010,节流阀,22.49,68.58,80.07,0.3473,0.1234,low
HDES-00429,C008,液压油箱,18.07,111.67,92.68,0.2752,0.2369,low
HDES-00430,C009,单向阀,21.15,64.26,78.33,0.3681,0.1376,low
HDES-00431,C001,液压泵总成,24.32,87.18,65.94,0.2325,0.3432,medium
HDES-00432,C010,节流阀,23.12,118.68,89.27,0.3854,0.0684,low
HDES-00433,C010,节流阀,15.0,106.59,68.78,0.4549,0.1413,low
HDES-00434,C001,液压泵总成,23.31,102.68,60.86,0.3624,0.269,medium
HDES-00435,C012,卸荷阀,30.34,12.0,80.32,0.248,0.2637,medium
HDES-00436,C003,作动筒,24.62,83.56,69.81,0.1614,0.2966,medium
HDES-00437,C003,作动筒,17.27,58.14,68.05,0.2987,0.278,medium
HDES-00438,C007,过滤器,21.08,51.82,89.46,0.3005,0.1781,low
HDES-00439,C002,方向控制阀,17.57,83.14,80.59,0.4321,0.0628,low
HDES-00440,C011,管路总成,21.85,76.14,94.74,0.2507,0.238,low
HDES-00441,C001,液压泵总成,28.38,79.62,69.35,0.4029,0.111,low
HDES-00442,C009,单向阀,13.9,54.58,83.88,0.2871,0.2649,medium
HDES-00443,C012,卸荷阀,22.91,51.88,73.39,0.2237,0.2937,medium
HDES-00444,C002,方向控制阀,15.74,91.51,71.75,0.2982,0.2473,low
HDES-00445,C010,节流阀,13.66,108.21,76.14,0.3851,0.1481,low
HDES-00446,C009,单向阀,20.95,52.2,87.96,0.3421,0.1922,low
HDES-00447,C008,液压油箱,15.33,105.32,85.6,0.2681,0.2676,medium
HDES-00448,C011,管路总成,31.28,70.77,76.91,0.4285,0.005,low
HDES-00449,C002,方向控制阀,15.43,99.16,66.24,0.2446,0.405,medium
HDES-00450,C007,过滤器,18.28,61.27,65.26,0.2517,0.3705,medium
HDES-00451,C004,溢流阀,16.94,60.02,83.75,0.3373,0.3117,medium
HDES-00452,C005,蓄能器,29.36,47.43,66.05,0.4443,0.053,low
HDES-00453,C002,方向控制阀,20.99,104.62,83.89,0.4471,0.0,low
HDES-00454,C006,冷却器,9.51,47.61,98.71,0.3296,0.2864,medium
HDES-00455,C007,过滤器,18.11,43.08,84.85,0.3693,0.0468,low
HDES-00456,C011,管路总成,23.68,42.89,97.33,0.3617,0.0452,low
HDES-00457,C007,过滤器,22.13,79.56,94.59,0.2427,0.2511,medium
HDES-00458,C006,冷却器,30.65,77.54,66.3,0.4023,0.0964,low
HDES-00459,C002,方向控制阀,19.17,78.54,80.71,0.3021,0.132,low
HDES-00460,C007,过滤器,16.39,35.16,77.47,0.2055,0.3157,medium
HDES-00461,C001,液压泵总成,15.35,87.52,63.01,0.4483,0.3558,medium
HDES-00462,C008,液压油箱,18.66,106.15,87.37,0.258,0.2748,medium
HDES-00463,C004,溢流阀,18.88,52.32,65.24,0.3173,0.3168,medium
HDES-00464,C012,卸荷阀,24.89,29.84,66.37,0.4118,0.0902,low
HDES-00465,C012,卸荷阀,23.77,73.67,75.37,0.3199,0.161,low
HDES-00466,C002,方向控制阀,20.59,73.88,86.08,0.4059,0.065,low
HDES-00467,C001,液压泵总成,22.57,69.32,71.92,0.323,0.2022,low
HDES-00468,C002,方向控制阀,15.01,74.83,72.06,0.2003,0.3982,medium
HDES-00469,C001,液压泵总成,25.02,95.34,83.74,0.1535,0.3594,medium
HDES-00470,C005,蓄能器,26.08,40.19,77.21,0.2727,0.2136,low
HDES-00471,C009,单向阀,11.4,47.86,79.48,0.2839,0.3653,medium
HDES-00472,C011,管路总成,26.74,14.36,96.76,0.2,0.3177,medium
HDES-00473,C008,液压油箱,14.91,84.2,76.37,0.4335,0.0735,low
HDES-00474,C007,过滤器,22.94,57.79,92.13,0.3611,0.0646,low
HDES-00475,C009,单向阀,14.14,62.18,82.25,0.3966,0.0957,low
HDES-00476,C001,液压泵总成,23.97,96.94,70.46,0.3471,0.1294,low
HDES-00477,C009,单向阀,12.33,43.44,77.85,0.3694,0.1995,low
HDES-00478,C009,单向阀,22.47,83.79,69.0,0.3466,0.1919,low
HDES-00479,C007,过滤器,26.17,88.5,76.0,0.4172,0.0061,low
HDES-00480,C011,管路总成,15.97,26.39,62.81,0.286,0.4222,medium
HDES-00481,C012,卸荷阀,25.75,55.76,96.59,0.3884,0.0438,low
HDES-00482,C003,作动筒,16.61,96.63,61.8,0.1962,0.4176,medium
HDES-00483,C003,作动筒,19.6,83.37,62.55,0.3107,0.2277,low
HDES-00484,C008,液压油箱,20.54,89.32,82.62,0.2566,0.2517,medium
HDES-00485,C010,节流阀,23.92,67.09,65.44,0.3143,0.1812,low
HDES-00486,C012,卸荷阀,16.68,35.88,73.64,0.3363,0.2756,medium
HDES-00487,C004,溢流阀,32.09,53.23,67.1,0.316,0.1419,low
HDES-00488,C007,过滤器,23.04,37.14,101.55,0.1889,0.2984,medium
HDES-00489,C007,过滤器,19.77,26.19,74.79,0.2286,0.3111,medium
HDES-00490,C004,溢流阀,32.06,79.87,94.09,0.4466,0.0143,low
HDES-00491,C009,单向阀,22.12,12.0,63.9,0.2585,0.2709,medium
HDES-00492,C001,液压泵总成,32.84,81.35,72.75,0.2789,0.2237,low
HDES-00493,C011,管路总成,26.45,81.39,73.62,0.3255,0.0997,low
HDES-00494,C010,节流阀,17.17,99.18,69.64,0.2823,0.2394,low
HDES-00495,C001,液压泵总成,18.51,110.85,79.63,0.1697,0.4549,medium
HDES-00496,C012,卸荷阀,21.26,63.3,70.34,0.3922,0.1659,low
HDES-00497,C002,方向控制阀,20.43,74.39,76.45,0.3919,0.0,low
HDES-00498,C006,冷却器,20.39,61.8,86.48,0.3335,0.0593,low
HDES-00499,C010,节流阀,28.18,109.84,69.55,0.2634,0.2238,low
HDES-00500,C012,卸荷阀,25.03,93.32,81.03,0.3133,0.1256,low
HDES-00501,C007,过滤器,23.33,12.0,82.37,0.4674,0.0,low
HDES-00502,C006,冷却器,21.89,53.87,75.39,0.3793,0.0019,low
HDES-00503,C008,液压油箱,16.69,68.28,92.86,0.3228,0.1948,low
HDES-00504,C012,卸荷阀,27.66,40.15,83.09,0.3174,0.0919,low
HDES-00505,C005,蓄能器,22.7,36.97,85.23,0.3201,0.1296,low
HDES-00506,C012,卸荷阀,16.51,23.28,55.42,0.3323,0.4241,medium
HDES-00507,C010,节流阀,14.36,81.05,79.28,0.3618,0.171,low
HDES-00508,C003,作动筒,23.99,55.49,84.19,0.2099,0.262,medium
HDES-00509,C012,卸荷阀,28.39,62.22,62.44,0.4246,0.143,low
HDES-00510,C011,管路总成,27.84,57.79,77.42,0.4058,0.0545,low
HDES-00511,C008,液压油箱,13.64,96.07,67.08,0.3186,0.3185,medium
HDES-00512,C005,蓄能器,18.51,66.63,72.44,0.2764,0.3535,medium
HDES-00513,C002,方向控制阀,13.51,77.69,96.08,0.2624,0.3809,medium
HDES-00514,C006,冷却器,14.05,38.65,100.19,0.3435,0.2476,low
HDES-00515,C010,节流阀,17.68,102.2,91.74,0.3408,0.1619,low
HDES-00516,C005,蓄能器,32.53,66.53,74.64,0.4594,0.0,low
HDES-00517,C009,单向阀,16.32,91.89,79.2,0.3277,0.2168,low
HDES-00518,C008,液压油箱,15.95,112.94,91.5,0.3026,0.2504,medium
HDES-00519,C011,管路总成,19.89,70.2,84.88,0.4856,0.1104,low
HDES-00520,C010,节流阀,17.47,99.44,93.68,0.309,0.1375,low
HDES-00521,C002,方向控制阀,18.97,93.49,73.64,0.3492,0.0936,low
HDES-00522,C001,液压泵总成,21.38,110.21,88.66,0.3586,0.1503,low
HDES-00523,C004,溢流阀,23.47,67.21,86.17,0.3618,0.0789,low
HDES-00524,C008,液压油箱,27.4,98.7,79.77,0.3574,0.1604,low
HDES-00525,C012,卸荷阀,19.21,40.57,59.36,0.3733,0.368,medium
HDES-00526,C001,液压泵总成,22.53,130.8,79.39,0.4466,0.0,low
HDES-00527,C009,单向阀,17.7,33.92,94.35,0.3202,0.168,low
HDES-00528,C004,溢流阀,23.88,25.8,78.75,0.2136,0.3103,medium
HDES-00529,C006,冷却器,13.4,64.65,91.56,0.2999,0.3372,medium
HDES-00530,C012,卸荷阀,23.63,44.7,85.56,0.4375,0.0494,low
HDES-00531,C007,过滤器,18.78,56.73,80.94,0.3288,0.1723,low
HDES-00532,C009,单向阀,18.78,12.0,71.62,0.4035,0.0534,low
HDES-00533,C007,过滤器,13.11,65.89,99.42,0.2454,0.3674,medium
HDES-00534,C012,卸荷阀,22.69,36.85,66.8,0.4439,0.1224,low
HDES-00535,C007,过滤器,8.58,73.61,82.04,0.3104,0.3943,medium
HDES-00536,C011,管路总成,33.84,48.17,82.07,0.3403,0.133,low
HDES-00537,C001,液压泵总成,27.99,96.74,91.38,0.3174,0.1225,low
HDES-00538,C005,蓄能器,33.23,53.85,81.9,0.3564,0.003,low
HDES-00539,C007,过滤器,17.92,48.02,76.33,0.2875,0.1403,low
HDES-00540,C010,节流阀,13.25,103.68,72.36,0.2812,0.2863,medium
HDES-00541,C002,方向控制阀,24.63,57.61,70.26,0.227,0.2909,medium
HDES-00542,C009,单向阀,26.89,54.59,81.87,0.3033,0.0895,low
HDES-00543,C001,液压泵总成,29.53,89.69,58.16,0.3925,0.2013,low
HDES-00544,C003,作动筒,11.83,44.17,70.22,0.2248,0.4147,medium
HDES-00545,C008,液压油箱,21.31,79.82,78.98,0.4459,0.0,low
HDES-00546,C010,节流阀,20.21,62.7,83.4,0.2437,0.2389,low
HDES-00547,C007,过滤器,12.87,43.54,78.17,0.2816,0.3504,medium
HDES-00548,C001,液压泵总成,16.26,67.41,89.14,0.2915,0.3989,medium
HDES-00549,C007,过滤器,20.18,89.43,85.16,0.1781,0.3118,medium
HDES-00550,C008,液压油箱,22.12,93.86,83.28,0.2989,0.1115,low
HDES-00551,C010,节流阀,15.45,64.73,74.82,0.1275,0.4654,medium
HDES-00552,C006,冷却器,8.35,65.06,68.74,0.4105,0.327,medium
HDES-00553,C008,液压油箱,7.54,123.9,90.91,0.1482,0.5959,high
HDES-00554,C012,卸荷阀,19.9,51.47,66.32,0.4501,0.2032,low
HDES-00555,C002,方向控制阀,17.6,89.56,97.95,0.2571,0.2333,low
HDES-00556,C004,溢流阀,30.06,62.8,87.46,0.4128,0.099,low
HDES-00557,C004,溢流阀,24.5,54.46,71.46,0.2666,0.2759,medium
HDES-00558,C009,单向阀,23.77,30.33,67.3,0.3055,0.1913,low
HDES-00559,C006,冷却器,13.21,48.09,70.85,0.2909,0.2876,medium
HDES-00560,C004,溢流阀,28.61,24.01,75.95,0.2586,0.1697,low
HDES-00561,C008,液压油箱,18.19,75.4,89.63,0.276,0.1333,low
HDES-00562,C003,作动筒,22.64,69.33,80.41,0.3483,0.1369,low
HDES-00563,C001,液压泵总成,27.63,88.58,73.86,0.3336,0.1667,low
HDES-00564,C006,冷却器,15.63,65.84,105.33,0.3206,0.2067,low
HDES-00565,C001,液压泵总成,25.39,66.0,85.51,0.4161,0.0,low
HDES-00566,C009,单向阀,16.99,71.33,77.9,0.4442,0.0141,low
HDES-00567,C008,液压油箱,15.43,101.35,82.44,0.306,0.2364,low
HDES-00568,C003,作动筒,14.19,34.09,82.65,0.3753,0.1323,low
HDES-00569,C003,作动筒,6.0,54.11,81.41,0.3237,0.3635,medium
HDES-00570,C012,卸荷阀,23.72,63.07,77.55,0.1579,0.374,medium
HDES-00571,C011,管路总成,29.97,39.42,87.47,0.2544,0.1523,low
HDES-00572,C004,溢流阀,29.83,59.34,101.23,0.2514,0.2209,low
HDES-00573,C012,卸荷阀,32.21,53.18,70.62,0.3171,0.1998,low
HDES-00574,C012,卸荷阀,24.41,64.14,83.06,0.3627,0.0941,low
HDES-00575,C008,液压油箱,12.47,114.53,62.61,0.3163,0.3878,medium
HDES-00576,C004,溢流阀,23.16,52.81,73.77,0.3155,0.198,low
HDES-00577,C011,管路总成,21.45,53.3,79.31,0.4506,0.0179,low
HDES-00578,C001,液压泵总成,23.51,88.33,89.35,0.2034,0.2508,medium
HDES-00579,C005,蓄能器,16.94,80.75,78.57,0.2657,0.4022,medium
HDES-00580,C012,卸荷阀,17.4,57.7,66.73,0.2469,0.4912,medium
HDES-00581,C010,节流阀,22.84,79.47,75.14,0.3604,0.0514,low
HDES-00582,C006,冷却器,18.75,83.7,93.02,0.3442,0.0514,low
HDES-00583,C003,作动筒,29.57,55.08,78.32,0.3672,0.1103,low
HDES-00584,C008,液压油箱,16.03,87.29,77.22,0.2143,0.3029,medium
HDES-00585,C006,冷却器,27.69,73.77,74.71,0.4137,0.0406,low
HDES-00586,C012,卸荷阀,21.39,32.4,83.93,0.2801,0.2845,medium
HDES-00587,C008,液压油箱,12.49,100.81,73.5,0.2167,0.4365,medium
HDES-00588,C011,管路总成,26.04,62.92,74.03,0.2844,0.1438,low
HDES-00589,C004,溢流阀,24.65,32.69,93.09,0.407,0.0129,low
HDES-00590,C011,管路总成,24.57,36.65,77.33,0.2002,0.2578,medium
HDES-00591,C008,液压油箱,6.0,72.78,79.12,0.3839,0.2458,low
HDES-00592,C012,卸荷阀,21.25,68.01,84.46,0.3319,0.1207,low
HDES-00593,C006,冷却器,17.27,49.23,77.41,0.3087,0.1748,low
HDES-00594,C010,节流阀,26.95,88.8,66.72,0.434,0.1019,low
HDES-00595,C008,液压油箱,18.24,100.07,87.26,0.3619,0.0,low
HDES-00596,C010,节流阀,18.28,127.16,87.42,0.4852,0.0,low
HDES-00597,C004,溢流阀,24.88,53.64,105.84,0.3818,0.0185,low
HDES-00598,C008,液压油箱,19.91,94.1,81.34,0.2713,0.2489,low
HDES-00599,C006,冷却器,22.91,53.45,82.65,0.2793,0.2253,low
HDES-00600,C001,液压泵总成,20.46,124.42,62.6,0.4015,0.2011,low
HDES-00601,C006,冷却器,28.48,62.84,96.34,0.1684,0.3344,medium
HDES-00602,C012,卸荷阀,27.51,38.76,96.43,0.3365,0.0835,low
HDES-00603,C009,单向阀,23.84,48.15,72.72,0.4335,0.02,low
HDES-00604,C006,冷却器,22.81,72.34,78.63,0.2976,0.1657,low
HDES-00605,C006,冷却器,17.78,59.0,78.19,0.3352,0.0784,low
HDES-00606,C010,节流阀,21.41,67.38,74.97,0.4039,0.1203,low
HDES-00607,C012,卸荷阀,33.09,36.32,69.33,0.202,0.3395,medium
HDES-00608,C007,过滤器,12.02,47.45,106.44,0.4291,0.1777,low
HDES-00609,C010,节流阀,19.44,71.99,76.56,0.2013,0.2987,medium
HDES-00610,C010,节流阀,16.39,77.04,84.32,0.2306,0.2645,medium
HDES-00611,C003,作动筒,24.3,62.31,96.03,0.2675,0.2453,low
HDES-00612,C008,液压油箱,20.29,81.81,67.07,0.3292,0.2168,low
HDES-00613,C001,液压泵总成,16.1,96.19,67.69,0.4124,0.2974,medium
HDES-00614,C005,蓄能器,22.83,58.14,81.22,0.3613,0.098,low
HDES-00615,C007,过滤器,19.01,49.25,80.53,0.3102,0.1329,low
HDES-00616,C005,蓄能器,19.08,71.86,76.09,0.3214,0.2812,medium
HDES-00617,C004,溢流阀,17.58,75.72,76.44,0.4155,0.2015,low
HDES-00618,C002,方向控制阀,11.74,94.52,70.36,0.2916,0.3295,medium
HDES-00619,C007,过滤器,16.5,45.26,65.02,0.1848,0.4521,medium
HDES-00620,C005,蓄能器,26.7,56.61,76.66,0.3147,0.1514,low
HDES-00621,C006,冷却器,18.2,51.31,91.36,0.3536,0.0347,low
HDES-00622,C005,蓄能器,26.5,43.89,80.1,0.3599,0.0497,low
HDES-00623,C004,溢流阀,29.44,42.0,67.61,0.3945,0.0924,low
HDES-00624,C009,单向阀,14.39,66.32,70.2,0.2935,0.2911,medium
HDES-00625,C003,作动筒,18.39,66.92,70.22,0.3353,0.2217,low
HDES-00626,C008,液压油箱,12.54,79.7,86.1,0.3324,0.2651,medium
HDES-00627,C007,过滤器,19.11,52.04,81.73,0.3369,0.0887,low
HDES-00628,C010,节流阀,19.54,102.57,96.94,0.3218,0.0988,low
HDES-00629,C011,管路总成,26.0,31.57,73.51,0.3461,0.1071,low
HDES-00630,C002,方向控制阀,22.12,77.3,70.59,0.2839,0.2162,low
HDES-00631,C004,溢流阀,28.23,59.67,55.44,0.4257,0.1569,low
HDES-00632,C005,蓄能器,19.43,90.23,66.61,0.3535,0.1944,low
HDES-00633,C002,方向控制阀,19.18,76.08,85.77,0.2415,0.2185,low
HDES-00634,C005,蓄能器,25.89,43.28,87.22,0.4351,0.0308,low
HDES-00635,C011,管路总成,28.71,72.84,71.69,0.2661,0.2266,low
HDES-00636,C006,冷却器,13.93,43.12,88.83,0.3647,0.1978,low
HDES-00637,C004,溢流阀,26.07,36.62,95.42,0.2328,0.2615,medium
HDES-00638,C009,单向阀,19.27,38.41,61.74,0.253,0.37,medium
HDES-00639,C004,溢流阀,21.24,48.57,68.32,0.2061,0.3965,medium
HDES-00640,C007,过滤器,27.67,31.58,87.24,0.367,0.0778,low
HDES-00641,C011,管路总成,26.03,62.09,84.28,0.3791,0.0571,low
HDES-00642,C002,方向控制阀,23.93,100.59,95.34,0.2263,0.2487,low
HDES-00643,C010,节流阀,15.64,80.64,77.48,0.3505,0.2195,low
HDES-00644,C012,卸荷阀,36.97,56.83,90.2,0.4388,0.0,low
HDES-00645,C006,冷却器,16.15,46.86,83.32,0.1444,0.4187,medium
HDES-00646,C003,作动筒,27.39,61.69,65.35,0.4445,0.0902,low
HDES-00647,C010,节流阀,13.94,119.1,79.12,0.1504,0.3875,medium
HDES-00648,C001,液压泵总成,18.6,119.86,91.66,0.3424,0.2184,low
HDES-00649,C009,单向阀,15.98,46.26,66.49,0.2896,0.2867,medium
HDES-00650,C001,液压泵总成,25.82,99.88,53.7,0.2512,0.4225,medium
HDES-00651,C003,作动筒,18.92,45.07,69.58,0.4313,0.0799,low
HDES-00652,C012,卸荷阀,20.64,70.58,81.41,0.3245,0.1797,low
HDES-00653,C003,作动筒,17.59,39.59,86.18,0.3457,0.0809,low
HDES-00654,C004,溢流阀,21.77,30.35,77.14,0.3431,0.0888,low
HDES-00655,C010,节流阀,14.06,98.71,81.51,0.4064,0.1415,low
HDES-00656,C009,单向阀,25.42,39.86,83.17,0.2543,0.2662,medium
HDES-00657,C007,过滤器,7.75,46.15,94.44,0.2693,0.4545,medium
HDES-00658,C009,单向阀,15.03,38.93,72.57,0.4088,0.0876,low
HDES-00659,C008,液压油箱,22.66,116.91,90.94,0.3726,0.0174,low
HDES-00660,C006,冷却器,16.06,65.73,82.28,0.254,0.3344,medium
HDES-00661,C010,节流阀,22.02,98.96,68.7,0.3127,0.1672,low
HDES-00662,C003,作动筒,15.76,51.36,76.72,0.4407,0.0484,low
HDES-00663,C011,管路总成,20.56,30.09,87.4,0.4498,0.1199,low
HDES-00664,C012,卸荷阀,19.47,35.17,82.56,0.2888,0.2717,medium
HDES-00665,C012,卸荷阀,23.16,80.42,81.19,0.2125,0.2692,medium
HDES-00666,C011,管路总成,23.31,46.39,78.43,0.3521,0.1331,low
HDES-00667,C012,卸荷阀,17.44,59.37,63.4,0.2354,0.5238,high
HDES-00668,C003,作动筒,20.17,35.26,87.82,0.1895,0.2942,medium
HDES-00669,C010,节流阀,19.91,78.29,79.84,0.434,0.0,low
HDES-00670,C004,溢流阀,29.27,77.33,65.26,0.3105,0.2357,low
HDES-00671,C011,管路总成,29.53,42.8,86.42,0.3269,0.1442,low
HDES-00672,C009,单向阀,21.76,73.27,81.2,0.3422,0.1073,low
HDES-00673,C011,管路总成,29.92,37.23,68.7,0.4111,0.0722,low
HDES-00674,C004,溢流阀,22.52,73.72,55.32,0.434,0.1839,low
HDES-00675,C009,单向阀,18.34,63.97,70.22,0.3933,0.0938,low
HDES-00676,C002,方向控制阀,16.28,87.61,73.83,0.2767,0.2429,low
HDES-00677,C005,蓄能器,22.11,40.88,70.86,0.4034,0.1139,low
HDES-00678,C003,作动筒,21.56,46.97,65.07,0.3069,0.2995,medium
HDES-00679,C010,节流阀,16.94,102.31,89.45,0.3382,0.108,low
HDES-00680,C007,过滤器,9.83,43.77,95.65,0.4608,0.2085,low
HDES-00681,C007,过滤器,21.91,45.25,90.13,0.255,0.2408,low
HDES-00682,C011,管路总成,11.09,66.64,93.88,0.3326,0.3212,medium
HDES-00683,C002,方向控制阀,15.86,80.71,60.04,0.3365,0.3406,medium
HDES-00684,C012,卸荷阀,29.57,67.68,72.6,0.3106,0.1048,low
HDES-00685,C003,作动筒,21.11,48.0,98.07,0.3904,0.0,low
HDES-00686,C002,方向控制阀,17.92,107.6,93.53,0.4413,0.0211,low
HDES-00687,C006,冷却器,11.38,90.57,82.13,0.1723,0.412,medium
HDES-00688,C001,液压泵总成,30.64,72.48,70.15,0.379,0.1406,low
HDES-00689,C006,冷却器,13.79,48.72,82.33,0.3271,0.2537,medium
HDES-00690,C008,液压油箱,26.75,75.22,88.35,0.3094,0.1482,low
HDES-00691,C005,蓄能器,22.47,46.86,89.53,0.3898,0.1104,low
HDES-00692,C003,作动筒,21.56,63.25,80.1,0.2538,0.1994,low
HDES-00693,C011,管路总成,33.96,19.89,75.75,0.2357,0.2436,low
HDES-00694,C012,卸荷阀,19.2,83.7,71.55,0.266,0.4063,medium
HDES-00695,C007,过滤器,12.43,54.95,98.23,0.1983,0.441,medium
HDES-00696,C006,冷却器,10.81,32.51,93.8,0.3106,0.3128,medium
HDES-00697,C004,溢流阀,19.72,54.94,76.59,0.4815,0.1394,low
HDES-00698,C002,方向控制阀,18.98,72.04,85.99,0.4742,0.0,low
HDES-00699,C007,过滤器,14.34,62.22,84.11,0.281,0.2444,low
HDES-00700,C002,方向控制阀,19.24,98.74,78.44,0.2119,0.2965,medium
HDES-00701,C012,卸荷阀,18.66,81.8,79.88,0.2486,0.3188,medium
HDES-00702,C002,方向控制阀,21.09,36.25,76.56,0.2927,0.064,low
HDES-00703,C002,方向控制阀,20.11,63.14,64.05,0.3359,0.189,low
HDES-00704,C012,卸荷阀,15.66,22.9,53.84,0.1371,0.8363,critical
HDES-00705,C007,过滤器,18.65,39.61,112.06,0.3971,0.0076,low
HDES-00706,C006,冷却器,15.78,33.61,71.15,0.2623,0.307,medium
HDES-00707,C010,节流阀,17.54,55.07,78.23,0.4136,0.0,low
HDES-00708,C003,作动筒,11.14,73.21,78.1,0.3235,0.3466,medium
HDES-00709,C005,蓄能器,24.38,61.29,84.49,0.254,0.1981,low
HDES-00710,C005,蓄能器,25.15,64.62,76.27,0.2342,0.2343,low
HDES-00711,C011,管路总成,19.2,58.81,83.79,0.2901,0.3008,medium
HDES-00712,C004,溢流阀,21.14,79.37,72.17,0.3826,0.1479,low
HDES-00713,C005,蓄能器,17.89,47.08,83.43,0.38,0.1703,low
HDES-00714,C003,作动筒,23.88,80.83,68.16,0.3343,0.2349,low
HDES-00715,C012,卸荷阀,26.95,44.19,81.23,0.3799,0.1149,low
HDES-00716,C011,管路总成,27.32,46.77,69.59,0.4922,0.095,low
HDES-00717,C002,方向控制阀,16.44,61.21,83.51,0.3964,0.0463,low
HDES-00718,C004,溢流阀,26.64,42.34,68.69,0.3932,0.0967,low
HDES-00719,C010,节流阀,15.82,75.47,74.77,0.4608,0.0546,low
HDES-00720,C003,作动筒,25.81,30.57,91.17,0.3331,0.0777,low
HDES-00721,C007,过滤器,19.29,12.0,81.4,0.2759,0.1825,low
HDES-00722,C011,管路总成,24.62,18.96,72.96,0.3934,0.0266,low
HDES-00723,C009,单向阀,21.67,81.85,73.65,0.3917,0.0816,low
HDES-00724,C010,节流阀,19.14,120.39,81.1,0.2675,0.2153,low
HDES-00725,C005,蓄能器,25.81,63.13,79.98,0.269,0.2175,low
HDES-00726,C003,作动筒,16.11,70.1,74.22,0.4048,0.0524,low
HDES-00727,C001,液压泵总成,21.54,81.38,68.09,0.2082,0.4295,medium
HDES-00728,C012,卸荷阀,28.06,53.22,102.87,0.296,0.1718,low
HDES-00729,C001,液压泵总成,31.36,108.28,60.77,0.23,0.3269,medium
HDES-00730,C001,液压泵总成,23.58,120.88,72.33,0.2033,0.2921,medium
HDES-00731,C006,冷却器,12.6,57.67,74.87,0.225,0.5,high
HDES-00732,C006,冷却器,11.53,23.24,89.39,0.3333,0.2508,medium
HDES-00733,C003,作动筒,18.73,73.0,80.56,0.3627,0.0108,low
HDES-00734,C005,蓄能器,26.53,23.97,77.38,0.2803,0.2222,low
HDES-00735,C002,方向控制阀,15.79,103.36,87.15,0.2165,0.2944,medium
HDES-00736,C002,方向控制阀,14.75,120.92,102.07,0.3013,0.3017,medium
HDES-00737,C005,蓄能器,18.76,45.76,79.35,0.3862,0.1586,low
HDES-00738,C007,过滤器,26.69,54.01,70.92,0.3122,0.1668,low
HDES-00739,C005,蓄能器,18.11,71.56,80.46,0.4054,0.2139,low
HDES-00740,C003,作动筒,13.23,63.94,82.59,0.3181,0.2574,medium
HDES-00741,C008,液压油箱,20.12,88.02,80.14,0.3882,0.0507,low
HDES-00742,C006,冷却器,28.33,47.61,81.95,0.3743,0.0606,low
HDES-00743,C009,单向阀,21.94,80.2,82.4,0.2594,0.2203,low
HDES-00744,C010,节流阀,19.84,80.21,83.49,0.355,0.0758,low
HDES-00745,C004,溢流阀,20.3,38.8,70.68,0.2807,0.2817,medium
HDES-00746,C006,冷却器,16.0,78.23,77.39,0.4057,0.0697,low
HDES-00747,C009,单向阀,15.81,65.31,89.27,0.2056,0.3987,medium
HDES-00748,C009,单向阀,21.48,31.8,86.87,0.4143,0.0473,low
HDES-00749,C008,液压油箱,19.56,97.28,82.45,0.3558,0.005,low
HDES-00750,C001,液压泵总成,22.08,94.33,88.29,0.3682,0.0869,low
HDES-00751,C006,冷却器,12.66,56.87,87.54,0.3591,0.2468,low
HDES-00752,C006,冷却器,19.49,55.25,89.92,0.4732,0.017,low
HDES-00753,C001,液压泵总成,21.74,105.4,76.58,0.2072,0.364,medium
HDES-00754,C002,方向控制阀,20.03,107.87,79.62,0.2151,0.2991,medium
HDES-00755,C012,卸荷阀,24.5,55.93,74.2,0.2994,0.19,low
HDES-00756,C002,方向控制阀,24.03,86.06,90.5,0.1928,0.277,medium
HDES-00757,C011,管路总成,27.93,40.3,87.95,0.3377,0.1616,low
HDES-00758,C010,节流阀,18.89,93.13,83.16,0.289,0.1783,low
HDES-00759,C001,液压泵总成,33.25,84.16,64.84,0.3902,0.1518,low
HDES-00760,C002,方向控制阀,20.59,100.18,89.21,0.2512,0.2875,medium
HDES-00761,C011,管路总成,19.98,61.37,102.05,0.4585,0.118,low
HDES-00762,C002,方向控制阀,25.62,80.65,79.08,0.4079,0.0121,low
HDES-00763,C002,方向控制阀,10.46,89.12,71.27,0.3058,0.364,medium
HDES-00764,C005,蓄能器,18.75,43.8,88.05,0.2667,0.3654,medium
HDES-00765,C001,液压泵总成,29.09,82.14,63.93,0.3802,0.1743,low
HDES-00766,C010,节流阀,12.89,96.78,65.26,0.2894,0.4038,medium
HDES-00767,C002,方向控制阀,21.08,97.41,78.09,0.419,0.0,low
HDES-00768,C002,方向控制阀,19.55,113.22,88.94,0.47,0.0395,low
HDES-00769,C009,单向阀,20.14,52.55,72.19,0.3846,0.0344,low
HDES-00770,C009,单向阀,17.56,44.32,73.25,0.29,0.2485,low
HDES-00771,C003,作动筒,21.51,47.97,64.79,0.3712,0.1484,low
HDES-00772,C010,节流阀,22.55,101.23,75.75,0.4421,0.0793,low
HDES-00773,C008,液压油箱,25.06,98.03,89.84,0.2092,0.2709,medium
HDES-00774,C006,冷却器,16.7,60.11,72.69,0.3133,0.1977,low
HDES-00775,C002,方向控制阀,18.2,79.99,76.29,0.3712,0.063,low
HDES-00776,C005,蓄能器,22.03,53.95,83.22,0.3387,0.1364,low
HDES-00777,C004,溢流阀,24.97,13.88,63.56,0.4532,0.1555,low
HDES-00778,C012,卸荷阀,20.68,76.84,89.17,0.3153,0.2133,low
HDES-00779,C006,冷却器,22.03,15.74,104.44,0.3867,0.0233,low
HDES-00780,C011,管路总成,25.48,70.56,82.89,0.2094,0.2049,low
HDES-00781,C004,溢流阀,16.17,78.11,61.97,0.3251,0.4673,medium
HDES-00782,C007,过滤器,21.94,39.54,99.8,0.3292,0.1136,low
HDES-00783,C005,蓄能器,32.32,48.92,75.72,0.2538,0.1398,low
HDES-00784,C011,管路总成,20.36,50.45,70.6,0.2723,0.2561,medium
HDES-00785,C006,冷却器,19.45,50.68,91.27,0.3182,0.169,low
HDES-00786,C002,方向控制阀,17.97,65.95,78.66,0.4297,0.0877,low
HDES-00787,C005,蓄能器,20.4,35.72,56.61,0.3383,0.3662,medium
HDES-00788,C005,蓄能器,27.76,55.94,88.05,0.1696,0.303,medium
HDES-00789,C004,溢流阀,18.43,72.47,65.38,0.239,0.4565,medium
HDES-00790,C010,节流阀,19.87,92.62,76.13,0.3877,0.0287,low
HDES-00791,C001,液压泵总成,19.16,91.63,77.58,0.3145,0.3149,medium
HDES-00792,C003,作动筒,15.72,72.29,97.03,0.4325,0.0959,low
HDES-00793,C010,节流阀,26.88,105.95,82.25,0.3732,0.05,low
HDES-00794,C008,液压油箱,22.07,70.91,74.52,0.2369,0.2383,low
HDES-00795,C009,单向阀,14.94,75.94,69.31,0.4027,0.1977,low
HDES-00796,C004,溢流阀,26.0,76.15,88.28,0.221,0.2763,medium
HDES-00797,C011,管路总成,22.73,37.09,81.91,0.3404,0.1375,low
HDES-00798,C008,液压油箱,14.57,63.16,92.51,0.196,0.3811,medium
HDES-00799,C001,液压泵总成,28.87,46.64,64.07,0.273,0.2926,medium
HDES-00800,C012,卸荷阀,22.42,47.85,59.81,0.3276,0.307,medium
HDES-00801,C010,节流阀,28.61,110.1,82.24,0.3752,0.0056,low
HDES-00802,C012,卸荷阀,17.64,65.65,78.4,0.3065,0.3181,medium
HDES-00803,C006,冷却器,22.45,83.03,96.53,0.2674,0.1802,low
HDES-00804,C001,液压泵总成,20.46,92.41,72.94,0.3031,0.2576,medium
HDES-00805,C004,溢流阀,29.74,69.14,67.63,0.4129,0.0916,low
HDES-00806,C005,蓄能器,20.16,67.22,89.1,0.3634,0.2777,medium
HDES-00807,C009,单向阀,20.53,39.03,67.68,0.4041,0.0808,low
HDES-00808,C007,过滤器,17.89,51.03,74.04,0.3175,0.119,low
HDES-00809,C007,过滤器,15.67,67.72,76.76,0.4206,0.014,low
HDES-00810,C006,冷却器,14.79,63.42,82.46,0.4252,0.0693,low
HDES-00811,C005,蓄能器,24.1,27.26,69.46,0.1835,0.3841,medium
HDES-00812,C011,管路总成,18.95,67.05,94.85,0.1725,0.4258,medium
HDES-00813,C008,液压油箱,12.87,105.99,93.52,0.4472,0.196,low
HDES-00814,C001,液压泵总成,19.01,75.15,73.89,0.374,0.2053,low
HDES-00815,C010,节流阀,28.64,82.89,79.76,0.3923,0.0901,low
HDES-00816,C005,蓄能器,24.5,55.24,77.73,0.4533,0.0003,low
HDES-00817,C008,液压油箱,21.17,66.79,63.33,0.3455,0.1309,low
HDES-00818,C012,卸荷阀,23.15,65.64,62.05,0.3793,0.2292,low
HDES-00819,C003,作动筒,16.23,81.34,79.24,0.344,0.1516,low
HDES-00820,C003,作动筒,19.74,51.26,75.81,0.2323,0.2712,medium
HDES-00821,C004,溢流阀,28.79,107.14,73.55,0.214,0.3209,medium
HDES-00822,C002,方向控制阀,18.57,124.08,82.98,0.3207,0.0992,low
HDES-00823,C007,过滤器,17.09,55.15,102.52,0.2533,0.2779,medium
HDES-00824,C006,冷却器,15.45,63.73,84.3,0.323,0.2573,medium
HDES-00825,C010,节流阀,15.07,85.24,76.88,0.2419,0.3423,medium
HDES-00826,C012,卸荷阀,28.31,49.96,77.36,0.3877,0.0333,low
HDES-00827,C008,液压油箱,15.52,61.2,73.89,0.3406,0.2023,low
HDES-00828,C004,溢流阀,22.37,77.8,74.55,0.3426,0.0727,low
HDES-00829,C009,单向阀,17.02,73.15,89.15,0.3573,0.1634,low
HDES-00830,C003,作动筒,15.55,55.64,73.11,0.272,0.3024,medium
HDES-00831,C006,冷却器,10.98,62.51,79.79,0.2197,0.433,medium
HDES-00832,C008,液压油箱,11.59,108.03,112.6,0.3967,0.064,low
HDES-00833,C003,作动筒,14.98,45.99,107.98,0.4545,0.0,low
HDES-00834,C006,冷却器,14.96,24.82,88.27,0.3112,0.2262,low
HDES-00835,C012,卸荷阀,16.33,28.99,81.26,0.2096,0.4582,medium
HDES-00836,C011,管路总成,24.98,102.28,59.37,0.4566,0.1641,low
HDES-00837,C005,蓄能器,21.35,45.5,72.54,0.4041,0.1696,low
HDES-00838,C003,作动筒,22.86,46.09,93.8,0.3505,0.1029,low
HDES-00839,C008,液压油箱,13.03,85.27,75.51,0.4292,0.071,low
HDES-00840,C005,蓄能器,22.11,73.93,90.58,0.3501,0.1663,low
HDES-00841,C010,节流阀,20.78,75.06,84.34,0.3672,0.0446,low
HDES-00842,C010,节流阀,26.84,110.99,75.77,0.4175,0.0,low
HDES-00843,C011,管路总成,32.3,28.85,73.9,0.2144,0.2619,medium
HDES-00844,C006,冷却器,12.5,49.23,99.71,0.3007,0.3404,medium
HDES-00845,C001,液压泵总成,18.76,112.76,91.23,0.2229,0.3853,medium
HDES-00846,C005,蓄能器,32.27,63.6,63.36,0.4198,0.0936,low
HDES-00847,C011,管路总成,24.44,40.35,70.22,0.241,0.2501,medium
HDES-00848,C003,作动筒,16.29,54.42,94.45,0.3498,0.0911,low
HDES-00849,C009,单向阀,17.27,72.16,85.1,0.3759,0.1209,low
HDES-00850,C008,液压油箱,20.95,46.29,89.18,0.2858,0.1759,low
HDES-00851,C011,管路总成,21.9,65.6,73.66,0.2386,0.2739,medium
HDES-00852,C011,管路总成,17.72,37.71,74.47,0.4765,0.1958,low
HDES-00853,C003,作动筒,28.08,29.06,89.67,0.2617,0.182,low
HDES-00854,C006,冷却器,12.65,49.95,80.43,0.3918,0.1377,low
HDES-00855,C010,节流阀,20.81,79.73,70.56,0.3493,0.1355,low
HDES-00856,C008,液压油箱,16.72,78.63,84.25,0.4359,0.0765,low
HDES-00857,C003,作动筒,22.42,72.71,75.51,0.4115,0.0544,low
HDES-00858,C011,管路总成,21.2,85.42,77.38,0.2821,0.2666,medium
HDES-00859,C007,过滤器,17.13,23.37,98.07,0.3208,0.1951,low
HDES-00860,C004,溢流阀,23.96,34.62,82.93,0.3782,0.1821,low
HDES-00861,C007,过滤器,20.4,90.98,84.67,0.3098,0.177,low
HDES-00862,C004,溢流阀,26.68,46.39,56.53,0.2909,0.3028,medium
HDES-00863,C003,作动筒,26.06,43.75,93.43,0.1948,0.3736,medium
HDES-00864,C010,节流阀,12.58,117.38,70.07,0.2476,0.3959,medium
HDES-00865,C001,液压泵总成,21.47,90.76,82.38,0.3605,0.1396,low
HDES-00866,C009,单向阀,22.32,49.44,76.13,0.3809,0.0307,low
HDES-00867,C004,溢流阀,21.0,52.35,72.41,0.3033,0.2299,low
HDES-00868,C002,方向控制阀,22.48,56.95,82.91,0.4009,0.0,low
HDES-00869,C011,管路总成,23.0,63.25,79.49,0.2632,0.2288,low
HDES-00870,C004,溢流阀,21.85,63.26,62.36,0.3494,0.1783,low
HDES-00871,C002,方向控制阀,8.49,98.62,94.33,0.2804,0.4253,medium
HDES-00872,C004,溢流阀,26.32,70.58,71.17,0.3267,0.1537,low
HDES-00873,C010,节流阀,18.51,101.6,84.65,0.3911,0.0059,low
HDES-00874,C003,作动筒,6.0,47.24,82.22,0.3526,0.3059,medium
HDES-00875,C002,方向控制阀,20.48,94.55,70.5,0.1112,0.444,medium
HDES-00876,C011,管路总成,26.75,79.55,80.76,0.4431,0.0016,low
HDES-00877,C012,卸荷阀,16.81,78.1,77.69,0.3626,0.2763,medium
HDES-00878,C003,作动筒,18.99,65.0,69.21,0.4244,0.0857,low
HDES-00879,C004,溢流阀,18.8,74.51,77.39,0.2903,0.2697,medium
HDES-00880,C001,液压泵总成,20.49,126.95,65.28,0.3959,0.2185,low
HDES-00881,C006,冷却器,18.66,30.11,73.29,0.3177,0.1289,low
HDES-00882,C002,方向控制阀,16.0,96.59,89.82,0.3018,0.1757,low
HDES-00883,C009,单向阀,13.14,39.54,79.27,0.3706,0.2013,low
HDES-00884,C008,液压油箱,21.36,87.99,100.03,0.3067,0.1764,low
HDES-00885,C006,冷却器,14.81,41.53,90.92,0.4407,0.0808,low
HDES-00886,C007,过滤器,12.86,51.15,97.68,0.293,0.3339,medium
HDES-00887,C003,作动筒,14.38,37.3,77.88,0.2711,0.2471,low
HDES-00888,C006,冷却器,18.38,79.1,85.13,0.3411,0.1198,low
HDES-00889,C005,蓄能器,21.92,62.43,81.54,0.4057,0.0979,low
HDES-00890,C004,溢流阀,20.76,54.47,80.7,0.3444,0.1647,low
HDES-00891,C006,冷却器,15.0,48.03,79.88,0.2688,0.3031,medium
HDES-00892,C011,管路总成,29.71,37.67,85.33,0.4364,0.0,low
HDES-00893,C011,管路总成,31.63,45.96,73.65,0.3555,0.0776,low
HDES-00894,C004,溢流阀,29.17,75.53,87.18,0.3747,0.061,low
HDES-00895,C011,管路总成,29.05,60.69,63.67,0.2979,0.2914,medium
HDES-00896,C005,蓄能器,22.91,45.57,81.49,0.2736,0.2957,medium
HDES-00897,C004,溢流阀,18.39,54.19,79.72,0.2574,0.3542,medium
HDES-00898,C004,溢流阀,27.99,36.48,70.74,0.1328,0.4063,medium
HDES-00899,C005,蓄能器,22.18,54.84,71.3,0.2334,0.3491,medium
HDES-00900,C005,蓄能器,18.84,64.4,83.3,0.3899,0.1905,low
HDES-00901,C001,液压泵总成,24.16,99.81,77.75,0.2977,0.2265,low
HDES-00902,C007,过滤器,21.97,37.81,106.44,0.192,0.2843,medium
HDES-00903,C010,节流阀,21.26,102.21,55.54,0.3204,0.318,medium
HDES-00904,C003,作动筒,23.42,53.93,92.39,0.3302,0.0644,low
HDES-00905,C008,液压油箱,27.94,85.37,58.33,0.127,0.5364,high
HDES-00906,C003,作动筒,21.61,40.16,67.54,0.2414,0.3311,medium
HDES-00907,C009,单向阀,22.95,99.46,68.05,0.3722,0.1303,low
HDES-00908,C006,冷却器,8.04,66.0,96.0,0.275,0.3899,medium
HDES-00909,C012,卸荷阀,22.32,37.0,73.0,0.4627,0.1153,low
HDES-00910,C002,方向控制阀,7.26,84.98,86.28,0.4077,0.2586,medium
HDES-00911,C009,单向阀,19.44,32.46,64.55,0.2745,0.2971,medium
HDES-00912,C011,管路总成,25.65,63.65,75.52,0.3143,0.1642,low
HDES-00913,C011,管路总成,22.51,59.27,82.41,0.2936,0.1604,low
HDES-00914,C009,单向阀,22.41,62.74,76.0,0.3584,0.0804,low
HDES-00915,C004,溢流阀,23.38,67.82,88.81,0.2456,0.2684,medium
HDES-00916,C008,液压油箱,18.72,99.46,89.34,0.3202,0.1919,low
HDES-00917,C006,冷却器,17.6,54.34,90.53,0.3205,0.1361,low
HDES-00918,C003,作动筒,19.61,93.41,87.7,0.3441,0.0681,low
HDES-00919,C011,管路总成,15.36,95.76,78.49,0.2344,0.4984,medium
HDES-00920,C009,单向阀,21.1,58.82,76.4,0.3265,0.0976,low
HDES-00921,C008,液压油箱,15.64,71.52,87.45,0.4349,0.0809,low
HDES-00922,C001,液压泵总成,20.06,70.62,86.01,0.3938,0.1618,low
HDES-00923,C004,溢流阀,18.94,57.4,76.0,0.2708,0.3373,medium
HDES-00924,C008,液压油箱,8.07,53.88,89.13,0.2477,0.4395,medium
HDES-00925,C008,液压油箱,24.03,110.79,71.17,0.3082,0.1688,low
HDES-00926,C007,过滤器,21.05,55.76,75.47,0.2527,0.2246,low
HDES-00927,C005,蓄能器,27.33,71.34,86.63,0.3706,0.0112,low
HDES-00928,C001,液压泵总成,25.68,77.79,70.18,0.3355,0.2034,low
HDES-00929,C002,方向控制阀,19.83,71.44,69.32,0.462,0.0367,low
HDES-00930,C005,蓄能器,25.55,36.03,90.26,0.3302,0.136,low
HDES-00931,C010,节流阀,22.56,83.46,60.59,0.2259,0.4024,medium
HDES-00932,C008,液压油箱,20.94,70.07,72.27,0.2549,0.2136,low
HDES-00933,C009,单向阀,19.1,56.18,95.7,0.3603,0.0557,low
HDES-00934,C004,溢流阀,24.8,68.14,57.77,0.278,0.3789,medium
HDES-00935,C003,作动筒,15.62,48.05,54.45,0.2711,0.4155,medium
HDES-00936,C002,方向控制阀,13.83,89.58,80.01,0.2875,0.3129,medium
HDES-00937,C007,过滤器,11.1,72.4,83.26,0.4439,0.2148,low
HDES-00938,C007,过滤器,17.61,65.68,92.92,0.3447,0.1088,low
HDES-00939,C008,液压油箱,21.26,53.68,100.4,0.2014,0.296,medium
HDES-00940,C007,过滤器,22.48,57.53,79.92,0.2242,0.1865,low
HDES-00941,C007,过滤器,20.57,45.44,88.73,0.3039,0.1269,low
HDES-00942,C002,方向控制阀,16.87,74.46,90.27,0.2693,0.1663,low
HDES-00943,C005,蓄能器,25.86,32.18,73.99,0.2773,0.1827,low
HDES-00944,C005,蓄能器,26.22,21.21,82.63,0.2228,0.3114,medium
HDES-00945,C010,节流阀,18.75,97.69,64.52,0.2515,0.3242,medium
HDES-00946,C001,液压泵总成,22.86,102.42,68.79,0.2387,0.3488,medium
HDES-00947,C004,溢流阀,22.78,41.12,74.27,0.3811,0.0973,low
HDES-00948,C012,卸荷阀,26.95,84.73,55.69,0.234,0.3262,medium
HDES-00949,C005,蓄能器,23.75,23.96,77.05,0.3412,0.111,low
HDES-00950,C009,单向阀,26.65,65.52,77.18,0.1687,0.2587,medium
HDES-00951,C003,作动筒,16.99,68.07,56.78,0.4749,0.1788,low
HDES-00952,C001,液压泵总成,27.73,119.89,73.07,0.3511,0.0147,low
HDES-00953,C005,蓄能器,26.08,40.85,82.08,0.4148,0.0285,low
HDES-00954,C008,液压油箱,21.06,101.41,96.19,0.1589,0.3548,medium
HDES-00955,C006,冷却器,18.88,60.95,83.69,0.4466,0.0,low
HDES-00956,C007,过滤器,21.09,51.66,77.03,0.297,0.1558,low
HDES-00957,C002,方向控制阀,16.03,92.25,73.37,0.1872,0.3225,medium
HDES-00958,C012,卸荷阀,28.53,90.97,69.46,0.3656,0.1362,low
HDES-00959,C007,过滤器,12.71,42.81,84.22,0.3899,0.2213,low
HDES-00960,C006,冷却器,17.5,59.22,74.59,0.4455,0.0186,low
HDES-00961,C011,管路总成,26.54,73.83,76.7,0.2877,0.1687,low
HDES-00962,C006,冷却器,18.83,74.0,69.91,0.2026,0.2856,medium
HDES-00963,C007,过滤器,27.46,40.02,72.56,0.3668,0.0907,low
HDES-00964,C012,卸荷阀,17.82,60.59,77.46,0.2713,0.3304,medium
HDES-00965,C011,管路总成,24.01,51.36,67.88,0.4094,0.0541,low
HDES-00966,C005,蓄能器,29.18,53.59,76.42,0.2897,0.1596,low
HDES-00967,C009,单向阀,18.83,77.63,74.64,0.3817,0.0624,low
HDES-00968,C012,卸荷阀,20.98,57.16,74.48,0.3331,0.1697,low
HDES-00969,C003,作动筒,19.73,79.28,84.85,0.3493,0.1242,low
HDES-00970,C003,作动筒,15.11,89.87,76.89,0.4085,0.0929,low
HDES-00971,C008,液压油箱,22.96,82.84,79.66,0.3306,0.091,low
HDES-00972,C003,作动筒,13.53,46.23,70.7,0.3891,0.1544,low
HDES-00973,C005,蓄能器,20.2,49.89,74.28,0.1679,0.4394,medium
HDES-00974,C010,节流阀,16.68,98.21,78.32,0.3089,0.1648,low
HDES-00975,C012,卸荷阀,25.46,57.97,73.88,0.319,0.1158,low
HDES-00976,C004,溢流阀,26.98,86.9,86.9,0.221,0.2512,medium
HDES-00977,C002,方向控制阀,18.05,85.35,78.44,0.223,0.2481,low
HDES-00978,C004,溢流阀,27.46,77.07,66.06,0.2813,0.327,medium
HDES-00979,C009,单向阀,16.82,59.29,90.39,0.3522,0.1226,low
HDES-00980,C010,节流阀,12.04,89.67,72.22,0.2251,0.4429,medium
HDES-00981,C005,蓄能器,24.1,60.74,74.0,0.2404,0.1939,low
HDES-00982,C011,管路总成,16.22,70.4,78.55,0.3091,0.397,medium
HDES-00983,C011,管路总成,26.15,27.67,71.19,0.4452,0.0,low
HDES-00984,C003,作动筒,30.48,41.55,54.6,0.3501,0.3165,medium
HDES-00985,C011,管路总成,21.2,15.22,71.63,0.2713,0.3482,medium
HDES-00986,C002,方向控制阀,29.91,96.77,94.62,0.3193,0.2064,low
HDES-00987,C004,溢流阀,28.66,61.23,75.02,0.2193,0.2256,low
HDES-00988,C006,冷却器,16.53,53.16,62.81,0.4755,0.0904,low
HDES-00989,C005,蓄能器,26.82,66.76,86.83,0.2621,0.1898,low
HDES-00990,C001,液压泵总成,22.48,87.54,66.48,0.3993,0.1864,low
HDES-00991,C008,液压油箱,18.5,81.4,87.16,0.3952,0.026,low
HDES-00992,C003,作动筒,21.89,60.4,71.6,0.2189,0.3081,medium
HDES-00993,C010,节流阀,11.96,56.19,73.66,0.3835,0.2728,medium
HDES-00994,C007,过滤器,16.11,42.47,84.13,0.4277,0.0603,low
HDES-00995,C005,蓄能器,24.73,51.73,87.48,0.3691,0.0593,low
HDES-00996,C006,冷却器,18.19,37.97,90.85,0.3662,0.083,low
HDES-00997,C008,液压油箱,23.35,89.19,77.96,0.355,0.0933,low
HDES-00998,C007,过滤器,19.31,61.55,91.18,0.2434,0.2324,low
HDES-00999,C005,蓄能器,17.65,22.55,83.78,0.4126,0.1931,low
HDES-01000,C007,过滤器,15.89,51.86,84.31,0.3858,0.1322,low
HDES-01001,C009,单向阀,13.56,54.3,71.26,0.3004,0.33,medium
HDES-01002,C004,溢流阀,22.07,43.97,92.04,0.3831,0.1648,low
HDES-01003,C007,过滤器,15.74,42.79,90.34,0.2992,0.2058,low
HDES-01004,C004,溢流阀,17.62,37.28,70.57,0.2087,0.568,high
HDES-01005,C005,蓄能器,21.26,20.93,72.65,0.3947,0.1258,low
HDES-01006,C008,液压油箱,21.57,76.06,78.32,0.3577,0.0955,low
HDES-01007,C011,管路总成,24.18,44.04,69.17,0.3148,0.1537,low
HDES-01008,C002,方向控制阀,16.36,100.05,90.41,0.3841,0.1075,low
HDES-01009,C005,蓄能器,28.23,59.19,68.03,0.3942,0.1046,low
HDES-01010,C004,溢流阀,23.65,77.36,98.37,0.3884,0.0608,low
HDES-01011,C009,单向阀,18.56,63.77,78.06,0.3556,0.0727,low
HDES-01012,C012,卸荷阀,22.22,77.5,88.56,0.3343,0.0855,low
HDES-01013,C001,液压泵总成,17.17,62.3,90.74,0.3716,0.2212,low
HDES-01014,C011,管路总成,26.35,45.9,97.29,0.3998,0.0448,low
HDES-01015,C001,液压泵总成,18.03,69.07,86.23,0.1792,0.4587,medium
HDES-01016,C007,过滤器,16.63,49.74,88.66,0.3605,0.1628,low
HDES-01017,C006,冷却器,13.66,35.62,97.49,0.3241,0.2503,medium
HDES-01018,C007,过滤器,6.0,43.13,96.66,0.398,0.3107,medium
HDES-01019,C009,单向阀,28.18,82.01,73.69,0.1852,0.3658,medium
HDES-01020,C004,溢流阀,23.73,61.91,81.69,0.3621,0.035,low
HDES-01021,C008,液压油箱,22.4,75.62,77.14,0.4123,0.0,low
HDES-01022,C009,单向阀,18.91,72.36,82.44,0.4329,0.0,low
HDES-01023,C012,卸荷阀,29.67,12.0,83.44,0.3437,0.0,low
HDES-01024,C012,卸荷阀,20.56,65.66,80.55,0.2748,0.2756,medium
HDES-01025,C009,单向阀,28.89,68.31,77.4,0.2824,0.163,low
HDES-01026,C006,冷却器,19.75,30.99,84.64,0.4009,0.0504,low
HDES-01027,C010,节流阀,18.34,69.7,106.41,0.291,0.1982,low
HDES-01028,C001,液压泵总成,26.55,82.56,72.69,0.3233,0.1482,low
HDES-01029,C005,蓄能器,30.14,43.57,70.4,0.1596,0.3374,medium
HDES-01030,C003,作动筒,16.89,55.04,93.89,0.2884,0.2077,low
HDES-01031,C003,作动筒,17.19,52.35,81.98,0.3294,0.1396,low
HDES-01032,C004,溢流阀,24.31,66.44,70.78,0.4473,0.086,low
HDES-01033,C010,节流阀,21.94,97.35,62.15,0.3123,0.2069,low
HDES-01034,C007,过滤器,16.39,73.16,93.57,0.3955,0.0581,low
HDES-01035,C007,过滤器,28.81,80.54,74.83,0.3766,0.0113,low
HDES-01036,C009,单向阀,10.5,59.68,75.8,0.3664,0.2644,medium
HDES-01037,C012,卸荷阀,26.85,51.29,78.6,0.2751,0.1963,low
HDES-01038,C011,管路总成,17.72,68.95,73.9,0.3618,0.1865,low
HDES-01039,C007,过滤器,20.16,70.35,79.4,0.1757,0.3949,medium
HDES-01040,C008,液压油箱,12.03,53.99,91.27,0.3577,0.2216,low
HDES-01041,C006,冷却器,20.5,38.37,81.42,0.2677,0.1789,low
HDES-01042,C004,溢流阀,25.65,49.57,74.12,0.4262,0.0618,low
HDES-01043,C001,液压泵总成,22.0,120.3,77.86,0.2127,0.3346,medium
HDES-01044,C009,单向阀,22.07,64.45,74.15,0.4306,0.0636,low
HDES-01045,C005,蓄能器,27.08,55.51,63.21,0.2521,0.4036,medium
HDES-01046,C003,作动筒,21.63,46.18,86.08,0.3279,0.1266,low
HDES-01047,C009,单向阀,24.94,52.72,75.82,0.3468,0.122,low
HDES-01048,C012,卸荷阀,24.95,58.35,87.12,0.2478,0.187,low
HDES-01049,C004,溢流阀,29.63,69.88,93.24,0.2757,0.1582,low
HDES-01050,C007,过滤器,19.5,58.78,81.63,0.2588,0.2344,low
HDES-01051,C007,过滤器,10.91,59.01,77.65,0.3524,0.2329,low
HDES-01052,C011,管路总成,33.23,43.94,69.65,0.3602,0.1528,low
HDES-01053,C004,溢流阀,23.76,90.53,85.68,0.3281,0.1544,low
HDES-01054,C009,单向阀,20.86,57.08,87.08,0.4331,0.0,low
HDES-01055,C012,卸荷阀,23.41,37.31,78.13,0.1756,0.3011,medium
HDES-01056,C007,过滤器,23.31,18.87,89.14,0.305,0.1298,low
HDES-01057,C008,液压油箱,23.91,75.85,85.49,0.3196,0.131,low
HDES-01058,C003,作动筒,18.1,34.39,103.53,0.3877,0.0674,low
HDES-01059,C009,单向阀,19.88,47.24,86.76,0.397,0.0097,low
HDES-01060,C012,卸荷阀,30.26,34.58,73.53,0.2399,0.28,medium
HDES-01061,C005,蓄能器,25.25,48.28,70.88,0.2779,0.2322,low
HDES-01062,C008,液压油箱,12.41,108.21,73.28,0.1646,0.4694,medium
HDES-01063,C011,管路总成,26.28,35.53,82.84,0.2821,0.1667,low
HDES-01064,C001,液压泵总成,26.41,79.89,73.65,0.3288,0.0864,low
HDES-01065,C011,管路总成,22.72,73.71,67.8,0.2365,0.3225,medium
HDES-01066,C008,液压油箱,16.77,70.26,93.77,0.3614,0.0971,low
HDES-01067,C001,液压泵总成,28.17,76.83,77.14,0.1907,0.2916,medium
HDES-01068,C001,液压泵总成,21.4,87.42,70.29,0.2959,0.276,medium
HDES-01069,C004,溢流阀,24.31,59.67,85.42,0.2861,0.1665,low
HDES-01070,C003,作动筒,14.84,34.52,71.29,0.3676,0.1727,low
HDES-01071,C011,管路总成,24.66,69.31,77.42,0.4509,0.0646,low
HDES-01072,C002,方向控制阀,28.37,97.26,68.63,0.3016,0.2531,medium
HDES-01073,C002,方向控制阀,6.0,93.7,71.17,0.3651,0.3754,medium
HDES-01074,C004,溢流阀,22.76,86.02,72.69,0.1943,0.396,medium
HDES-01075,C004,溢流阀,21.46,56.62,92.75,0.3672,0.1683,low
HDES-01076,C008,液压油箱,11.25,103.35,77.14,0.109,0.572,high
HDES-01077,C005,蓄能器,19.34,17.7,72.82,0.1447,0.5256,high
HDES-01078,C010,节流阀,18.5,97.47,74.8,0.324,0.1615,low
HDES-01079,C002,方向控制阀,14.8,75.02,68.34,0.3026,0.2587,medium
HDES-01080,C002,方向控制阀,22.78,100.85,67.79,0.3126,0.1727,low
HDES-01081,C001,液压泵总成,24.87,113.12,93.41,0.3675,0.1066,low
HDES-01082,C001,液压泵总成,28.22,105.11,78.58,0.3374,0.1483,low
HDES-01083,C009,单向阀,12.42,40.19,82.95,0.2558,0.3038,medium
HDES-01084,C008,液压油箱,26.71,104.16,76.83,0.2797,0.1813,low
HDES-01085,C003,作动筒,18.4,51.43,74.7,0.2645,0.2504,medium
HDES-01086,C012,卸荷阀,21.61,94.92,79.33,0.4644,0.0831,low
HDES-01087,C007,过滤器,26.11,50.08,69.88,0.3697,0.1259,low
HDES-01088,C008,液压油箱,17.61,117.72,86.14,0.3736,0.0277,low
HDES-01089,C003,作动筒,16.06,47.4,68.92,0.4343,0.087,low
HDES-01090,C004,溢流阀,28.1,12.4,73.77,0.176,0.3755,medium
HDES-01091,C003,作动筒,9.1,65.07,68.98,0.3676,0.4336,medium
HDES-01092,C010,节流阀,20.22,100.43,63.97,0.4424,0.1162,low
HDES-01093,C007,过滤器,23.41,53.1,84.41,0.386,0.0527,low
HDES-01094,C002,方向控制阀,20.99,128.56,65.17,0.2946,0.2724,medium
HDES-01095,C006,冷却器,18.45,44.94,81.3,0.369,0.0271,low
HDES-01096,C005,蓄能器,25.12,36.17,76.71,0.3436,0.1637,low
HDES-01097,C008,液压油箱,20.02,112.81,72.24,0.3501,0.0703,low
HDES-01098,C006,冷却器,21.51,44.76,95.3,0.3963,0.0633,low
HDES-01099,C009,单向阀,27.28,50.17,90.47,0.4122,0.0,low
HDES-01100,C011,管路总成,18.87,44.47,68.69,0.3425,0.3537,medium
HDES-01101,C007,过滤器,13.13,57.98,65.69,0.4029,0.2642,medium
HDES-01102,C007,过滤器,20.71,79.34,79.42,0.4055,0.0045,low
HDES-01103,C012,卸荷阀,15.46,33.04,70.61,0.127,0.71,high
HDES-01104,C007,过滤器,20.79,60.77,89.41,0.2048,0.2832,medium
HDES-01105,C009,单向阀,19.48,74.5,65.91,0.2435,0.3311,medium
HDES-01106,C006,冷却器,13.67,50.79,79.38,0.3049,0.1742,low
HDES-01107,C004,溢流阀,27.89,53.47,73.37,0.299,0.239,low
HDES-01108,C005,蓄能器,29.94,43.29,70.34,0.2051,0.319,medium
HDES-01109,C001,液压泵总成,25.55,89.16,81.66,0.2117,0.2664,medium
HDES-01110,C002,方向控制阀,12.84,81.22,87.86,0.3161,0.251,medium
HDES-01111,C006,冷却器,20.6,51.72,76.74,0.3147,0.1492,low
HDES-01112,C005,蓄能器,34.31,68.56,60.52,0.367,0.2123,low
HDES-01113,C001,液压泵总成,22.54,104.46,74.25,0.3062,0.2402,low
HDES-01114,C010,节流阀,21.4,120.16,73.08,0.4472,0.0068,low
HDES-01115,C010,节流阀,20.56,75.8,77.82,0.398,0.0,low
HDES-01116,C004,溢流阀,25.35,36.83,101.84,0.3144,0.1742,low
HDES-01117,C009,单向阀,6.0,40.0,87.98,0.4778,0.1782,low
HDES-01118,C001,液压泵总成,19.04,88.05,72.61,0.4185,0.168,low
HDES-01119,C001,液压泵总成,21.2,94.66,87.12,0.3746,0.1302,low
HDES-01120,C006,冷却器,17.3,52.96,95.53,0.411,0.0,low
HDES-01121,C002,方向控制阀,10.66,85.9,77.96,0.3423,0.2503,medium
HDES-01122,C009,单向阀,13.45,43.9,76.0,0.2253,0.312,medium
HDES-01123,C009,单向阀,15.56,19.25,75.49,0.3289,0.1768,low
HDES-01124,C005,蓄能器,29.15,87.31,76.28,0.296,0.1262,low
HDES-01125,C012,卸荷阀,35.89,61.6,79.0,0.2277,0.269,medium
HDES-01126,C004,溢流阀,15.76,57.21,58.71,0.3415,0.3832,medium
HDES-01127,C010,节流阀,17.21,84.1,70.43,0.3202,0.139,low
HDES-01128,C008,液压油箱,18.21,101.28,83.45,0.4101,0.0,low
HDES-01129,C012,卸荷阀,26.77,42.26,89.23,0.2279,0.1982,low
HDES-01130,C005,蓄能器,19.88,84.91,82.61,0.3287,0.2437,low
HDES-01131,C010,节流阀,23.82,95.99,79.88,0.3006,0.1146,low
HDES-01132,C005,蓄能器,21.71,82.08,83.73,0.3718,0.0725,low
HDES-01133,C007,过滤器,14.78,19.19,85.65,0.1687,0.4077,medium
HDES-01134,C006,冷却器,21.39,33.42,86.41,0.2793,0.1455,low
HDES-01135,C009,单向阀,24.16,31.9,84.96,0.3841,0.0507,low
HDES-01136,C005,蓄能器,20.46,41.91,100.28,0.3513,0.1507,low
HDES-01137,C007,过滤器,14.09,25.21,79.89,0.4644,0.0722,low
HDES-01138,C009,单向阀,21.97,59.91,66.03,0.408,0.1243,low
HDES-01139,C008,液压油箱,14.16,119.61,75.73,0.325,0.2284,low
HDES-01140,C003,作动筒,21.58,52.51,81.99,0.2773,0.2027,low
HDES-01141,C008,液压油箱,24.4,79.08,98.14,0.3776,0.0617,low
HDES-01142,C007,过滤器,17.2,63.73,89.03,0.344,0.1075,low
HDES-01143,C011,管路总成,25.17,35.01,72.0,0.4734,0.0521,low
HDES-01144,C011,管路总成,27.06,67.37,76.19,0.2519,0.2368,low
HDES-01145,C012,卸荷阀,22.99,37.65,65.21,0.3384,0.1718,low
HDES-01146,C012,卸荷阀,29.45,42.59,75.42,0.1785,0.2866,medium
HDES-01147,C001,液压泵总成,20.02,91.07,83.96,0.3537,0.1164,low
HDES-01148,C004,溢流阀,19.9,50.93,64.76,0.381,0.2001,low
HDES-01149,C001,液压泵总成,21.89,110.14,87.1,0.3228,0.1099,low
HDES-01150,C006,冷却器,19.02,86.15,102.52,0.3133,0.164,low
HDES-01151,C001,液压泵总成,22.95,105.15,81.31,0.3746,0.0989,low
HDES-01152,C004,溢流阀,18.13,49.54,79.82,0.4684,0.1579,low
HDES-01153,C006,冷却器,11.02,81.12,102.61,0.1922,0.4782,medium
HDES-01154,C012,卸荷阀,25.57,57.07,72.97,0.4318,0.0255,low
HDES-01155,C003,作动筒,19.67,56.21,76.35,0.3402,0.0238,low
HDES-01156,C010,节流阀,12.33,73.44,77.88,0.2288,0.3621,medium
HDES-01157,C003,作动筒,14.85,40.78,76.44,0.338,0.2749,medium
HDES-01158,C009,单向阀,26.97,51.01,75.16,0.3031,0.0916,low
HDES-01159,C012,卸荷阀,23.8,49.8,69.71,0.3859,0.1061,low
HDES-01160,C008,液压油箱,11.0,67.06,95.76,0.4306,0.226,low
HDES-01161,C002,方向控制阀,22.93,91.18,85.04,0.2485,0.1855,low
HDES-01162,C008,液压油箱,25.08,112.35,82.51,0.3606,0.0689,low
HDES-01163,C010,节流阀,20.18,80.44,67.93,0.1697,0.3926,medium
HDES-01164,C005,蓄能器,26.29,61.58,75.4,0.3707,0.0823,low
HDES-01165,C005,蓄能器,18.9,69.52,83.42,0.2355,0.3492,medium
HDES-01166,C012,卸荷阀,22.12,57.6,77.07,0.2145,0.3508,medium
HDES-01167,C008,液压油箱,27.85,84.57,81.5,0.3164,0.1175,low
HDES-01168,C003,作动筒,18.63,27.52,81.11,0.3339,0.0808,low
HDES-01169,C011,管路总成,17.14,83.93,91.81,0.2642,0.4077,medium
HDES-01170,C007,过滤器,15.48,62.17,95.88,0.3274,0.1885,low
HDES-01171,C010,节流阀,11.21,90.35,76.78,0.3769,0.1941,low
HDES-01172,C003,作动筒,21.77,69.51,62.56,0.429,0.061,low
HDES-01173,C002,方向控制阀,17.38,79.79,80.83,0.4422,0.0119,low
HDES-01174,C012,卸荷阀,21.51,53.6,80.16,0.1552,0.3912,medium
HDES-01175,C006,冷却器,26.82,36.93,71.56,0.3834,0.111,low
HDES-01176,C004,溢流阀,20.22,60.01,80.1,0.2835,0.2696,medium
HDES-01177,C009,单向阀,10.95,53.75,75.7,0.374,0.2291,low
HDES-01178,C009,单向阀,23.45,87.4,77.1,0.3878,0.0712,low
HDES-01179,C001,液压泵总成,25.75,93.34,75.8,0.4379,0.0,low
HDES-01180,C011,管路总成,12.68,51.64,80.13,0.3384,0.367,medium
HDES-01181,C009,单向阀,15.08,50.17,70.48,0.2464,0.3655,medium
HDES-01182,C009,单向阀,7.95,69.89,73.7,0.2548,0.4979,medium
HDES-01183,C009,单向阀,15.22,44.66,77.46,0.3432,0.1731,low
HDES-01184,C004,溢流阀,18.49,46.41,79.09,0.1438,0.5266,high
HDES-01185,C011,管路总成,22.25,68.97,73.11,0.2981,0.2651,medium
HDES-01186,C010,节流阀,20.16,79.96,87.6,0.3752,0.0658,low
HDES-01187,C012,卸荷阀,27.18,77.56,69.69,0.2213,0.291,medium
HDES-01188,C009,单向阀,15.6,80.43,74.35,0.3221,0.1747,low
HDES-01189,C011,管路总成,29.82,38.42,79.44,0.3049,0.0969,low
HDES-01190,C009,单向阀,12.94,50.59,80.54,0.3233,0.2634,medium
HDES-01191,C008,液压油箱,23.17,114.98,78.11,0.3641,0.1232,low
HDES-01192,C002,方向控制阀,17.9,79.68,82.29,0.2155,0.2344,low
HDES-01193,C002,方向控制阀,19.47,128.75,64.53,0.3934,0.098,low
HDES-01194,C010,节流阀,24.77,89.17,81.03,0.3874,0.0565,low
HDES-01195,C010,节流阀,26.97,84.2,74.42,0.3955,0.0905,low
HDES-01196,C010,节流阀,21.64,101.57,56.31,0.2033,0.441,medium
HDES-01197,C007,过滤器,21.38,31.87,88.21,0.2959,0.144,low
HDES-01198,C012,卸荷阀,27.25,67.46,75.23,0.4471,0.052,low
HDES-01199,C002,方向控制阀,23.92,65.88,66.54,0.391,0.1324,low
HDES-01200,C010,节流阀,16.6,107.12,83.88,0.3626,0.0904,low
