manufacturing_batch_id,process_type,equipment_id,machining_error,surface_roughness,cleanliness_level,manufacturing_risk_score,manufacturing_risk_level
HMAN-00001,machining,HEQ-080,0.0525,1.2921,0.7055,0.5963,high
HMAN-00002,cleaning,HEQ-132,0.007,0.2531,0.1237,0.0755,low
HMAN-00003,machining,HEQ-084,0.0554,0.8415,0.5392,0.4907,medium
HMAN-00004,welding,HEQ-023,0.0155,0.8789,0.3517,0.299,medium
HMAN-00005,heat_treatment,HEQ-110,0.0297,0.8611,0.2393,0.2738,medium
HMAN-00006,grinding,HEQ-132,0.0133,0.4543,0.5919,0.2442,low
HMAN-00007,machining,HEQ-084,0.0045,0.4407,0.2956,0.1194,low
HMAN-00008,grinding,HEQ-124,0.0035,0.7352,0.3803,0.2465,low
HMAN-00009,heat_treatment,HEQ-039,0.021,0.5373,0.2156,0.2156,low
HMAN-00010,heat_treatment,HEQ-091,0.075,0.3593,0.4974,0.3378,medium
HMAN-00011,heat_treatment,HEQ-043,0.036,0.6583,0.3441,0.335,medium
HMAN-00012,cleaning,HEQ-009,0.0303,0.6532,0.1329,0.2165,low
HMAN-00013,cleaning,HEQ-109,0.0067,0.5251,0.4869,0.2324,low
HMAN-00014,grinding,HEQ-037,0.0065,0.3777,0.551,0.1881,low
HMAN-00015,machining,HEQ-023,0.0384,1.4419,0.7955,0.5208,high
HMAN-00016,machining,HEQ-062,0.0107,0.1619,0.3796,0.1245,low
HMAN-00017,heat_treatment,HEQ-124,0.0185,0.1962,0.2429,0.1834,low
HMAN-00018,grinding,HEQ-001,0.0101,0.2982,0.6279,0.2883,medium
HMAN-00019,machining,HEQ-137,0.0047,0.9673,0.2536,0.2464,low
HMAN-00020,heat_treatment,HEQ-006,0.0328,0.3536,0.1551,0.2471,low
HMAN-00021,welding,HEQ-099,0.0347,0.3961,0.3556,0.2022,low
HMAN-00022,heat_treatment,HEQ-042,0.0437,1.4803,0.4001,0.5158,high
HMAN-00023,welding,HEQ-036,0.0211,0.5011,0.2052,0.2495,low
HMAN-00024,heat_treatment,HEQ-107,0.031,0.5492,0.4647,0.327,medium
HMAN-00025,heat_treatment,HEQ-135,0.0282,0.8765,0.6273,0.4008,medium
HMAN-00026,grinding,HEQ-076,0.0633,0.853,0.5242,0.4909,medium
HMAN-00027,heat_treatment,HEQ-002,0.0144,0.3849,0.309,0.2246,low
HMAN-00028,machining,HEQ-116,0.0618,0.4433,0.8135,0.5271,high
HMAN-00029,cleaning,HEQ-030,0.0641,0.3282,0.4643,0.4417,medium
HMAN-00030,welding,HEQ-107,0.0199,0.6731,0.4862,0.2899,medium
HMAN-00031,welding,HEQ-139,0.0087,0.4446,0.7236,0.3196,medium
HMAN-00032,machining,HEQ-133,0.0151,0.7497,0.2404,0.241,low
HMAN-00033,heat_treatment,HEQ-139,0.0571,0.9874,0.4251,0.4447,medium
HMAN-00034,machining,HEQ-028,0.0368,0.2153,0.4814,0.2881,medium
HMAN-00035,cleaning,HEQ-137,0.0335,0.5622,0.3928,0.3192,medium
HMAN-00036,welding,HEQ-044,0.0112,0.7434,0.472,0.2511,medium
HMAN-00037,cleaning,HEQ-107,0.0381,0.4815,0.4117,0.2507,medium
HMAN-00038,grinding,HEQ-065,0.0524,0.7533,0.1672,0.2928,medium
HMAN-00039,cleaning,HEQ-001,0.007,0.0878,0.4145,0.2022,low
HMAN-00040,grinding,HEQ-098,0.0732,0.14,0.4227,0.3697,medium
HMAN-00041,grinding,HEQ-106,0.0213,0.4377,0.3379,0.1714,low
HMAN-00042,heat_treatment,HEQ-122,0.01,0.2112,0.3223,0.2191,low
HMAN-00043,heat_treatment,HEQ-080,0.0412,0.7295,0.5577,0.3816,medium
HMAN-00044,grinding,HEQ-133,0.0238,0.8478,0.1795,0.1732,low
HMAN-00045,heat_treatment,HEQ-128,0.01,0.2214,0.4429,0.2098,low
HMAN-00046,machining,HEQ-068,0.0117,0.3802,0.3101,0.2318,low
HMAN-00047,machining,HEQ-097,0.0224,0.6362,0.2565,0.19,low
HMAN-00048,grinding,HEQ-072,0.0025,0.1957,0.2348,0.1023,low
HMAN-00049,welding,HEQ-073,0.0429,0.3887,0.4606,0.3129,medium
HMAN-00050,cleaning,HEQ-045,0.0029,0.3617,0.0974,0.0813,low
HMAN-00051,machining,HEQ-101,0.0051,0.2781,0.3863,0.2102,low
HMAN-00052,grinding,HEQ-002,0.0374,0.4743,0.3422,0.1602,low
HMAN-00053,machining,HEQ-024,0.0067,0.0721,0.3044,0.1972,low
HMAN-00054,grinding,HEQ-134,0.0469,0.7862,0.459,0.4222,medium
HMAN-00055,heat_treatment,HEQ-036,0.0499,0.4605,0.498,0.3322,medium
HMAN-00056,welding,HEQ-108,0.0241,0.4785,0.3741,0.1366,low
HMAN-00057,heat_treatment,HEQ-096,0.1234,0.8014,0.2952,0.5873,high
HMAN-00058,machining,HEQ-015,0.0369,0.3692,0.3323,0.2822,medium
HMAN-00059,welding,HEQ-094,0.0733,0.6092,0.2451,0.3865,medium
HMAN-00060,cleaning,HEQ-037,0.0277,0.2173,0.2579,0.2185,low
HMAN-00061,grinding,HEQ-088,0.0357,1.3016,0.2697,0.3509,medium
HMAN-00062,welding,HEQ-070,0.038,0.5438,0.2034,0.2616,medium
HMAN-00063,grinding,HEQ-001,0.033,0.0962,0.6747,0.2224,low
HMAN-00064,heat_treatment,HEQ-051,0.0214,1.3931,0.481,0.4988,medium
HMAN-00065,cleaning,HEQ-132,0.0417,0.7629,0.3454,0.3984,medium
HMAN-00066,grinding,HEQ-046,0.0302,0.5035,0.3422,0.2388,low
HMAN-00067,grinding,HEQ-116,0.0387,0.6909,0.2722,0.31,medium
HMAN-00068,cleaning,HEQ-076,0.0239,0.4532,0.6389,0.297,medium
HMAN-00069,grinding,HEQ-077,0.0071,0.1338,0.4213,0.1695,low
HMAN-00070,machining,HEQ-041,0.0091,0.1194,0.3536,0.1242,low
HMAN-00071,welding,HEQ-089,0.0174,0.7359,0.257,0.273,medium
HMAN-00072,welding,HEQ-081,0.0161,0.5912,0.5125,0.2365,low
HMAN-00073,cleaning,HEQ-016,0.009,0.2348,0.4804,0.2288,low
HMAN-00074,heat_treatment,HEQ-103,0.0279,0.4603,0.296,0.1988,low
HMAN-00075,cleaning,HEQ-109,0.0374,0.3224,0.058,0.1566,low
HMAN-00076,machining,HEQ-062,0.0404,0.7797,0.401,0.2967,medium
HMAN-00077,machining,HEQ-063,0.0309,0.184,0.4464,0.2062,low
HMAN-00078,welding,HEQ-012,0.0118,0.7025,0.6651,0.3556,medium
HMAN-00079,cleaning,HEQ-119,0.0367,0.6058,0.2547,0.2455,low
HMAN-00080,welding,HEQ-137,0.02,1.377,0.529,0.4016,medium
HMAN-00081,welding,HEQ-126,0.0547,0.2685,0.4645,0.2823,medium
HMAN-00082,cleaning,HEQ-134,0.0217,0.6225,0.7506,0.4557,medium
HMAN-00083,machining,HEQ-012,0.0295,0.7503,0.5442,0.3125,medium
HMAN-00084,welding,HEQ-093,0.0365,0.3823,0.4192,0.3648,medium
HMAN-00085,heat_treatment,HEQ-010,0.0438,0.2229,0.4685,0.3857,medium
HMAN-00086,heat_treatment,HEQ-077,0.036,0.6805,0.2918,0.3409,medium
HMAN-00087,welding,HEQ-091,0.0873,0.5993,0.3267,0.4592,medium
HMAN-00088,cleaning,HEQ-083,0.0636,0.9275,0.4206,0.3867,medium
HMAN-00089,welding,HEQ-101,0.0085,0.2536,0.4355,0.156,low
HMAN-00090,machining,HEQ-083,0.0345,1.164,0.344,0.3741,medium
HMAN-00091,grinding,HEQ-056,0.0904,1.099,0.4181,0.4921,medium
HMAN-00092,welding,HEQ-070,0.0328,0.2375,0.3399,0.1915,low
HMAN-00093,heat_treatment,HEQ-039,0.0223,1.0373,0.7527,0.4413,medium
HMAN-00094,machining,HEQ-097,0.0184,0.4298,0.4258,0.2342,low
HMAN-00095,cleaning,HEQ-067,0.0867,0.3711,0.8327,0.6242,high
HMAN-00096,grinding,HEQ-058,0.0231,0.05,0.5431,0.1659,low
HMAN-00097,welding,HEQ-111,0.0496,0.3819,0.3307,0.2563,medium
HMAN-00098,grinding,HEQ-087,0.0104,0.8129,0.5339,0.3723,medium
HMAN-00099,welding,HEQ-097,0.0339,0.3614,0.4998,0.349,medium
HMAN-00100,heat_treatment,HEQ-062,0.0215,0.133,0.1984,0.1745,low
HMAN-00101,welding,HEQ-007,0.0054,0.3162,0.3597,0.1598,low
HMAN-00102,machining,HEQ-107,0.0961,0.4593,0.2878,0.4446,medium
HMAN-00103,grinding,HEQ-103,0.0192,0.2328,0.381,0.1465,low
HMAN-00104,cleaning,HEQ-140,0.0242,0.7578,0.6063,0.4114,medium
HMAN-00105,heat_treatment,HEQ-064,0.0201,0.4133,0.3928,0.3119,medium
HMAN-00106,machining,HEQ-088,0.0386,0.2399,0.066,0.2162,low
HMAN-00107,heat_treatment,HEQ-040,0.0251,0.5673,0.6443,0.3491,medium
HMAN-00108,machining,HEQ-111,0.0356,0.6072,0.1025,0.234,low
HMAN-00109,heat_treatment,HEQ-116,0.0694,0.4597,0.2892,0.3338,medium
HMAN-00110,welding,HEQ-131,0.0086,0.1505,0.4688,0.1766,low
HMAN-00111,cleaning,HEQ-128,0.0113,0.6659,0.481,0.3691,medium
HMAN-00112,heat_treatment,HEQ-027,0.0492,0.5178,0.7252,0.4924,medium
HMAN-00113,grinding,HEQ-008,0.0327,0.2741,0.3529,0.2375,low
HMAN-00114,grinding,HEQ-081,0.041,0.8043,0.0895,0.3174,medium
HMAN-00115,heat_treatment,HEQ-111,0.0287,0.2621,0.5761,0.2579,medium
HMAN-00116,cleaning,HEQ-060,0.0116,0.074,0.4888,0.2759,medium
HMAN-00117,heat_treatment,HEQ-127,0.0623,0.1514,0.3134,0.2729,medium
HMAN-00118,heat_treatment,HEQ-076,0.0179,0.6521,0.4743,0.2857,medium
HMAN-00119,machining,HEQ-087,0.0346,0.6986,0.7826,0.4454,medium
HMAN-00120,cleaning,HEQ-140,0.0348,1.1999,0.4779,0.436,medium
HMAN-00121,heat_treatment,HEQ-089,0.0202,0.1475,0.1899,0.1476,low
HMAN-00122,cleaning,HEQ-062,0.0086,0.3376,0.7095,0.3075,medium
HMAN-00123,welding,HEQ-077,0.0175,0.83,0.4549,0.3055,medium
HMAN-00124,welding,HEQ-059,0.0348,0.6878,0.5041,0.4276,medium
HMAN-00125,machining,HEQ-034,0.0628,0.4003,0.4904,0.4371,medium
HMAN-00126,grinding,HEQ-055,0.0621,0.3494,0.4115,0.3704,medium
HMAN-00127,grinding,HEQ-107,0.0269,0.1596,0.412,0.229,low
HMAN-00128,cleaning,HEQ-024,0.0053,0.4089,0.848,0.302,medium
HMAN-00129,grinding,HEQ-123,0.0616,0.2293,0.431,0.3833,medium
HMAN-00130,machining,HEQ-007,0.0431,0.2095,0.4935,0.2808,medium
HMAN-00131,grinding,HEQ-066,0.0711,0.6344,0.4489,0.3828,medium
HMAN-00132,grinding,HEQ-115,0.0267,0.5183,0.4062,0.2659,medium
HMAN-00133,heat_treatment,HEQ-096,0.0171,0.4055,0.0681,0.1112,low
HMAN-00134,heat_treatment,HEQ-035,0.0441,0.4854,0.2114,0.2566,medium
HMAN-00135,heat_treatment,HEQ-131,0.0188,0.8004,0.4801,0.3087,medium
HMAN-00136,grinding,HEQ-090,0.01,0.841,0.331,0.2866,medium
HMAN-00137,grinding,HEQ-123,0.0863,0.3524,0.6924,0.5638,high
HMAN-00138,heat_treatment,HEQ-001,0.1039,0.4706,0.293,0.4095,medium
HMAN-00139,welding,HEQ-120,0.031,1.3007,0.3133,0.3706,medium
HMAN-00140,machining,HEQ-008,0.0179,0.5272,0.5048,0.3113,medium
HMAN-00141,cleaning,HEQ-060,0.0225,0.3806,0.6834,0.3366,medium
HMAN-00142,cleaning,HEQ-138,0.0376,0.1008,0.6152,0.4043,medium
HMAN-00143,welding,HEQ-038,0.0228,0.4417,0.1998,0.2123,low
HMAN-00144,welding,HEQ-086,0.0226,0.6503,0.2196,0.2275,low
HMAN-00145,welding,HEQ-056,0.031,0.2508,0.3211,0.2223,low
HMAN-00146,machining,HEQ-025,0.0085,0.6406,0.4073,0.2009,low
HMAN-00147,grinding,HEQ-075,0.0577,2.2191,0.3347,0.5589,high
HMAN-00148,machining,HEQ-081,0.0374,0.4173,0.2005,0.1788,low
HMAN-00149,machining,HEQ-091,0.0239,0.0798,0.6331,0.3705,medium
HMAN-00150,heat_treatment,HEQ-007,0.0516,0.345,0.2541,0.27,medium
HMAN-00151,machining,HEQ-054,0.0498,0.1073,0.5095,0.3121,medium
HMAN-00152,heat_treatment,HEQ-036,0.1442,0.2666,0.5991,0.643,high
HMAN-00153,heat_treatment,HEQ-077,0.0533,0.5042,0.512,0.3563,medium
HMAN-00154,heat_treatment,HEQ-016,0.0593,0.5784,0.4884,0.4092,medium
HMAN-00155,cleaning,HEQ-132,0.0293,0.4912,0.2387,0.1281,low
HMAN-00156,cleaning,HEQ-140,0.027,0.2657,0.4134,0.2731,medium
HMAN-00157,cleaning,HEQ-103,0.0056,0.2361,0.7471,0.3517,medium
HMAN-00158,grinding,HEQ-028,0.0259,0.3161,0.4957,0.3165,medium
HMAN-00159,heat_treatment,HEQ-030,0.0133,0.4352,0.3899,0.2256,low
HMAN-00160,machining,HEQ-095,0.0608,0.562,0.7574,0.4867,medium
HMAN-00161,machining,HEQ-108,0.0146,0.3782,0.02,0.1121,low
HMAN-00162,heat_treatment,HEQ-025,0.032,0.7247,0.5673,0.3866,medium
HMAN-00163,cleaning,HEQ-002,0.0154,0.2561,0.4617,0.2913,medium
HMAN-00164,machining,HEQ-093,0.0358,0.4082,0.3513,0.2552,medium
HMAN-00165,cleaning,HEQ-138,0.0469,0.2246,0.4297,0.304,medium
HMAN-00166,cleaning,HEQ-008,0.1599,0.2421,0.1096,0.4758,medium
HMAN-00167,cleaning,HEQ-010,0.0219,1.2665,0.35,0.3728,medium
HMAN-00168,welding,HEQ-017,0.0365,0.1276,0.433,0.243,low
HMAN-00169,cleaning,HEQ-122,0.0509,0.3293,0.3787,0.367,medium
HMAN-00170,welding,HEQ-110,0.0204,0.2226,0.4057,0.2103,low
HMAN-00171,grinding,HEQ-088,0.0624,0.8246,0.4759,0.531,high
HMAN-00172,grinding,HEQ-096,0.002,0.4028,0.2754,0.115,low
HMAN-00173,machining,HEQ-050,0.0375,0.5113,0.5769,0.3272,medium
HMAN-00174,welding,HEQ-010,0.027,0.4099,0.213,0.2189,low
HMAN-00175,cleaning,HEQ-121,0.0051,0.7521,0.3586,0.261,medium
HMAN-00176,grinding,HEQ-120,0.057,0.318,0.5498,0.3419,medium
HMAN-00177,grinding,HEQ-031,0.0711,0.1339,0.1142,0.2582,medium
HMAN-00178,heat_treatment,HEQ-062,0.0381,0.0523,0.4365,0.2533,medium
HMAN-00179,machining,HEQ-115,0.0737,0.6058,0.1665,0.3339,medium
HMAN-00180,grinding,HEQ-029,0.0227,0.68,0.3703,0.283,medium
HMAN-00181,machining,HEQ-044,0.0069,0.0905,0.5018,0.1776,low
HMAN-00182,heat_treatment,HEQ-061,0.0265,0.1903,0.4997,0.2824,medium
HMAN-00183,cleaning,HEQ-019,0.0597,0.8337,0.2778,0.3192,medium
HMAN-00184,grinding,HEQ-021,0.0305,0.159,0.2666,0.2034,low
HMAN-00185,welding,HEQ-049,0.0128,0.2435,0.6535,0.2751,medium
HMAN-00186,machining,HEQ-136,0.0408,0.1717,0.5273,0.2532,medium
HMAN-00187,grinding,HEQ-020,0.0521,0.2404,0.8537,0.5432,high
HMAN-00188,grinding,HEQ-058,0.0419,0.8098,0.5866,0.5194,high
HMAN-00189,grinding,HEQ-034,0.0399,0.7244,0.2073,0.2701,medium
HMAN-00190,grinding,HEQ-100,0.0069,0.3555,0.5705,0.2812,medium
HMAN-00191,heat_treatment,HEQ-001,0.0114,0.1014,0.3885,0.2287,low
HMAN-00192,welding,HEQ-016,0.0087,0.5392,0.156,0.1582,low
HMAN-00193,grinding,HEQ-079,0.1091,0.2088,0.3338,0.4162,medium
HMAN-00194,machining,HEQ-085,0.0311,0.0873,0.2471,0.1279,low
HMAN-00195,welding,HEQ-045,0.031,0.1025,0.7253,0.3517,medium
HMAN-00196,cleaning,HEQ-026,0.0146,0.7813,0.1209,0.2349,low
HMAN-00197,welding,HEQ-081,0.0394,0.2455,0.3417,0.203,low
HMAN-00198,machining,HEQ-095,0.0425,1.1367,0.2687,0.3425,medium
HMAN-00199,grinding,HEQ-079,0.0408,0.5575,0.3297,0.3101,medium
HMAN-00200,grinding,HEQ-085,0.0475,0.966,0.1166,0.3445,medium
HMAN-00201,grinding,HEQ-137,0.0154,0.1159,0.0709,0.0471,low
HMAN-00202,machining,HEQ-064,0.0369,0.1406,0.7759,0.3834,medium
HMAN-00203,heat_treatment,HEQ-014,0.0237,0.3099,0.3412,0.257,medium
HMAN-00204,machining,HEQ-021,0.0185,0.4375,0.2269,0.1351,low
HMAN-00205,cleaning,HEQ-053,0.019,0.3154,0.4085,0.1991,low
HMAN-00206,machining,HEQ-124,0.0424,0.1999,0.4894,0.2906,medium
HMAN-00207,machining,HEQ-139,0.049,0.05,0.5765,0.3495,medium
HMAN-00208,grinding,HEQ-128,0.0354,0.4376,0.5279,0.3695,medium
HMAN-00209,grinding,HEQ-074,0.0758,0.6152,0.3384,0.4526,medium
HMAN-00210,welding,HEQ-120,0.0252,0.1955,0.5126,0.2872,medium
HMAN-00211,grinding,HEQ-095,0.0051,0.2899,0.6295,0.2734,medium
HMAN-00212,welding,HEQ-067,0.0156,0.4415,0.0589,0.1637,low
HMAN-00213,heat_treatment,HEQ-015,0.0616,0.5756,0.4097,0.3596,medium
HMAN-00214,grinding,HEQ-129,0.007,0.3576,0.3485,0.1655,low
HMAN-00215,cleaning,HEQ-024,0.0457,0.153,0.5517,0.2746,medium
HMAN-00216,grinding,HEQ-040,0.0378,1.017,0.5984,0.4069,medium
HMAN-00217,cleaning,HEQ-043,0.028,1.0323,0.2462,0.3305,medium
HMAN-00218,heat_treatment,HEQ-019,0.0752,0.6209,0.4131,0.3979,medium
HMAN-00219,cleaning,HEQ-136,0.0489,0.1713,0.52,0.3159,medium
HMAN-00220,heat_treatment,HEQ-028,0.0098,0.6118,0.7436,0.3765,medium
HMAN-00221,cleaning,HEQ-065,0.0487,0.3085,0.4376,0.3157,medium
HMAN-00222,machining,HEQ-095,0.0637,0.1569,0.3913,0.34,medium
HMAN-00223,machining,HEQ-098,0.0555,0.8173,0.4998,0.4038,medium
HMAN-00224,machining,HEQ-133,0.0478,0.7478,0.4183,0.3592,medium
HMAN-00225,heat_treatment,HEQ-055,0.0263,0.2629,0.2657,0.1607,low
HMAN-00226,welding,HEQ-139,0.0593,0.1269,0.8537,0.4534,medium
HMAN-00227,heat_treatment,HEQ-068,0.0096,0.1399,0.4623,0.1804,low
HMAN-00228,heat_treatment,HEQ-136,0.0184,0.3853,0.1144,0.1554,low
HMAN-00229,grinding,HEQ-041,0.0124,0.3773,0.3027,0.1988,low
HMAN-00230,grinding,HEQ-025,0.0597,0.1622,0.4256,0.277,medium
HMAN-00231,machining,HEQ-033,0.0137,0.162,0.3409,0.1178,low
HMAN-00232,machining,HEQ-032,0.0098,0.8754,0.3806,0.3088,medium
HMAN-00233,welding,HEQ-076,0.0224,0.2583,0.831,0.3395,medium
HMAN-00234,welding,HEQ-076,0.018,0.9504,0.7889,0.4727,medium
HMAN-00235,grinding,HEQ-012,0.0511,0.8286,0.1112,0.3897,medium
HMAN-00236,cleaning,HEQ-083,0.0053,0.8593,0.7153,0.3961,medium
HMAN-00237,welding,HEQ-072,0.0719,0.05,0.3082,0.3448,medium
HMAN-00238,machining,HEQ-052,0.0089,0.5478,0.249,0.1768,low
HMAN-00239,heat_treatment,HEQ-095,0.0725,0.4777,0.4496,0.3174,medium
HMAN-00240,cleaning,HEQ-055,0.16,0.1731,0.2651,0.4893,medium
HMAN-00241,welding,HEQ-028,0.0546,0.1995,0.6459,0.442,medium
HMAN-00242,welding,HEQ-047,0.0152,0.5506,0.1684,0.1931,low
HMAN-00243,cleaning,HEQ-107,0.0308,0.148,0.573,0.2552,medium
HMAN-00244,welding,HEQ-077,0.0863,0.0778,0.1833,0.3108,medium
HMAN-00245,heat_treatment,HEQ-052,0.0575,0.05,0.2259,0.2548,medium
HMAN-00246,machining,HEQ-095,0.0306,0.1428,0.5645,0.2819,medium
HMAN-00247,grinding,HEQ-041,0.0114,0.3592,0.1973,0.1521,low
HMAN-00248,heat_treatment,HEQ-028,0.0122,0.4678,0.3626,0.1981,low
HMAN-00249,cleaning,HEQ-096,0.0383,0.4835,0.3305,0.2272,low
HMAN-00250,machining,HEQ-084,0.0123,0.1532,0.1543,0.0998,low
HMAN-00251,heat_treatment,HEQ-083,0.0315,0.05,0.5477,0.2805,medium
HMAN-00252,machining,HEQ-120,0.0504,0.4917,0.1064,0.1682,low
HMAN-00253,cleaning,HEQ-006,0.0163,0.1774,0.5526,0.2589,medium
HMAN-00254,heat_treatment,HEQ-023,0.0685,0.2932,0.2459,0.3441,medium
HMAN-00255,cleaning,HEQ-131,0.0246,1.0685,0.6396,0.4251,medium
HMAN-00256,machining,HEQ-019,0.0555,1.295,0.0959,0.3183,medium
HMAN-00257,heat_treatment,HEQ-110,0.0184,1.9722,0.376,0.4178,medium
HMAN-00258,heat_treatment,HEQ-117,0.0303,0.3346,0.2818,0.241,low
HMAN-00259,machining,HEQ-113,0.002,0.27,0.448,0.197,low
HMAN-00260,machining,HEQ-056,0.0363,0.5432,0.5666,0.4102,medium
HMAN-00261,grinding,HEQ-069,0.0305,0.3815,0.2356,0.2841,medium
HMAN-00262,cleaning,HEQ-028,0.0356,0.2926,0.6723,0.3146,medium
HMAN-00263,machining,HEQ-004,0.0332,0.1947,0.3753,0.2485,low
HMAN-00264,cleaning,HEQ-090,0.035,0.6991,0.4752,0.2919,medium
HMAN-00265,grinding,HEQ-005,0.0048,0.1224,0.1952,0.0772,low
HMAN-00266,grinding,HEQ-115,0.0184,0.9161,0.6361,0.3993,medium
HMAN-00267,grinding,HEQ-017,0.0952,1.6495,0.3777,0.6325,high
HMAN-00268,heat_treatment,HEQ-078,0.0055,0.5642,0.5451,0.316,medium
HMAN-00269,cleaning,HEQ-124,0.0077,0.2707,0.613,0.2627,medium
HMAN-00270,grinding,HEQ-046,0.0333,0.1372,0.0713,0.1503,low
HMAN-00271,machining,HEQ-073,0.0059,0.2648,0.3841,0.1691,low
HMAN-00272,cleaning,HEQ-031,0.0277,0.3371,0.1739,0.1601,low
HMAN-00273,cleaning,HEQ-021,0.0888,0.05,0.112,0.2667,medium
HMAN-00274,heat_treatment,HEQ-031,0.0212,0.5282,0.3013,0.2315,low
HMAN-00275,machining,HEQ-112,0.0355,0.2395,0.2787,0.2972,medium
HMAN-00276,heat_treatment,HEQ-129,0.0249,0.6489,0.1165,0.195,low
HMAN-00277,heat_treatment,HEQ-024,0.0535,0.1233,0.7183,0.3939,medium
HMAN-00278,cleaning,HEQ-024,0.1161,1.6687,0.3857,0.741,high
HMAN-00279,welding,HEQ-084,0.0206,0.4464,0.6167,0.323,medium
HMAN-00280,cleaning,HEQ-087,0.0316,0.8051,0.11,0.3294,medium
HMAN-00281,cleaning,HEQ-036,0.0153,1.237,0.6149,0.4264,medium
HMAN-00282,grinding,HEQ-011,0.1146,0.4182,0.2304,0.4278,medium
HMAN-00283,machining,HEQ-115,0.0552,0.4624,0.3257,0.277,medium
HMAN-00284,grinding,HEQ-054,0.0269,0.2684,0.5629,0.2861,medium
HMAN-00285,cleaning,HEQ-084,0.019,0.3773,0.4171,0.2691,medium
HMAN-00286,cleaning,HEQ-069,0.0185,0.6868,0.1936,0.2845,medium
HMAN-00287,grinding,HEQ-080,0.0912,0.8661,0.3089,0.5371,high
HMAN-00288,welding,HEQ-059,0.0285,0.746,0.2179,0.3977,medium
HMAN-00289,welding,HEQ-040,0.0234,0.2308,0.0817,0.1316,low
HMAN-00290,machining,HEQ-137,0.015,0.3759,0.279,0.2404,low
HMAN-00291,cleaning,HEQ-090,0.0213,0.3584,0.1203,0.126,low
HMAN-00292,heat_treatment,HEQ-131,0.0457,0.05,0.2938,0.1956,low
HMAN-00293,cleaning,HEQ-119,0.0649,0.5904,0.4374,0.303,medium
HMAN-00294,welding,HEQ-045,0.0536,0.6554,0.1721,0.2745,medium
HMAN-00295,welding,HEQ-090,0.0656,0.4229,0.309,0.3348,medium
HMAN-00296,cleaning,HEQ-030,0.026,1.7719,0.7216,0.5533,high
HMAN-00297,heat_treatment,HEQ-133,0.073,0.3274,0.4199,0.3713,medium
HMAN-00298,cleaning,HEQ-102,0.0816,0.0943,0.436,0.3254,medium
HMAN-00299,cleaning,HEQ-126,0.0468,0.3045,0.4299,0.2655,medium
HMAN-00300,welding,HEQ-035,0.0248,0.5945,0.443,0.2104,low
HMAN-00301,welding,HEQ-072,0.0494,0.4772,0.5451,0.4847,medium
HMAN-00302,welding,HEQ-028,0.0163,0.2583,0.3779,0.2745,medium
HMAN-00303,machining,HEQ-005,0.0781,0.907,0.5715,0.5483,high
HMAN-00304,machining,HEQ-012,0.0564,0.2846,0.5644,0.3659,medium
HMAN-00305,grinding,HEQ-048,0.0201,0.5753,0.2773,0.2682,medium
HMAN-00306,heat_treatment,HEQ-047,0.0498,0.1612,0.5991,0.3411,medium
HMAN-00307,grinding,HEQ-124,0.0084,0.2214,0.3265,0.173,low
HMAN-00308,grinding,HEQ-081,0.046,0.3034,0.6116,0.4301,medium
HMAN-00309,machining,HEQ-105,0.0462,0.2357,0.3103,0.2774,medium
HMAN-00310,cleaning,HEQ-052,0.0755,0.783,0.5348,0.4422,medium
HMAN-00311,heat_treatment,HEQ-004,0.028,0.1452,0.2701,0.1817,low
HMAN-00312,machining,HEQ-100,0.0091,0.2348,0.6025,0.2291,low
HMAN-00313,cleaning,HEQ-025,0.02,0.1585,0.5682,0.243,low
HMAN-00314,heat_treatment,HEQ-111,0.0185,0.3339,0.4122,0.1847,low
HMAN-00315,cleaning,HEQ-126,0.0503,0.8003,0.8004,0.5096,high
HMAN-00316,welding,HEQ-057,0.0369,0.2406,0.3873,0.3204,medium
HMAN-00317,welding,HEQ-019,0.02,0.3848,0.5556,0.3344,medium
HMAN-00318,grinding,HEQ-050,0.0863,0.2114,0.4799,0.4373,medium
HMAN-00319,welding,HEQ-093,0.0082,0.2073,0.3563,0.2504,medium
HMAN-00320,machining,HEQ-031,0.0592,1.0081,0.1054,0.3173,medium
HMAN-00321,welding,HEQ-073,0.0181,0.1758,0.2203,0.1599,low
HMAN-00322,welding,HEQ-090,0.0774,0.5863,0.4314,0.4271,medium
HMAN-00323,machining,HEQ-086,0.1499,1.1985,0.6861,0.7297,high
HMAN-00324,welding,HEQ-050,0.076,1.4363,0.6718,0.6653,high
HMAN-00325,welding,HEQ-111,0.021,0.8166,0.5828,0.3649,medium
HMAN-00326,heat_treatment,HEQ-036,0.0299,0.1896,0.5076,0.2301,low
HMAN-00327,heat_treatment,HEQ-020,0.02,0.2089,0.6259,0.3821,medium
HMAN-00328,machining,HEQ-125,0.0223,0.362,0.3594,0.2262,low
HMAN-00329,heat_treatment,HEQ-134,0.0071,0.8255,0.4314,0.3027,medium
HMAN-00330,welding,HEQ-034,0.0186,0.7964,0.2138,0.2402,low
HMAN-00331,welding,HEQ-140,0.0337,0.234,0.3078,0.2015,low
HMAN-00332,cleaning,HEQ-102,0.0045,1.1304,0.3228,0.3158,medium
HMAN-00333,grinding,HEQ-016,0.0723,0.1653,0.6103,0.3874,medium
HMAN-00334,heat_treatment,HEQ-097,0.0418,0.0742,0.0569,0.1527,low
HMAN-00335,welding,HEQ-080,0.0711,0.1896,0.1917,0.2137,low
HMAN-00336,heat_treatment,HEQ-129,0.0451,0.157,0.484,0.3148,medium
HMAN-00337,grinding,HEQ-053,0.0237,0.1368,0.4435,0.1983,low
HMAN-00338,machining,HEQ-140,0.0152,0.1347,0.2207,0.1394,low
HMAN-00339,cleaning,HEQ-090,0.04,0.1688,0.6374,0.3522,medium
HMAN-00340,heat_treatment,HEQ-052,0.0597,0.4928,0.7167,0.4891,medium
HMAN-00341,cleaning,HEQ-039,0.0322,0.2641,0.2074,0.2019,low
HMAN-00342,cleaning,HEQ-115,0.0207,0.8227,0.2134,0.3532,medium
HMAN-00343,machining,HEQ-065,0.0533,0.6204,0.4263,0.4117,medium
HMAN-00344,cleaning,HEQ-029,0.0296,0.1948,0.0988,0.1517,low
HMAN-00345,grinding,HEQ-051,0.0332,0.3195,0.4337,0.2566,medium
HMAN-00346,cleaning,HEQ-123,0.0503,0.6082,0.555,0.4407,medium
HMAN-00347,grinding,HEQ-082,0.0631,1.0776,0.4705,0.5319,high
HMAN-00348,heat_treatment,HEQ-089,0.0444,0.6204,0.4628,0.3663,medium
HMAN-00349,cleaning,HEQ-107,0.0328,0.4631,0.3911,0.2492,low
HMAN-00350,heat_treatment,HEQ-029,0.0226,0.4596,0.4123,0.2457,low
HMAN-00351,cleaning,HEQ-022,0.0447,0.5222,0.453,0.2752,medium
HMAN-00352,machining,HEQ-063,0.0506,0.5111,0.484,0.3668,medium
HMAN-00353,welding,HEQ-034,0.0693,0.4203,0.1711,0.2391,low
HMAN-00354,grinding,HEQ-132,0.0352,0.4185,0.1054,0.1407,low
HMAN-00355,welding,HEQ-050,0.0068,0.2213,0.1353,0.0643,low
HMAN-00356,welding,HEQ-028,0.063,0.1481,0.049,0.1558,low
HMAN-00357,machining,HEQ-018,0.0719,0.365,0.3041,0.3512,medium
HMAN-00358,heat_treatment,HEQ-028,0.0271,0.4034,0.2372,0.2567,medium
HMAN-00359,cleaning,HEQ-118,0.0337,0.3871,0.4787,0.2687,medium
HMAN-00360,heat_treatment,HEQ-100,0.0339,0.4209,0.0934,0.1774,low
HMAN-00361,grinding,HEQ-035,0.0277,0.9582,0.3668,0.3318,medium
HMAN-00362,welding,HEQ-134,0.002,0.2088,0.5072,0.1998,low
HMAN-00363,heat_treatment,HEQ-126,0.0278,1.0987,0.47,0.3624,medium
HMAN-00364,welding,HEQ-136,0.068,0.6878,0.236,0.2324,low
HMAN-00365,heat_treatment,HEQ-059,0.0174,0.337,0.2331,0.1117,low
HMAN-00366,welding,HEQ-136,0.0674,0.5795,0.2536,0.3806,medium
HMAN-00367,cleaning,HEQ-051,0.0558,0.6731,0.1976,0.2969,medium
HMAN-00368,heat_treatment,HEQ-104,0.0311,1.2504,0.0152,0.2227,low
HMAN-00369,grinding,HEQ-036,0.0083,0.5007,0.3501,0.1761,low
HMAN-00370,heat_treatment,HEQ-121,0.0231,0.4303,0.1267,0.1282,low
HMAN-00371,cleaning,HEQ-097,0.0137,0.3855,0.4169,0.2189,low
HMAN-00372,heat_treatment,HEQ-096,0.0176,0.3066,0.1733,0.1432,low
HMAN-00373,heat_treatment,HEQ-081,0.0394,0.2699,0.4059,0.2485,low
HMAN-00374,heat_treatment,HEQ-001,0.0042,0.2439,0.4698,0.1381,low
HMAN-00375,heat_treatment,HEQ-127,0.0203,0.1338,0.3491,0.2645,medium
HMAN-00376,cleaning,HEQ-130,0.011,1.0258,0.1521,0.285,medium
HMAN-00377,heat_treatment,HEQ-102,0.0133,0.8044,0.7097,0.4225,medium
HMAN-00378,machining,HEQ-138,0.0145,0.1292,0.3767,0.1314,low
HMAN-00379,grinding,HEQ-105,0.1085,0.5895,0.249,0.466,medium
HMAN-00380,heat_treatment,HEQ-113,0.0253,0.3359,0.4231,0.1645,low
HMAN-00381,welding,HEQ-101,0.034,0.061,0.2243,0.1857,low
HMAN-00382,machining,HEQ-039,0.035,0.4604,0.4674,0.3392,medium
HMAN-00383,cleaning,HEQ-117,0.0402,1.0227,0.2462,0.3298,medium
HMAN-00384,heat_treatment,HEQ-107,0.0382,0.5531,0.3616,0.3003,medium
HMAN-00385,cleaning,HEQ-064,0.0162,0.2886,0.5397,0.2526,medium
HMAN-00386,heat_treatment,HEQ-058,0.0331,0.6117,0.4429,0.3597,medium
HMAN-00387,cleaning,HEQ-107,0.0197,0.281,0.3063,0.2147,low
HMAN-00388,machining,HEQ-062,0.0353,0.9304,0.1849,0.2684,medium
HMAN-00389,cleaning,HEQ-137,0.0138,1.2101,0.2675,0.2709,medium
HMAN-00390,machining,HEQ-042,0.0274,0.3124,0.145,0.1873,low
HMAN-00391,heat_treatment,HEQ-088,0.0198,0.7992,0.5615,0.2906,medium
HMAN-00392,grinding,HEQ-013,0.0198,0.1889,0.5455,0.2696,medium
HMAN-00393,welding,HEQ-111,0.0383,0.0973,0.2106,0.1912,low
HMAN-00394,grinding,HEQ-090,0.0349,0.6534,0.8533,0.5203,high
HMAN-00395,cleaning,HEQ-080,0.0834,0.4788,0.5816,0.4459,medium
HMAN-00396,welding,HEQ-017,0.068,0.5362,0.4425,0.3611,medium
HMAN-00397,grinding,HEQ-074,0.0401,0.1113,0.274,0.2145,low
HMAN-00398,grinding,HEQ-009,0.1267,0.1654,0.158,0.4571,medium
HMAN-00399,welding,HEQ-095,0.1009,0.1466,0.5187,0.4248,medium
HMAN-00400,heat_treatment,HEQ-004,0.0519,0.1326,0.4909,0.3622,medium
HMAN-00401,machining,HEQ-053,0.1064,0.712,0.4668,0.5384,high
HMAN-00402,machining,HEQ-007,0.0506,0.3313,0.4044,0.3362,medium
HMAN-00403,heat_treatment,HEQ-089,0.031,0.511,0.1279,0.2094,low
HMAN-00404,machining,HEQ-106,0.076,0.7489,0.1902,0.4128,medium
HMAN-00405,grinding,HEQ-063,0.0524,0.7016,0.4217,0.5477,high
HMAN-00406,welding,HEQ-022,0.0121,0.317,0.3981,0.2178,low
HMAN-00407,cleaning,HEQ-040,0.0858,0.3119,0.4037,0.3945,medium
HMAN-00408,machining,HEQ-033,0.0328,0.3376,0.661,0.3515,medium
HMAN-00409,welding,HEQ-016,0.0093,0.1617,0.079,0.1265,low
HMAN-00410,machining,HEQ-006,0.0337,0.685,0.6173,0.4294,medium
HMAN-00411,machining,HEQ-031,0.0424,1.0724,0.4088,0.3315,medium
HMAN-00412,grinding,HEQ-122,0.023,0.3664,0.2347,0.2188,low
HMAN-00413,machining,HEQ-047,0.0327,0.4702,0.2334,0.2704,medium
HMAN-00414,welding,HEQ-021,0.0775,0.1714,0.4259,0.383,medium
HMAN-00415,grinding,HEQ-119,0.0162,0.05,0.2902,0.2317,low
HMAN-00416,grinding,HEQ-090,0.0831,0.7951,0.4847,0.5528,high
HMAN-00417,heat_treatment,HEQ-105,0.0248,0.5096,0.4366,0.3428,medium
HMAN-00418,cleaning,HEQ-085,0.0253,1.0568,0.6002,0.4046,medium
HMAN-00419,welding,HEQ-093,0.0295,0.6231,0.4988,0.3363,medium
HMAN-00420,cleaning,HEQ-033,0.0533,0.207,0.2161,0.2658,medium
HMAN-00421,cleaning,HEQ-038,0.0566,0.9718,0.3142,0.4715,medium
HMAN-00422,welding,HEQ-017,0.038,0.1692,0.4144,0.2369,low
HMAN-00423,welding,HEQ-095,0.0525,0.1655,0.3945,0.2254,low
HMAN-00424,grinding,HEQ-100,0.0323,0.702,0.2976,0.3219,medium
HMAN-00425,welding,HEQ-044,0.0149,0.1371,0.2311,0.1368,low
HMAN-00426,heat_treatment,HEQ-074,0.1062,0.164,0.4279,0.4739,medium
HMAN-00427,grinding,HEQ-096,0.0357,0.4274,0.2057,0.2517,medium
HMAN-00428,machining,HEQ-100,0.0163,0.8078,0.4568,0.3185,medium
HMAN-00429,grinding,HEQ-024,0.0808,0.5269,0.2274,0.3812,medium
HMAN-00430,machining,HEQ-070,0.0115,0.7081,0.4473,0.2412,low
HMAN-00431,machining,HEQ-020,0.0289,0.2246,0.3602,0.1863,low
HMAN-00432,heat_treatment,HEQ-112,0.0254,0.2507,0.2625,0.1855,low
HMAN-00433,welding,HEQ-075,0.0444,0.0937,0.4661,0.2319,low
HMAN-00434,welding,HEQ-099,0.0175,0.2455,0.3857,0.1661,low
HMAN-00435,heat_treatment,HEQ-127,0.0509,0.0543,0.2685,0.1667,low
HMAN-00436,machining,HEQ-116,0.0333,0.2113,0.8019,0.4472,medium
HMAN-00437,cleaning,HEQ-057,0.0798,0.3496,0.4519,0.4434,medium
HMAN-00438,cleaning,HEQ-069,0.0299,0.462,0.1656,0.2679,medium
HMAN-00439,cleaning,HEQ-089,0.0873,0.3047,0.3786,0.4389,medium
HMAN-00440,heat_treatment,HEQ-071,0.0323,0.05,0.4046,0.1495,low
HMAN-00441,heat_treatment,HEQ-109,0.0212,0.1172,0.6523,0.2261,low
HMAN-00442,cleaning,HEQ-060,0.0624,0.4358,0.5671,0.4258,medium
HMAN-00443,machining,HEQ-010,0.0175,0.2596,0.4142,0.1985,low
HMAN-00444,heat_treatment,HEQ-114,0.1101,0.2443,0.3332,0.4006,medium
HMAN-00445,grinding,HEQ-050,0.0794,1.1396,0.2473,0.4457,medium
HMAN-00446,grinding,HEQ-127,0.0144,0.4293,0.4382,0.2688,medium
HMAN-00447,cleaning,HEQ-135,0.0119,0.4775,0.4023,0.2558,medium
HMAN-00448,cleaning,HEQ-105,0.0058,0.4617,0.6962,0.3407,medium
HMAN-00449,machining,HEQ-120,0.0112,0.6953,0.5606,0.3274,medium
HMAN-00450,heat_treatment,HEQ-060,0.0497,0.1504,0.6381,0.3374,medium
HMAN-00451,welding,HEQ-120,0.0339,0.05,0.161,0.1449,low
HMAN-00452,grinding,HEQ-072,0.0372,0.3798,0.7383,0.4512,medium
HMAN-00453,heat_treatment,HEQ-002,0.1143,0.6799,0.3642,0.5028,high
HMAN-00454,cleaning,HEQ-058,0.0288,0.8006,0.1542,0.2863,medium
HMAN-00455,grinding,HEQ-125,0.0305,0.3519,0.5189,0.281,medium
HMAN-00456,grinding,HEQ-065,0.0272,0.0725,0.3355,0.2645,medium
HMAN-00457,welding,HEQ-014,0.0167,0.1628,0.5416,0.208,low
HMAN-00458,grinding,HEQ-126,0.0298,1.1227,0.1645,0.311,medium
HMAN-00459,welding,HEQ-074,0.012,0.4969,0.2657,0.2272,low
HMAN-00460,welding,HEQ-069,0.0222,0.3772,0.3308,0.285,medium
HMAN-00461,cleaning,HEQ-070,0.0095,0.5587,0.2002,0.2256,low
HMAN-00462,heat_treatment,HEQ-010,0.0341,0.6867,0.4961,0.4358,medium
HMAN-00463,heat_treatment,HEQ-031,0.0261,0.2311,0.5423,0.3076,medium
HMAN-00464,machining,HEQ-046,0.0074,0.2597,0.3095,0.1581,low
HMAN-00465,grinding,HEQ-004,0.0517,0.473,0.654,0.4097,medium
HMAN-00466,grinding,HEQ-121,0.0217,0.2773,0.093,0.0594,low
HMAN-00467,machining,HEQ-116,0.028,0.949,0.2445,0.3421,medium
HMAN-00468,heat_treatment,HEQ-048,0.002,0.2675,0.6351,0.2603,medium
HMAN-00469,cleaning,HEQ-008,0.0213,0.5198,0.445,0.2651,medium
HMAN-00470,machining,HEQ-092,0.0448,0.6067,0.0587,0.224,low
HMAN-00471,grinding,HEQ-068,0.1056,0.321,0.2594,0.4018,medium
HMAN-00472,heat_treatment,HEQ-052,0.0212,0.8497,0.4092,0.3028,medium
HMAN-00473,welding,HEQ-127,0.0332,0.2192,0.099,0.1549,low
HMAN-00474,welding,HEQ-086,0.0103,0.3276,0.4925,0.2258,low
HMAN-00475,cleaning,HEQ-004,0.0133,0.2201,0.2698,0.1541,low
HMAN-00476,grinding,HEQ-012,0.03,0.4886,0.1601,0.1346,low
HMAN-00477,grinding,HEQ-120,0.0497,0.4225,0.425,0.3159,medium
HMAN-00478,heat_treatment,HEQ-034,0.0592,0.1594,0.3146,0.2374,low
HMAN-00479,heat_treatment,HEQ-108,0.0088,0.2192,0.8317,0.4081,medium
HMAN-00480,grinding,HEQ-133,0.0248,0.1673,0.6669,0.3174,medium
HMAN-00481,grinding,HEQ-127,0.0247,0.4392,0.4897,0.3541,medium
HMAN-00482,welding,HEQ-138,0.04,0.4353,0.1563,0.242,low
HMAN-00483,heat_treatment,HEQ-102,0.0192,0.5806,0.0493,0.1654,low
HMAN-00484,cleaning,HEQ-012,0.0189,0.1831,0.305,0.1297,low
HMAN-00485,cleaning,HEQ-133,0.1061,0.4624,0.5258,0.4776,medium
HMAN-00486,heat_treatment,HEQ-052,0.0266,0.0982,0.083,0.1125,low
HMAN-00487,cleaning,HEQ-056,0.0124,0.7472,0.0993,0.2031,low
HMAN-00488,heat_treatment,HEQ-080,0.0235,0.2125,0.3412,0.1968,low
HMAN-00489,grinding,HEQ-075,0.0294,0.1031,0.2562,0.2017,low
HMAN-00490,machining,HEQ-080,0.0604,0.6217,0.5201,0.4705,medium
HMAN-00491,grinding,HEQ-037,0.0469,0.05,0.5376,0.3155,medium
HMAN-00492,heat_treatment,HEQ-122,0.013,0.3484,0.3668,0.2094,low
HMAN-00493,cleaning,HEQ-063,0.0181,0.729,0.2401,0.1657,low
HMAN-00494,machining,HEQ-097,0.0133,0.261,0.464,0.1463,low
HMAN-00495,heat_treatment,HEQ-084,0.0524,0.5713,0.4826,0.4154,medium
HMAN-00496,welding,HEQ-030,0.0203,0.9677,0.3944,0.4069,medium
HMAN-00497,grinding,HEQ-078,0.0537,0.9953,0.1468,0.3416,medium
HMAN-00498,heat_treatment,HEQ-068,0.0296,0.2149,0.633,0.3401,medium
HMAN-00499,heat_treatment,HEQ-093,0.063,0.4774,0.3922,0.4269,medium
HMAN-00500,welding,HEQ-001,0.0633,0.4743,0.4136,0.4333,medium
HMAN-00501,heat_treatment,HEQ-138,0.0042,0.2884,0.6542,0.338,medium
HMAN-00502,heat_treatment,HEQ-012,0.0728,0.5678,0.3017,0.4498,medium
HMAN-00503,grinding,HEQ-030,0.0135,0.1947,0.5357,0.2291,low
HMAN-00504,grinding,HEQ-131,0.006,0.1263,0.4727,0.1962,low
HMAN-00505,welding,HEQ-133,0.0183,0.9934,0.519,0.3827,medium
HMAN-00506,heat_treatment,HEQ-129,0.0263,0.5588,0.1395,0.1445,low
HMAN-00507,cleaning,HEQ-026,0.0236,0.4391,0.744,0.3714,medium
HMAN-00508,grinding,HEQ-128,0.0046,0.6407,0.4011,0.3276,medium
HMAN-00509,machining,HEQ-055,0.0076,1.201,0.8154,0.5046,high
HMAN-00510,cleaning,HEQ-075,0.043,0.7847,0.2803,0.2577,medium
HMAN-00511,welding,HEQ-116,0.0117,0.3511,0.5022,0.2764,medium
HMAN-00512,welding,HEQ-111,0.0169,0.2744,0.2639,0.2247,low
HMAN-00513,welding,HEQ-101,0.0095,0.0902,0.1037,0.1163,low
HMAN-00514,grinding,HEQ-022,0.0249,0.0625,0.1191,0.1612,low
HMAN-00515,cleaning,HEQ-093,0.0159,0.1656,0.1387,0.1207,low
HMAN-00516,welding,HEQ-054,0.027,0.5842,0.1226,0.1687,low
HMAN-00517,welding,HEQ-007,0.0192,0.2434,0.1029,0.1446,low
HMAN-00518,grinding,HEQ-085,0.0188,0.0821,0.6305,0.2093,low
HMAN-00519,welding,HEQ-041,0.0473,0.2229,0.2375,0.2798,medium
HMAN-00520,cleaning,HEQ-119,0.0508,0.0788,0.3468,0.2174,low
HMAN-00521,grinding,HEQ-006,0.0208,0.5684,0.3656,0.2442,low
HMAN-00522,machining,HEQ-115,0.0516,0.949,0.3014,0.3593,medium
HMAN-00523,heat_treatment,HEQ-092,0.0787,0.8996,0.6929,0.5788,high
HMAN-00524,machining,HEQ-078,0.0526,0.1599,0.0988,0.1868,low
HMAN-00525,welding,HEQ-112,0.0151,0.2715,0.3885,0.1877,low
HMAN-00526,heat_treatment,HEQ-055,0.0609,0.2018,0.325,0.2976,medium
HMAN-00527,cleaning,HEQ-049,0.0371,0.4634,0.6585,0.3855,medium
HMAN-00528,welding,HEQ-132,0.0337,0.0768,0.7161,0.3422,medium
HMAN-00529,heat_treatment,HEQ-109,0.0315,0.415,0.2001,0.2573,medium
HMAN-00530,machining,HEQ-113,0.0239,0.8341,0.133,0.2295,low
HMAN-00531,machining,HEQ-089,0.0148,0.1627,0.274,0.242,low
HMAN-00532,heat_treatment,HEQ-013,0.0594,0.4975,0.1142,0.2215,low
HMAN-00533,cleaning,HEQ-084,0.031,0.9139,0.8269,0.5101,high
HMAN-00534,machining,HEQ-134,0.1277,0.4291,0.4028,0.6025,high
HMAN-00535,grinding,HEQ-095,0.0433,0.143,0.1999,0.2038,low
HMAN-00536,cleaning,HEQ-138,0.0134,0.4398,0.2627,0.2282,low
HMAN-00537,welding,HEQ-040,0.0437,0.25,0.2196,0.2592,medium
HMAN-00538,cleaning,HEQ-044,0.0337,0.7944,0.5571,0.3857,medium
HMAN-00539,heat_treatment,HEQ-062,0.0142,0.1014,0.2777,0.1032,low
HMAN-00540,heat_treatment,HEQ-031,0.0553,0.7696,0.5589,0.4722,medium
HMAN-00541,welding,HEQ-101,0.0332,0.4499,0.2291,0.2339,low
HMAN-00542,machining,HEQ-126,0.0677,0.2677,0.2753,0.2564,medium
HMAN-00543,heat_treatment,HEQ-125,0.0713,1.1937,0.3164,0.5053,high
HMAN-00544,cleaning,HEQ-090,0.0317,0.3506,0.211,0.2654,medium
HMAN-00545,machining,HEQ-067,0.0286,0.3418,0.5174,0.2639,medium
HMAN-00546,cleaning,HEQ-138,0.038,0.2435,0.3617,0.2599,medium
HMAN-00547,machining,HEQ-036,0.0241,0.3856,0.4792,0.1965,low
HMAN-00548,grinding,HEQ-066,0.02,0.4638,0.7905,0.3545,medium
HMAN-00549,heat_treatment,HEQ-120,0.0219,0.2049,0.5098,0.3529,medium
HMAN-00550,heat_treatment,HEQ-075,0.0569,0.1796,0.2334,0.2484,low
HMAN-00551,cleaning,HEQ-128,0.0091,0.36,0.6596,0.2984,medium
HMAN-00552,heat_treatment,HEQ-071,0.0574,1.0599,0.2337,0.3796,medium
HMAN-00553,heat_treatment,HEQ-057,0.0831,0.1035,0.2229,0.2585,medium
HMAN-00554,cleaning,HEQ-133,0.0353,0.8906,0.4131,0.3061,medium
HMAN-00555,cleaning,HEQ-080,0.0345,1.136,0.5618,0.4144,medium
HMAN-00556,heat_treatment,HEQ-003,0.0428,0.953,0.3953,0.3847,medium
HMAN-00557,grinding,HEQ-022,0.0543,0.3567,0.4887,0.326,medium
HMAN-00558,heat_treatment,HEQ-007,0.0275,0.1504,0.34,0.2377,low
HMAN-00559,grinding,HEQ-083,0.1125,0.978,0.7379,0.6448,high
HMAN-00560,heat_treatment,HEQ-095,0.0175,0.05,0.574,0.2923,medium
HMAN-00561,cleaning,HEQ-078,0.0242,0.6081,0.5394,0.3063,medium
HMAN-00562,cleaning,HEQ-079,0.0312,0.3313,0.5051,0.2935,medium
HMAN-00563,welding,HEQ-105,0.0156,0.377,0.4239,0.2758,medium
HMAN-00564,grinding,HEQ-132,0.0159,0.5308,0.45,0.3201,medium
HMAN-00565,welding,HEQ-135,0.0283,0.1686,0.3817,0.1939,low
HMAN-00566,cleaning,HEQ-131,0.0325,0.4808,0.1836,0.3011,medium
HMAN-00567,grinding,HEQ-090,0.0363,0.1077,0.3276,0.1786,low
HMAN-00568,welding,HEQ-032,0.0101,0.4817,0.517,0.3908,medium
HMAN-00569,machining,HEQ-086,0.0351,0.4081,0.6562,0.3307,medium
HMAN-00570,machining,HEQ-007,0.0134,0.33,0.55,0.2136,low
HMAN-00571,grinding,HEQ-020,0.0101,0.4444,0.0902,0.1161,low
HMAN-00572,heat_treatment,HEQ-032,0.0465,1.4944,0.6291,0.5247,high
HMAN-00573,heat_treatment,HEQ-035,0.0121,0.1203,0.2616,0.1339,low
HMAN-00574,cleaning,HEQ-052,0.0278,0.4002,0.4245,0.3014,medium
HMAN-00575,cleaning,HEQ-029,0.0089,1.59,0.5634,0.4369,medium
HMAN-00576,machining,HEQ-008,0.0204,0.4276,0.4889,0.33,medium
HMAN-00577,cleaning,HEQ-010,0.02,0.8262,0.5652,0.3267,medium
HMAN-00578,grinding,HEQ-046,0.0583,0.2369,0.4439,0.2888,medium
HMAN-00579,heat_treatment,HEQ-013,0.0369,0.1755,0.2306,0.1528,low
HMAN-00580,welding,HEQ-127,0.0135,0.7518,0.7526,0.4455,medium
HMAN-00581,machining,HEQ-047,0.0343,0.3516,0.2915,0.2476,low
HMAN-00582,cleaning,HEQ-009,0.0195,0.4372,0.5817,0.2887,medium
HMAN-00583,welding,HEQ-077,0.0147,0.0749,0.1384,0.0421,low
HMAN-00584,welding,HEQ-125,0.0311,0.6188,0.1164,0.1937,low
HMAN-00585,machining,HEQ-108,0.0328,1.0123,0.5857,0.4518,medium
HMAN-00586,cleaning,HEQ-078,0.0301,0.18,0.298,0.1755,low
HMAN-00587,cleaning,HEQ-130,0.0189,0.2462,0.2572,0.1392,low
HMAN-00588,cleaning,HEQ-094,0.0673,0.7291,0.6016,0.4719,medium
HMAN-00589,cleaning,HEQ-112,0.0364,0.05,0.4407,0.3038,medium
HMAN-00590,machining,HEQ-070,0.034,0.8651,0.7621,0.4768,medium
HMAN-00591,welding,HEQ-026,0.024,0.9217,0.3142,0.2701,medium
HMAN-00592,heat_treatment,HEQ-012,0.0096,0.1912,0.4137,0.1381,low
HMAN-00593,welding,HEQ-085,0.025,0.9921,0.2863,0.3213,medium
HMAN-00594,machining,HEQ-039,0.0316,0.0919,0.3315,0.231,low
HMAN-00595,welding,HEQ-108,0.0204,0.3579,0.4457,0.1942,low
HMAN-00596,cleaning,HEQ-120,0.044,0.6686,0.1158,0.2792,medium
HMAN-00597,heat_treatment,HEQ-075,0.0178,0.1662,0.2302,0.1306,low
HMAN-00598,grinding,HEQ-115,0.0395,0.0677,0.305,0.1813,low
HMAN-00599,heat_treatment,HEQ-056,0.0455,0.6399,0.2776,0.2484,low
HMAN-00600,heat_treatment,HEQ-081,0.0265,0.3811,0.4396,0.2679,medium
HMAN-00601,cleaning,HEQ-101,0.0129,0.9294,0.1571,0.1174,low
HMAN-00602,grinding,HEQ-107,0.0281,0.6022,0.4618,0.3012,medium
HMAN-00603,welding,HEQ-065,0.1241,0.4087,0.3821,0.4742,medium
HMAN-00604,cleaning,HEQ-014,0.053,0.5825,0.616,0.4477,medium
HMAN-00605,grinding,HEQ-062,0.0486,0.6745,0.5398,0.4607,medium
HMAN-00606,welding,HEQ-012,0.0219,0.456,0.3301,0.3189,medium
HMAN-00607,grinding,HEQ-109,0.0695,0.6748,0.1576,0.2947,medium
HMAN-00608,welding,HEQ-133,0.042,0.4943,0.7301,0.3799,medium
HMAN-00609,grinding,HEQ-089,0.0454,0.5189,0.5097,0.3997,medium
HMAN-00610,heat_treatment,HEQ-075,0.0718,0.3159,0.6625,0.3928,medium
HMAN-00611,machining,HEQ-021,0.0277,0.2237,0.4259,0.2819,medium
HMAN-00612,cleaning,HEQ-043,0.0342,0.0996,0.3676,0.3071,medium
HMAN-00613,welding,HEQ-095,0.039,0.3512,0.3627,0.3155,medium
HMAN-00614,cleaning,HEQ-002,0.0291,0.1837,0.3259,0.2664,medium
HMAN-00615,grinding,HEQ-030,0.0372,0.6627,0.6317,0.5353,high
HMAN-00616,heat_treatment,HEQ-014,0.0184,0.3945,0.587,0.2953,medium
HMAN-00617,grinding,HEQ-063,0.0086,0.5041,0.5319,0.2835,medium
HMAN-00618,grinding,HEQ-058,0.0278,0.9637,0.1533,0.2151,low
HMAN-00619,grinding,HEQ-136,0.0153,0.4662,0.4898,0.2936,medium
HMAN-00620,cleaning,HEQ-047,0.0484,0.9181,0.5073,0.4792,medium
HMAN-00621,machining,HEQ-068,0.0228,0.1645,0.1521,0.1037,low
HMAN-00622,grinding,HEQ-067,0.0198,0.6219,0.3723,0.1929,low
HMAN-00623,heat_treatment,HEQ-054,0.1171,0.6813,0.3068,0.4628,medium
HMAN-00624,grinding,HEQ-045,0.0342,0.5505,0.5781,0.4013,medium
HMAN-00625,cleaning,HEQ-077,0.015,0.4915,0.4142,0.2221,low
HMAN-00626,heat_treatment,HEQ-009,0.0175,0.3527,0.4649,0.258,medium
HMAN-00627,grinding,HEQ-052,0.0246,0.4957,0.6206,0.3133,medium
HMAN-00628,welding,HEQ-120,0.0873,0.3352,0.2599,0.3612,medium
HMAN-00629,grinding,HEQ-098,0.0686,0.2817,0.4757,0.445,medium
HMAN-00630,machining,HEQ-137,0.0393,0.2979,0.6543,0.3666,medium
HMAN-00631,heat_treatment,HEQ-089,0.0412,0.2818,0.2719,0.2448,low
HMAN-00632,heat_treatment,HEQ-081,0.0609,0.6934,0.5087,0.3428,medium
HMAN-00633,cleaning,HEQ-041,0.0963,0.2543,0.4025,0.4219,medium
HMAN-00634,heat_treatment,HEQ-060,0.0449,0.3525,0.2886,0.3014,medium
HMAN-00635,grinding,HEQ-077,0.0451,0.7713,0.3466,0.3733,medium
HMAN-00636,heat_treatment,HEQ-003,0.03,0.5619,0.6803,0.4423,medium
HMAN-00637,grinding,HEQ-061,0.0332,0.3922,0.2489,0.2812,medium
HMAN-00638,grinding,HEQ-078,0.0046,0.4884,0.2259,0.1837,low
HMAN-00639,cleaning,HEQ-127,0.0145,0.9902,0.1554,0.2461,low
HMAN-00640,machining,HEQ-044,0.055,0.4431,0.0638,0.2323,low
HMAN-00641,grinding,HEQ-123,0.0339,0.3211,0.2045,0.1909,low
HMAN-00642,heat_treatment,HEQ-109,0.0327,0.3954,0.5506,0.2806,medium
HMAN-00643,heat_treatment,HEQ-101,0.0497,0.2237,0.5497,0.2874,medium
HMAN-00644,heat_treatment,HEQ-089,0.0422,0.5704,0.7974,0.4571,medium
HMAN-00645,welding,HEQ-106,0.0103,0.4795,0.75,0.3365,medium
HMAN-00646,welding,HEQ-007,0.0293,0.7085,0.2827,0.2825,medium
HMAN-00647,machining,HEQ-066,0.0093,1.0044,0.1265,0.2567,medium
HMAN-00648,welding,HEQ-023,0.0242,0.5486,0.4763,0.3355,medium
HMAN-00649,cleaning,HEQ-117,0.0414,0.3664,0.7431,0.391,medium
HMAN-00650,welding,HEQ-026,0.0171,0.1028,0.4024,0.2088,low
HMAN-00651,grinding,HEQ-137,0.0498,0.2609,0.3237,0.2047,low
HMAN-00652,grinding,HEQ-066,0.0187,0.843,0.2096,0.2767,medium
HMAN-00653,heat_treatment,HEQ-101,0.0358,0.1037,0.1651,0.2015,low
HMAN-00654,heat_treatment,HEQ-037,0.0294,0.7583,0.4711,0.2799,medium
HMAN-00655,grinding,HEQ-067,0.0208,0.3462,0.4201,0.2435,low
HMAN-00656,grinding,HEQ-136,0.0238,0.3573,0.4295,0.2833,medium
HMAN-00657,cleaning,HEQ-062,0.0409,0.1087,0.2428,0.2514,medium
HMAN-00658,machining,HEQ-107,0.0371,0.4057,0.4917,0.3887,medium
HMAN-00659,machining,HEQ-071,0.037,0.8313,0.3281,0.3567,medium
HMAN-00660,machining,HEQ-036,0.0323,0.7995,0.3389,0.3247,medium
HMAN-00661,welding,HEQ-054,0.0163,0.3525,0.5409,0.3239,medium
HMAN-00662,welding,HEQ-105,0.0332,0.2064,0.8601,0.3968,medium
HMAN-00663,welding,HEQ-121,0.0084,2.1228,0.1768,0.4153,medium
HMAN-00664,machining,HEQ-041,0.0174,0.7931,0.8162,0.4799,medium
HMAN-00665,welding,HEQ-004,0.0171,0.2561,0.1548,0.1367,low
HMAN-00666,cleaning,HEQ-042,0.0401,0.0717,0.4263,0.2778,medium
HMAN-00667,heat_treatment,HEQ-120,0.0053,0.6903,0.4211,0.2484,low
HMAN-00668,heat_treatment,HEQ-095,0.0496,0.4178,0.2103,0.233,low
HMAN-00669,welding,HEQ-013,0.0508,0.2956,0.1741,0.2038,low
HMAN-00670,cleaning,HEQ-076,0.0536,0.7277,0.3275,0.3365,medium
HMAN-00671,welding,HEQ-008,0.0065,0.6016,0.1293,0.1214,low
HMAN-00672,cleaning,HEQ-114,0.0461,0.3546,0.6979,0.4558,medium
HMAN-00673,machining,HEQ-066,0.0632,0.3855,0.3122,0.3316,medium
HMAN-00674,grinding,HEQ-126,0.0749,0.7562,0.2114,0.3898,medium
HMAN-00675,grinding,HEQ-041,0.0508,0.9194,0.4608,0.4346,medium
HMAN-00676,grinding,HEQ-037,0.0185,0.3908,0.4596,0.3095,medium
HMAN-00677,machining,HEQ-010,0.004,0.1897,0.3218,0.1914,low
HMAN-00678,machining,HEQ-051,0.0289,0.7497,0.1907,0.2532,medium
HMAN-00679,grinding,HEQ-098,0.0271,0.1727,0.1085,0.1977,low
HMAN-00680,heat_treatment,HEQ-014,0.0186,0.5462,0.6533,0.356,medium
HMAN-00681,heat_treatment,HEQ-072,0.0656,0.2645,0.1806,0.3609,medium
HMAN-00682,welding,HEQ-130,0.0844,0.2965,0.5362,0.408,medium
HMAN-00683,machining,HEQ-049,0.0297,0.2675,0.1964,0.203,low
HMAN-00684,heat_treatment,HEQ-131,0.0428,0.765,0.4329,0.4241,medium
HMAN-00685,welding,HEQ-012,0.0295,0.3233,0.3995,0.2971,medium
HMAN-00686,cleaning,HEQ-019,0.0272,0.9759,0.2543,0.3087,medium
HMAN-00687,grinding,HEQ-086,0.0517,0.7083,0.4706,0.4047,medium
HMAN-00688,welding,HEQ-040,0.0338,0.4638,0.1021,0.1909,low
HMAN-00689,machining,HEQ-086,0.0264,0.5635,0.5009,0.3674,medium
HMAN-00690,cleaning,HEQ-013,0.0055,0.1988,0.2919,0.1618,low
HMAN-00691,heat_treatment,HEQ-117,0.0594,0.1113,0.562,0.356,medium
HMAN-00692,cleaning,HEQ-007,0.0226,0.3733,0.5717,0.3262,medium
HMAN-00693,grinding,HEQ-067,0.0071,0.1414,0.1374,0.163,low
HMAN-00694,heat_treatment,HEQ-118,0.0284,0.7644,0.4894,0.3156,medium
HMAN-00695,machining,HEQ-026,0.0752,0.4423,0.1651,0.3065,medium
HMAN-00696,welding,HEQ-089,0.0121,0.6088,0.1876,0.1545,low
HMAN-00697,welding,HEQ-052,0.0246,0.7151,0.2664,0.2329,low
HMAN-00698,heat_treatment,HEQ-060,0.0354,0.3152,0.3382,0.261,medium
HMAN-00699,welding,HEQ-069,0.0703,0.0539,0.5254,0.2969,medium
HMAN-00700,cleaning,HEQ-013,0.017,0.8622,0.3475,0.2861,medium
HMAN-00701,grinding,HEQ-071,0.0509,0.6835,0.199,0.3417,medium
HMAN-00702,welding,HEQ-070,0.0589,0.1912,0.5628,0.3517,medium
HMAN-00703,welding,HEQ-057,0.0137,0.6151,0.0628,0.1447,low
HMAN-00704,heat_treatment,HEQ-114,0.0355,0.19,0.145,0.2129,low
HMAN-00705,heat_treatment,HEQ-139,0.0662,0.9118,0.2632,0.3661,medium
HMAN-00706,heat_treatment,HEQ-087,0.0048,0.2346,0.7944,0.3434,medium
HMAN-00707,grinding,HEQ-004,0.1092,0.0943,0.2063,0.3062,medium
HMAN-00708,welding,HEQ-085,0.034,0.4807,0.4996,0.3464,medium
HMAN-00709,cleaning,HEQ-104,0.0743,0.5669,0.1341,0.3545,medium
HMAN-00710,welding,HEQ-064,0.018,0.877,0.5854,0.4313,medium
HMAN-00711,machining,HEQ-054,0.0193,0.084,0.3748,0.1835,low
HMAN-00712,heat_treatment,HEQ-038,0.0264,0.7719,0.105,0.1498,low
HMAN-00713,cleaning,HEQ-054,0.0561,0.7365,0.6199,0.48,medium
HMAN-00714,heat_treatment,HEQ-074,0.0669,0.1145,0.5472,0.4079,medium
HMAN-00715,machining,HEQ-131,0.0115,0.5188,0.3793,0.2262,low
HMAN-00716,grinding,HEQ-070,0.0438,1.0401,0.6787,0.5017,high
HMAN-00717,welding,HEQ-018,0.0229,0.8913,0.5993,0.3782,medium
HMAN-00718,machining,HEQ-125,0.0174,0.9267,0.904,0.4931,medium
HMAN-00719,cleaning,HEQ-105,0.0183,0.7541,0.6701,0.3329,medium
HMAN-00720,cleaning,HEQ-030,0.028,0.4739,0.2428,0.2742,medium
HMAN-00721,welding,HEQ-127,0.0932,0.2548,0.8678,0.5898,high
HMAN-00722,cleaning,HEQ-133,0.0135,0.3252,0.2561,0.1937,low
HMAN-00723,machining,HEQ-132,0.0432,0.2499,0.6948,0.375,medium
HMAN-00724,cleaning,HEQ-002,0.0519,0.0993,0.5091,0.2793,medium
HMAN-00725,cleaning,HEQ-120,0.002,0.4039,0.4937,0.2543,medium
HMAN-00726,heat_treatment,HEQ-111,0.0245,0.4166,0.3036,0.1919,low
HMAN-00727,grinding,HEQ-044,0.0252,0.8329,0.2013,0.3045,medium
HMAN-00728,cleaning,HEQ-054,0.0317,0.416,0.2791,0.1853,low
HMAN-00729,grinding,HEQ-033,0.0299,0.8517,0.6776,0.3987,medium
HMAN-00730,heat_treatment,HEQ-138,0.0775,0.1577,0.2586,0.3218,medium
HMAN-00731,grinding,HEQ-058,0.03,0.1999,0.4822,0.2885,medium
HMAN-00732,heat_treatment,HEQ-137,0.0339,1.1004,0.6744,0.554,high
HMAN-00733,welding,HEQ-006,0.0507,0.8393,0.7412,0.4486,medium
HMAN-00734,welding,HEQ-113,0.038,0.2442,0.4014,0.2326,low
HMAN-00735,welding,HEQ-054,0.0323,0.3908,0.478,0.2687,medium
HMAN-00736,machining,HEQ-105,0.0231,0.6801,0.3602,0.2908,medium
HMAN-00737,cleaning,HEQ-062,0.0827,1.2621,0.6341,0.6955,high
HMAN-00738,machining,HEQ-123,0.0716,0.348,0.2069,0.2957,medium
HMAN-00739,heat_treatment,HEQ-126,0.0231,0.3063,0.2614,0.1853,low
HMAN-00740,machining,HEQ-032,0.0227,1.3884,0.3594,0.4061,medium
HMAN-00741,cleaning,HEQ-030,0.0216,0.3919,0.5609,0.3338,medium
HMAN-00742,cleaning,HEQ-120,0.004,0.5084,0.5473,0.3506,medium
HMAN-00743,cleaning,HEQ-134,0.0418,0.6038,0.1688,0.2818,medium
HMAN-00744,grinding,HEQ-106,0.0132,0.3204,0.3406,0.2057,low
HMAN-00745,machining,HEQ-057,0.0768,0.1189,0.4017,0.3397,medium
HMAN-00746,machining,HEQ-125,0.0199,0.5022,0.1397,0.1492,low
HMAN-00747,cleaning,HEQ-101,0.0285,0.7607,0.7534,0.4382,medium
HMAN-00748,machining,HEQ-045,0.0183,0.81,0.272,0.3055,medium
HMAN-00749,heat_treatment,HEQ-101,0.0154,0.4109,0.1431,0.159,low
HMAN-00750,grinding,HEQ-042,0.0066,0.05,0.6154,0.2084,low
HMAN-00751,heat_treatment,HEQ-038,0.0261,0.5015,0.5144,0.2458,low
HMAN-00752,grinding,HEQ-124,0.0288,0.2185,0.4556,0.286,medium
HMAN-00753,heat_treatment,HEQ-007,0.0595,1.3718,0.2196,0.3896,medium
HMAN-00754,welding,HEQ-103,0.007,0.2892,0.4945,0.2086,low
HMAN-00755,welding,HEQ-115,0.0139,0.2444,0.1088,0.0921,low
HMAN-00756,machining,HEQ-050,0.0179,0.0895,0.4355,0.213,low
HMAN-00757,cleaning,HEQ-038,0.0383,0.2528,0.2114,0.2032,low
HMAN-00758,cleaning,HEQ-077,0.0408,1.1494,0.4359,0.3997,medium
HMAN-00759,welding,HEQ-005,0.0355,0.4873,0.3588,0.2801,medium
HMAN-00760,heat_treatment,HEQ-049,0.0026,0.1691,0.1422,0.0188,low
HMAN-00761,cleaning,HEQ-059,0.0294,0.5079,0.3995,0.3196,medium
HMAN-00762,welding,HEQ-028,0.0676,0.1604,0.1338,0.2619,medium
HMAN-00763,welding,HEQ-089,0.0194,0.1557,0.2341,0.1664,low
HMAN-00764,cleaning,HEQ-132,0.0159,0.1136,0.1097,0.1202,low
HMAN-00765,heat_treatment,HEQ-092,0.0222,0.2118,0.3538,0.1931,low
HMAN-00766,cleaning,HEQ-121,0.0055,0.7541,0.542,0.3577,medium
HMAN-00767,grinding,HEQ-040,0.0892,0.6279,0.4473,0.4702,medium
HMAN-00768,grinding,HEQ-001,0.0078,0.2286,0.4359,0.1474,low
HMAN-00769,heat_treatment,HEQ-098,0.0249,0.801,0.4543,0.275,medium
HMAN-00770,welding,HEQ-081,0.0106,0.7725,0.4161,0.2437,low
HMAN-00771,grinding,HEQ-014,0.0382,0.4283,0.7295,0.3554,medium
HMAN-00772,grinding,HEQ-139,0.0715,0.6954,0.2544,0.3433,medium
HMAN-00773,cleaning,HEQ-090,0.0253,0.3054,0.6244,0.2769,medium
HMAN-00774,grinding,HEQ-019,0.0085,0.3731,0.3851,0.2303,low
HMAN-00775,machining,HEQ-006,0.018,0.3649,0.3496,0.2582,medium
HMAN-00776,welding,HEQ-139,0.0196,0.9447,0.4196,0.29,medium
HMAN-00777,machining,HEQ-051,0.0476,0.9541,0.7254,0.5629,high
HMAN-00778,grinding,HEQ-088,0.0303,0.4728,0.1263,0.1829,low
HMAN-00779,machining,HEQ-023,0.0167,0.5434,0.2178,0.1948,low
HMAN-00780,welding,HEQ-125,0.0925,0.1895,0.1135,0.2865,medium
HMAN-00781,welding,HEQ-016,0.0249,0.3976,0.3025,0.2091,low
HMAN-00782,heat_treatment,HEQ-106,0.036,0.1336,0.2537,0.2172,low
HMAN-00783,cleaning,HEQ-112,0.0289,0.5199,0.3228,0.262,medium
HMAN-00784,heat_treatment,HEQ-062,0.0047,0.9458,0.1986,0.2164,low
HMAN-00785,machining,HEQ-038,0.16,0.4351,0.3075,0.5381,high
HMAN-00786,heat_treatment,HEQ-089,0.0119,0.2859,0.4534,0.2222,low
HMAN-00787,welding,HEQ-018,0.0755,0.3732,0.4352,0.2757,medium
HMAN-00788,heat_treatment,HEQ-112,0.0487,0.345,0.7893,0.4157,medium
HMAN-00789,cleaning,HEQ-094,0.0486,0.1134,0.5227,0.2851,medium
HMAN-00790,heat_treatment,HEQ-028,0.022,0.7268,0.1606,0.2299,low
HMAN-00791,welding,HEQ-046,0.0182,1.4334,0.4113,0.3881,medium
HMAN-00792,machining,HEQ-127,0.043,0.7947,0.7046,0.4805,medium
HMAN-00793,welding,HEQ-039,0.0064,0.1717,0.6654,0.2578,medium
HMAN-00794,machining,HEQ-074,0.034,0.3375,0.3699,0.1949,low
HMAN-00795,machining,HEQ-022,0.0161,0.8463,0.2755,0.2459,low
HMAN-00796,machining,HEQ-056,0.0459,0.1497,0.4345,0.2782,medium
HMAN-00797,welding,HEQ-065,0.0081,0.2789,0.7577,0.3255,medium
HMAN-00798,welding,HEQ-012,0.0246,0.5881,0.4973,0.3439,medium
HMAN-00799,heat_treatment,HEQ-095,0.0101,0.8064,0.5824,0.3427,medium
HMAN-00800,grinding,HEQ-056,0.0544,0.5661,0.6954,0.5074,high
HMAN-00801,cleaning,HEQ-119,0.0218,0.2821,0.2858,0.1627,low
HMAN-00802,machining,HEQ-093,0.0029,0.4357,0.4982,0.2258,low
HMAN-00803,welding,HEQ-014,0.0937,0.1112,0.497,0.4705,medium
HMAN-00804,cleaning,HEQ-004,0.0359,0.7511,0.6419,0.3742,medium
HMAN-00805,machining,HEQ-136,0.0546,0.2169,0.3677,0.3026,medium
HMAN-00806,welding,HEQ-047,0.024,0.6049,0.2363,0.1757,low
HMAN-00807,cleaning,HEQ-137,0.0193,1.14,0.2697,0.2871,medium
HMAN-00808,machining,HEQ-069,0.0176,0.5471,0.4351,0.2655,medium
HMAN-00809,welding,HEQ-040,0.0359,0.0626,0.7145,0.2982,medium
HMAN-00810,machining,HEQ-038,0.0067,0.1446,0.2626,0.174,low
HMAN-00811,machining,HEQ-030,0.0022,0.154,0.2371,0.0561,low
HMAN-00812,heat_treatment,HEQ-019,0.0482,1.2168,0.2917,0.4369,medium
HMAN-00813,heat_treatment,HEQ-020,0.0196,0.3833,0.437,0.2522,medium
HMAN-00814,welding,HEQ-106,0.0107,0.5051,0.4414,0.1903,low
HMAN-00815,welding,HEQ-109,0.112,0.3486,0.239,0.4028,medium
HMAN-00816,welding,HEQ-136,0.0401,0.6514,0.3906,0.3104,medium
HMAN-00817,cleaning,HEQ-122,0.009,1.157,0.1122,0.2698,medium
HMAN-00818,cleaning,HEQ-006,0.1565,0.3214,0.1771,0.4945,medium
HMAN-00819,welding,HEQ-057,0.0484,0.3478,0.2679,0.2365,low
HMAN-00820,machining,HEQ-115,0.0533,0.3764,0.5896,0.3929,medium
HMAN-00821,machining,HEQ-120,0.0731,0.134,0.0295,0.2232,low
HMAN-00822,heat_treatment,HEQ-116,0.0404,0.283,0.5213,0.3712,medium
HMAN-00823,heat_treatment,HEQ-069,0.0357,1.0973,0.3519,0.3104,medium
HMAN-00824,grinding,HEQ-082,0.0232,0.408,0.3116,0.1995,low
HMAN-00825,heat_treatment,HEQ-064,0.0583,0.3157,0.3617,0.3135,medium
HMAN-00826,welding,HEQ-117,0.1434,0.6626,0.2533,0.5747,high
HMAN-00827,grinding,HEQ-064,0.0075,0.9527,0.3171,0.3535,medium
HMAN-00828,machining,HEQ-090,0.025,1.7228,0.6211,0.5429,high
HMAN-00829,heat_treatment,HEQ-085,0.0317,0.3669,0.731,0.4063,medium
HMAN-00830,machining,HEQ-017,0.0705,0.2973,0.3324,0.3428,medium
HMAN-00831,welding,HEQ-128,0.0187,0.1135,0.2557,0.1741,low
HMAN-00832,welding,HEQ-094,0.042,0.6871,0.5053,0.3757,medium
HMAN-00833,machining,HEQ-004,0.0198,0.2934,0.2464,0.1121,low
HMAN-00834,heat_treatment,HEQ-121,0.0161,0.1872,0.4638,0.213,low
HMAN-00835,grinding,HEQ-007,0.022,0.4588,0.1539,0.1787,low
HMAN-00836,machining,HEQ-092,0.0337,0.4984,0.574,0.3392,medium
HMAN-00837,grinding,HEQ-090,0.0383,0.2612,0.3888,0.2156,low
HMAN-00838,cleaning,HEQ-125,0.0378,0.3666,0.4893,0.2465,low
HMAN-00839,machining,HEQ-020,0.0914,0.6253,0.1646,0.4178,medium
HMAN-00840,cleaning,HEQ-051,0.0152,0.3102,0.3307,0.1809,low
HMAN-00841,welding,HEQ-068,0.0536,0.4047,0.6511,0.3993,medium
HMAN-00842,heat_treatment,HEQ-110,0.0126,1.0011,0.4906,0.322,medium
HMAN-00843,cleaning,HEQ-081,0.0527,0.1538,0.5377,0.3015,medium
HMAN-00844,grinding,HEQ-140,0.0257,0.2663,0.2446,0.2538,medium
HMAN-00845,grinding,HEQ-029,0.0372,0.3373,0.4324,0.3826,medium
HMAN-00846,machining,HEQ-105,0.0192,0.6106,0.4847,0.2913,medium
HMAN-00847,machining,HEQ-077,0.0548,0.4708,0.7443,0.5155,high
HMAN-00848,cleaning,HEQ-117,0.0231,0.9241,0.4985,0.3717,medium
HMAN-00849,cleaning,HEQ-034,0.055,0.2093,0.2806,0.2375,low
HMAN-00850,welding,HEQ-073,0.0564,1.3842,0.4199,0.4653,medium
HMAN-00851,grinding,HEQ-114,0.0275,0.229,0.111,0.0835,low
HMAN-00852,grinding,HEQ-107,0.0779,0.8778,0.2518,0.3828,medium
HMAN-00853,welding,HEQ-044,0.0325,0.0516,0.4105,0.2918,medium
HMAN-00854,machining,HEQ-131,0.0162,1.1959,0.5613,0.4302,medium
HMAN-00855,heat_treatment,HEQ-020,0.0236,0.714,0.2709,0.2836,medium
HMAN-00856,cleaning,HEQ-052,0.0499,0.3547,0.3552,0.3159,medium
HMAN-00857,machining,HEQ-052,0.0388,0.8722,0.1405,0.2278,low
HMAN-00858,cleaning,HEQ-039,0.0082,0.19,0.3655,0.144,low
HMAN-00859,machining,HEQ-019,0.0672,0.7027,0.5501,0.4602,medium
HMAN-00860,heat_treatment,HEQ-127,0.1136,0.3106,0.5384,0.4782,medium
HMAN-00861,grinding,HEQ-031,0.0187,0.262,0.3896,0.1383,low
HMAN-00862,welding,HEQ-028,0.0137,0.1378,0.3159,0.1767,low
HMAN-00863,heat_treatment,HEQ-043,0.0379,0.3997,0.2626,0.2615,medium
HMAN-00864,machining,HEQ-061,0.0313,0.7569,0.2415,0.3014,medium
HMAN-00865,heat_treatment,HEQ-046,0.0298,0.1054,0.3401,0.1517,low
HMAN-00866,cleaning,HEQ-123,0.0077,0.2369,0.8659,0.3844,medium
HMAN-00867,welding,HEQ-036,0.0434,0.7613,0.5635,0.4123,medium
HMAN-00868,machining,HEQ-065,0.0066,0.4118,0.3196,0.2801,medium
HMAN-00869,cleaning,HEQ-052,0.0157,0.7491,0.3655,0.282,medium
HMAN-00870,grinding,HEQ-104,0.019,0.1257,0.4165,0.2326,low
HMAN-00871,cleaning,HEQ-138,0.0529,0.2227,0.2469,0.2423,low
HMAN-00872,heat_treatment,HEQ-098,0.0392,0.756,0.4428,0.321,medium
HMAN-00873,welding,HEQ-063,0.16,0.929,0.1648,0.5979,high
HMAN-00874,welding,HEQ-060,0.0297,0.4939,0.1853,0.2509,medium
HMAN-00875,heat_treatment,HEQ-099,0.0215,0.419,0.592,0.2477,low
HMAN-00876,machining,HEQ-083,0.0115,0.3567,0.149,0.1403,low
HMAN-00877,machining,HEQ-085,0.0117,0.3132,0.4826,0.2028,low
HMAN-00878,heat_treatment,HEQ-026,0.0181,0.5915,0.7192,0.3794,medium
HMAN-00879,grinding,HEQ-132,0.0312,0.0816,0.3883,0.2154,low
HMAN-00880,welding,HEQ-064,0.0386,0.4564,0.598,0.4115,medium
HMAN-00881,machining,HEQ-094,0.0317,0.4103,0.3966,0.1911,low
HMAN-00882,cleaning,HEQ-073,0.0182,0.3488,0.4115,0.1919,low
HMAN-00883,grinding,HEQ-035,0.0685,0.4312,0.2976,0.3424,medium
HMAN-00884,heat_treatment,HEQ-017,0.0383,0.1741,0.4284,0.2111,low
HMAN-00885,cleaning,HEQ-046,0.0152,0.3938,0.4181,0.2583,medium
HMAN-00886,machining,HEQ-025,0.0197,0.4233,0.5916,0.3694,medium
HMAN-00887,machining,HEQ-012,0.0452,0.2814,0.2835,0.2936,medium
HMAN-00888,welding,HEQ-126,0.0194,1.3468,0.2993,0.2679,medium
HMAN-00889,machining,HEQ-110,0.0316,1.4225,0.4189,0.3576,medium
HMAN-00890,heat_treatment,HEQ-116,0.0253,0.2747,0.3587,0.2249,low
HMAN-00891,machining,HEQ-001,0.121,0.219,0.6059,0.5188,high
HMAN-00892,heat_treatment,HEQ-045,0.0162,0.3496,0.5985,0.3197,medium
HMAN-00893,welding,HEQ-125,0.0171,0.2336,0.5847,0.2337,low
HMAN-00894,heat_treatment,HEQ-100,0.0718,0.1645,0.6451,0.4007,medium
HMAN-00895,heat_treatment,HEQ-031,0.0459,0.375,0.7391,0.4602,medium
HMAN-00896,welding,HEQ-050,0.0208,0.6179,0.7705,0.3802,medium
HMAN-00897,heat_treatment,HEQ-048,0.0393,0.6978,0.5276,0.4147,medium
HMAN-00898,cleaning,HEQ-020,0.0276,0.4421,0.1424,0.2399,low
HMAN-00899,cleaning,HEQ-018,0.018,0.2287,0.3479,0.1411,low
HMAN-00900,machining,HEQ-007,0.0302,1.098,0.3783,0.3802,medium
HMAN-00901,cleaning,HEQ-006,0.0259,1.4327,0.5328,0.4631,medium
HMAN-00902,grinding,HEQ-076,0.0192,0.1498,0.1963,0.1352,low
HMAN-00903,heat_treatment,HEQ-063,0.0474,0.1706,0.3207,0.2672,medium
HMAN-00904,heat_treatment,HEQ-140,0.0195,0.4543,0.313,0.2248,low
HMAN-00905,machining,HEQ-017,0.0448,0.9759,0.0825,0.2904,medium
HMAN-00906,grinding,HEQ-079,0.057,0.1491,0.1626,0.2269,low
HMAN-00907,grinding,HEQ-072,0.0387,0.6852,0.5163,0.3715,medium
HMAN-00908,grinding,HEQ-138,0.0363,0.1459,0.257,0.2329,low
HMAN-00909,grinding,HEQ-040,0.0678,0.3126,0.4085,0.4035,medium
HMAN-00910,grinding,HEQ-123,0.0594,1.4398,0.7157,0.5554,high
HMAN-00911,welding,HEQ-099,0.0154,0.7322,0.7292,0.3833,medium
HMAN-00912,cleaning,HEQ-068,0.0133,0.0699,0.3867,0.0988,low
HMAN-00913,machining,HEQ-068,0.0181,0.2335,0.5036,0.1905,low
HMAN-00914,cleaning,HEQ-012,0.0121,0.4601,0.5407,0.3221,medium
HMAN-00915,heat_treatment,HEQ-007,0.0164,0.4831,0.3299,0.251,medium
HMAN-00916,welding,HEQ-097,0.0348,0.2077,0.1799,0.2408,low
HMAN-00917,welding,HEQ-067,0.0355,0.2306,0.7116,0.3821,medium
HMAN-00918,welding,HEQ-077,0.0143,0.3336,0.5353,0.2509,medium
HMAN-00919,cleaning,HEQ-014,0.0092,0.1717,0.3315,0.2017,low
HMAN-00920,cleaning,HEQ-089,0.0309,0.7473,0.1516,0.3005,medium
HMAN-00921,welding,HEQ-131,0.0239,1.0504,0.2772,0.3707,medium
HMAN-00922,machining,HEQ-057,0.0508,1.0516,0.3038,0.3995,medium
HMAN-00923,machining,HEQ-064,0.0428,0.1774,0.3356,0.18,low
HMAN-00924,machining,HEQ-027,0.0198,0.3243,0.3038,0.2744,medium
HMAN-00925,grinding,HEQ-116,0.002,0.4813,0.3595,0.205,low
HMAN-00926,machining,HEQ-021,0.0346,0.4395,0.2449,0.1964,low
HMAN-00927,cleaning,HEQ-134,0.085,0.6382,0.4745,0.4798,medium
HMAN-00928,machining,HEQ-125,0.1143,0.4491,0.6309,0.5404,high
HMAN-00929,machining,HEQ-042,0.0296,0.4021,0.5811,0.3294,medium
HMAN-00930,cleaning,HEQ-006,0.0586,0.9054,0.3652,0.4227,medium
HMAN-00931,heat_treatment,HEQ-040,0.0045,0.2628,0.3412,0.2041,low
HMAN-00932,machining,HEQ-057,0.0045,0.3398,0.3379,0.1872,low
HMAN-00933,welding,HEQ-001,0.0283,0.5098,0.3585,0.3111,medium
HMAN-00934,cleaning,HEQ-008,0.0097,0.1663,0.2362,0.1186,low
HMAN-00935,grinding,HEQ-058,0.0242,0.8601,0.5264,0.3253,medium
HMAN-00936,cleaning,HEQ-108,0.0441,0.4318,0.4816,0.3678,medium
HMAN-00937,heat_treatment,HEQ-103,0.0737,0.443,0.3319,0.3832,medium
HMAN-00938,welding,HEQ-062,0.0378,0.2593,0.1586,0.2284,low
HMAN-00939,cleaning,HEQ-115,0.0089,0.3221,0.4071,0.2105,low
HMAN-00940,heat_treatment,HEQ-072,0.1042,1.2477,0.7155,0.6639,high
HMAN-00941,machining,HEQ-002,0.0067,0.9411,0.2249,0.1959,low
HMAN-00942,machining,HEQ-067,0.0086,0.0743,0.1523,0.0429,low
HMAN-00943,cleaning,HEQ-079,0.0462,0.6871,0.3598,0.3499,medium
HMAN-00944,welding,HEQ-125,0.0055,1.0859,0.5684,0.392,medium
HMAN-00945,heat_treatment,HEQ-083,0.0619,0.2101,0.4425,0.3406,medium
HMAN-00946,welding,HEQ-028,0.0268,0.3292,0.6452,0.3298,medium
HMAN-00947,welding,HEQ-130,0.0817,1.6498,0.2226,0.5425,high
HMAN-00948,grinding,HEQ-080,0.0331,0.5805,0.2893,0.3393,medium
HMAN-00949,cleaning,HEQ-071,0.083,0.1388,0.261,0.3086,medium
HMAN-00950,cleaning,HEQ-015,0.0225,0.9566,0.4737,0.3704,medium
HMAN-00951,grinding,HEQ-130,0.0169,0.1689,0.644,0.3222,medium
HMAN-00952,welding,HEQ-054,0.0178,0.7052,0.7934,0.4495,medium
HMAN-00953,welding,HEQ-104,0.0199,0.3742,0.5135,0.2137,low
HMAN-00954,heat_treatment,HEQ-108,0.0191,1.464,0.2787,0.344,medium
HMAN-00955,welding,HEQ-053,0.0646,0.5876,0.2153,0.2838,medium
HMAN-00956,welding,HEQ-016,0.0288,0.8254,0.0767,0.2331,low
HMAN-00957,cleaning,HEQ-024,0.057,0.3175,0.2718,0.2774,medium
HMAN-00958,cleaning,HEQ-073,0.006,0.2959,0.1034,0.0834,low
HMAN-00959,welding,HEQ-008,0.002,0.9775,0.4394,0.3339,medium
HMAN-00960,cleaning,HEQ-124,0.0525,0.4708,0.1335,0.2602,medium
HMAN-00961,heat_treatment,HEQ-083,0.0386,1.08,0.4426,0.4689,medium
HMAN-00962,machining,HEQ-115,0.0078,0.3484,0.4256,0.2113,low
HMAN-00963,cleaning,HEQ-004,0.004,0.4583,0.2548,0.1401,low
HMAN-00964,cleaning,HEQ-086,0.0551,0.3381,0.4367,0.3119,medium
HMAN-00965,machining,HEQ-008,0.0085,0.4969,0.789,0.4284,medium
HMAN-00966,welding,HEQ-083,0.015,0.8617,0.6588,0.4223,medium
HMAN-00967,heat_treatment,HEQ-107,0.0307,0.2964,0.1385,0.1748,low
HMAN-00968,machining,HEQ-127,0.0106,0.5778,0.1568,0.1689,low
HMAN-00969,heat_treatment,HEQ-014,0.0648,0.1547,0.3548,0.2871,medium
HMAN-00970,welding,HEQ-062,0.0319,0.4015,0.2633,0.2432,low
HMAN-00971,heat_treatment,HEQ-013,0.0559,0.0768,0.6587,0.3786,medium
HMAN-00972,machining,HEQ-065,0.0323,0.3322,0.2705,0.2153,low
HMAN-00973,grinding,HEQ-052,0.0841,0.284,0.5778,0.4612,medium
HMAN-00974,cleaning,HEQ-090,0.023,0.2743,0.6539,0.3146,medium
HMAN-00975,heat_treatment,HEQ-099,0.0731,0.6454,0.1078,0.3448,medium
HMAN-00976,grinding,HEQ-094,0.0239,0.3608,0.5646,0.3488,medium
HMAN-00977,grinding,HEQ-017,0.0432,0.8577,0.5139,0.4134,medium
HMAN-00978,cleaning,HEQ-103,0.0512,0.2106,0.4886,0.3091,medium
HMAN-00979,heat_treatment,HEQ-045,0.0197,0.3998,0.3566,0.2824,medium
HMAN-00980,machining,HEQ-014,0.0073,0.2287,0.6201,0.2576,medium
HMAN-00981,welding,HEQ-044,0.0969,0.2264,0.6805,0.4864,medium
HMAN-00982,heat_treatment,HEQ-030,0.0113,0.3408,0.334,0.1968,low
HMAN-00983,heat_treatment,HEQ-088,0.0429,0.6554,0.7098,0.4681,medium
HMAN-00984,welding,HEQ-031,0.0093,0.3909,0.1645,0.1264,low
HMAN-00985,cleaning,HEQ-013,0.0715,0.05,0.3644,0.2952,medium
HMAN-00986,heat_treatment,HEQ-110,0.0109,0.1704,0.5055,0.264,medium
HMAN-00987,machining,HEQ-009,0.008,0.3638,0.236,0.0991,low
HMAN-00988,heat_treatment,HEQ-112,0.0094,0.7008,0.7339,0.4152,medium
HMAN-00989,machining,HEQ-069,0.0171,0.4661,0.4503,0.2632,medium
HMAN-00990,grinding,HEQ-012,0.0184,0.8925,0.7203,0.4712,medium
HMAN-00991,machining,HEQ-074,0.0168,0.371,0.6133,0.3015,medium
HMAN-00992,cleaning,HEQ-135,0.0165,0.4634,0.7205,0.355,medium
HMAN-00993,heat_treatment,HEQ-137,0.0358,0.5518,0.2782,0.2416,low
HMAN-00994,machining,HEQ-038,0.0147,1.3283,0.2871,0.3427,medium
HMAN-00995,welding,HEQ-030,0.0245,0.3673,0.3902,0.228,low
HMAN-00996,welding,HEQ-068,0.004,1.1257,0.5388,0.3397,medium
HMAN-00997,welding,HEQ-006,0.0199,0.8211,0.3278,0.3384,medium
HMAN-00998,welding,HEQ-131,0.025,0.5589,0.2877,0.2557,medium
HMAN-00999,grinding,HEQ-026,0.0615,0.3974,0.3141,0.3615,medium
HMAN-01000,grinding,HEQ-113,0.018,0.135,0.4005,0.163,low
HMAN-01001,machining,HEQ-052,0.0457,0.1076,0.4412,0.3351,medium
HMAN-01002,grinding,HEQ-098,0.0263,0.531,0.3675,0.2363,low
HMAN-01003,grinding,HEQ-009,0.0348,0.3691,0.7894,0.4601,medium
HMAN-01004,welding,HEQ-050,0.0815,0.0683,0.4001,0.335,medium
HMAN-01005,cleaning,HEQ-030,0.0564,0.4142,0.3184,0.287,medium
HMAN-01006,welding,HEQ-007,0.0471,0.05,0.1349,0.1762,low
HMAN-01007,welding,HEQ-010,0.0155,0.4631,0.3278,0.24,low
HMAN-01008,welding,HEQ-086,0.0215,0.1674,0.2067,0.1465,low
HMAN-01009,machining,HEQ-046,0.0366,0.7761,0.4048,0.3322,medium
HMAN-01010,welding,HEQ-021,0.032,0.6266,0.553,0.361,medium
HMAN-01011,heat_treatment,HEQ-101,0.0145,0.1051,0.3621,0.1927,low
HMAN-01012,machining,HEQ-030,0.0637,0.2973,0.5191,0.4645,medium
HMAN-01013,welding,HEQ-033,0.0147,0.8602,0.5364,0.3079,medium
HMAN-01014,cleaning,HEQ-034,0.013,0.647,0.7044,0.3694,medium
HMAN-01015,grinding,HEQ-012,0.0302,0.5617,0.282,0.2469,low
HMAN-01016,cleaning,HEQ-112,0.0242,0.2534,0.2475,0.1462,low
HMAN-01017,cleaning,HEQ-060,0.0147,0.7454,0.2501,0.2211,low
HMAN-01018,machining,HEQ-108,0.0419,0.3454,0.241,0.1885,low
HMAN-01019,heat_treatment,HEQ-131,0.0148,0.3112,0.371,0.2528,medium
HMAN-01020,machining,HEQ-120,0.0551,0.297,0.5164,0.317,medium
HMAN-01021,cleaning,HEQ-083,0.0113,0.7459,0.294,0.2425,low
HMAN-01022,grinding,HEQ-011,0.0979,0.5198,0.1785,0.3747,medium
HMAN-01023,heat_treatment,HEQ-131,0.0098,0.854,0.1572,0.1977,low
HMAN-01024,machining,HEQ-137,0.0151,1.3955,0.1166,0.2882,medium
HMAN-01025,machining,HEQ-118,0.0733,0.7673,0.4729,0.49,medium
HMAN-01026,welding,HEQ-131,0.0465,0.2291,0.6918,0.339,medium
HMAN-01027,cleaning,HEQ-030,0.0157,0.5017,0.5424,0.2768,medium
HMAN-01028,welding,HEQ-102,0.0245,0.2705,0.2469,0.1836,low
HMAN-01029,machining,HEQ-110,0.0118,1.484,0.2337,0.3292,medium
HMAN-01030,heat_treatment,HEQ-037,0.0227,0.3478,0.2329,0.2481,low
HMAN-01031,machining,HEQ-114,0.0174,0.6724,0.2953,0.2426,low
HMAN-01032,machining,HEQ-140,0.0235,0.3281,0.3027,0.2098,low
HMAN-01033,welding,HEQ-094,0.0475,0.7609,0.3533,0.3928,medium
HMAN-01034,heat_treatment,HEQ-017,0.0335,0.3609,0.3678,0.2891,medium
HMAN-01035,welding,HEQ-041,0.0817,0.8358,0.2584,0.4054,medium
HMAN-01036,machining,HEQ-024,0.0383,0.8817,0.1943,0.2576,medium
HMAN-01037,welding,HEQ-133,0.0406,0.05,0.3863,0.2294,low
HMAN-01038,cleaning,HEQ-027,0.0168,0.6356,0.7773,0.3945,medium
HMAN-01039,grinding,HEQ-086,0.09,1.598,0.6413,0.6889,high
HMAN-01040,machining,HEQ-088,0.0073,0.2814,0.5726,0.3275,medium
HMAN-01041,welding,HEQ-008,0.0132,0.1556,0.3554,0.2457,low
HMAN-01042,welding,HEQ-008,0.0371,0.5182,0.8707,0.4431,medium
HMAN-01043,heat_treatment,HEQ-017,0.0728,1.0338,0.7021,0.6309,high
HMAN-01044,welding,HEQ-016,0.0068,0.8439,0.1494,0.1614,low
HMAN-01045,heat_treatment,HEQ-063,0.0277,0.9296,0.6385,0.4561,medium
HMAN-01046,cleaning,HEQ-021,0.019,0.4829,0.2351,0.1756,low
HMAN-01047,grinding,HEQ-062,0.0127,0.6692,0.3065,0.2833,medium
HMAN-01048,machining,HEQ-076,0.0522,0.3313,0.3078,0.2457,low
HMAN-01049,grinding,HEQ-034,0.0399,0.6795,0.2446,0.2751,medium
HMAN-01050,cleaning,HEQ-088,0.0535,0.4477,0.29,0.261,medium
HMAN-01051,cleaning,HEQ-106,0.0157,0.4779,0.578,0.3131,medium
HMAN-01052,machining,HEQ-103,0.1042,0.1999,0.4964,0.4545,medium
HMAN-01053,welding,HEQ-002,0.1005,1.1197,0.596,0.6383,high
HMAN-01054,heat_treatment,HEQ-091,0.0147,0.703,0.1781,0.2375,low
HMAN-01055,heat_treatment,HEQ-115,0.0165,0.1437,0.3592,0.2664,medium
HMAN-01056,welding,HEQ-042,0.0274,0.692,0.1634,0.2461,low
HMAN-01057,machining,HEQ-108,0.0767,0.3345,0.4358,0.4213,medium
HMAN-01058,grinding,HEQ-099,0.0477,0.6706,0.0767,0.2489,low
HMAN-01059,cleaning,HEQ-022,0.0122,0.9414,0.1925,0.1963,low
HMAN-01060,grinding,HEQ-025,0.0704,0.3917,0.6857,0.474,medium
HMAN-01061,cleaning,HEQ-016,0.0232,0.4632,0.1906,0.1751,low
HMAN-01062,machining,HEQ-085,0.0691,0.6462,0.5693,0.4431,medium
HMAN-01063,cleaning,HEQ-043,0.0135,0.1372,0.3576,0.2085,low
HMAN-01064,heat_treatment,HEQ-029,0.0648,0.5522,0.5746,0.4502,medium
HMAN-01065,cleaning,HEQ-074,0.0469,0.3424,0.4477,0.3389,medium
HMAN-01066,machining,HEQ-124,0.0263,0.4497,0.3021,0.1704,low
HMAN-01067,machining,HEQ-024,0.0182,0.3385,0.2205,0.1264,low
HMAN-01068,welding,HEQ-136,0.0668,0.5243,0.4813,0.4275,medium
HMAN-01069,machining,HEQ-113,0.0065,0.2961,0.1711,0.0297,low
HMAN-01070,welding,HEQ-119,0.0332,0.7607,0.1575,0.304,medium
HMAN-01071,cleaning,HEQ-056,0.0493,0.8607,0.5449,0.4428,medium
HMAN-01072,machining,HEQ-022,0.0319,0.4467,0.5323,0.3046,medium
HMAN-01073,grinding,HEQ-117,0.0216,0.9129,0.3316,0.3799,medium
HMAN-01074,cleaning,HEQ-013,0.0096,0.078,0.5283,0.2202,low
HMAN-01075,cleaning,HEQ-026,0.0074,0.9362,0.5046,0.2818,medium
HMAN-01076,cleaning,HEQ-046,0.0282,1.0314,0.4628,0.3063,medium
HMAN-01077,cleaning,HEQ-133,0.0577,0.1346,0.1167,0.1906,low
HMAN-01078,heat_treatment,HEQ-038,0.0238,0.7097,0.4893,0.3374,medium
HMAN-01079,cleaning,HEQ-069,0.0062,0.1745,0.1364,0.08,low
HMAN-01080,grinding,HEQ-120,0.0543,0.2237,0.4883,0.3189,medium
HMAN-01081,welding,HEQ-136,0.0209,0.5058,0.3993,0.2539,medium
HMAN-01082,welding,HEQ-113,0.013,0.3362,0.3459,0.1728,low
HMAN-01083,welding,HEQ-074,0.0404,0.1654,0.4376,0.2988,medium
HMAN-01084,heat_treatment,HEQ-028,0.032,0.249,0.6177,0.3015,medium
HMAN-01085,grinding,HEQ-099,0.0501,0.3485,0.7345,0.4361,medium
HMAN-01086,grinding,HEQ-001,0.0535,0.3385,0.2485,0.2407,low
HMAN-01087,cleaning,HEQ-117,0.0725,0.8378,0.3338,0.3987,medium
HMAN-01088,machining,HEQ-025,0.1332,0.2067,0.312,0.5471,high
HMAN-01089,welding,HEQ-096,0.0755,0.3363,0.3126,0.3876,medium
HMAN-01090,cleaning,HEQ-092,0.0514,0.3156,0.1303,0.1536,low
HMAN-01091,cleaning,HEQ-067,0.0196,0.3522,0.2938,0.2287,low
HMAN-01092,grinding,HEQ-010,0.022,0.2175,0.7083,0.3109,medium
HMAN-01093,heat_treatment,HEQ-080,0.0264,0.1207,0.3757,0.236,low
HMAN-01094,machining,HEQ-054,0.0566,0.5855,0.6061,0.4026,medium
HMAN-01095,grinding,HEQ-066,0.0284,0.3589,0.2596,0.2391,low
HMAN-01096,machining,HEQ-052,0.0526,0.1422,0.6885,0.361,medium
HMAN-01097,heat_treatment,HEQ-014,0.0263,0.5899,0.1518,0.197,low
HMAN-01098,cleaning,HEQ-019,0.0191,0.3876,0.2812,0.1901,low
HMAN-01099,grinding,HEQ-034,0.0168,0.2855,0.3876,0.1754,low
HMAN-01100,welding,HEQ-102,0.0387,0.311,0.3712,0.3367,medium
HMAN-01101,grinding,HEQ-062,0.0427,0.575,0.3502,0.3165,medium
HMAN-01102,cleaning,HEQ-020,0.0223,0.3921,0.2415,0.2646,medium
HMAN-01103,machining,HEQ-113,0.0576,0.9052,0.2805,0.409,medium
HMAN-01104,grinding,HEQ-053,0.03,0.4161,0.2059,0.1699,low
HMAN-01105,cleaning,HEQ-089,0.0292,0.6504,0.6009,0.2922,medium
HMAN-01106,grinding,HEQ-001,0.0158,0.4766,0.3836,0.2738,medium
HMAN-01107,heat_treatment,HEQ-067,0.0322,0.4191,0.2873,0.2663,medium
HMAN-01108,grinding,HEQ-015,0.0217,0.3181,0.5119,0.2951,medium
HMAN-01109,grinding,HEQ-076,0.002,0.5552,0.4925,0.3083,medium
HMAN-01110,cleaning,HEQ-113,0.0691,0.5451,0.7658,0.5374,high
HMAN-01111,cleaning,HEQ-019,0.0354,0.3156,0.1852,0.2122,low
HMAN-01112,heat_treatment,HEQ-085,0.0061,0.0755,0.4634,0.1729,low
HMAN-01113,welding,HEQ-020,0.0585,0.4215,0.2616,0.248,low
HMAN-01114,heat_treatment,HEQ-090,0.002,0.4627,0.6303,0.3218,medium
HMAN-01115,welding,HEQ-114,0.0449,0.0518,0.3364,0.2234,low
HMAN-01116,grinding,HEQ-104,0.0175,0.6272,0.487,0.331,medium
HMAN-01117,grinding,HEQ-057,0.0119,0.1569,0.7834,0.3785,medium
HMAN-01118,grinding,HEQ-065,0.0703,0.1116,0.3064,0.3753,medium
HMAN-01119,cleaning,HEQ-120,0.0227,0.7186,0.155,0.1996,low
HMAN-01120,grinding,HEQ-033,0.0637,0.8659,0.4565,0.399,medium
HMAN-01121,cleaning,HEQ-092,0.0224,1.0606,0.1823,0.2824,medium
HMAN-01122,heat_treatment,HEQ-120,0.0121,0.3087,0.1663,0.1323,low
HMAN-01123,machining,HEQ-051,0.0361,0.8316,0.6737,0.4218,medium
HMAN-01124,heat_treatment,HEQ-140,0.0284,0.3995,0.2513,0.202,low
HMAN-01125,cleaning,HEQ-017,0.0412,0.2376,0.0939,0.2378,low
HMAN-01126,heat_treatment,HEQ-019,0.0427,0.3004,0.199,0.2245,low
HMAN-01127,machining,HEQ-046,0.0899,0.2024,0.3041,0.321,medium
HMAN-01128,cleaning,HEQ-006,0.0265,0.7824,0.7399,0.4586,medium
HMAN-01129,heat_treatment,HEQ-047,0.0524,0.5873,0.1227,0.2277,low
HMAN-01130,cleaning,HEQ-130,0.0251,0.3101,0.2038,0.226,low
HMAN-01131,machining,HEQ-107,0.0595,0.0797,0.7026,0.4804,medium
HMAN-01132,grinding,HEQ-018,0.0616,0.283,0.3342,0.2987,medium
HMAN-01133,machining,HEQ-092,0.0491,0.4136,0.3205,0.2359,low
HMAN-01134,heat_treatment,HEQ-094,0.0226,0.3015,0.4479,0.2499,low
HMAN-01135,cleaning,HEQ-006,0.0693,0.8502,0.0955,0.3514,medium
HMAN-01136,cleaning,HEQ-074,0.0338,0.458,0.5547,0.3691,medium
HMAN-01137,welding,HEQ-096,0.0278,0.9291,0.5617,0.4624,medium
HMAN-01138,heat_treatment,HEQ-108,0.034,0.4679,0.406,0.3454,medium
HMAN-01139,welding,HEQ-048,0.0079,0.11,0.2421,0.1443,low
HMAN-01140,cleaning,HEQ-059,0.1073,0.3464,0.4885,0.5386,high
HMAN-01141,grinding,HEQ-086,0.0592,0.7822,0.5224,0.4593,medium
HMAN-01142,machining,HEQ-050,0.0112,0.5076,0.4051,0.2845,medium
HMAN-01143,grinding,HEQ-112,0.0118,0.9211,0.7849,0.465,medium
HMAN-01144,welding,HEQ-022,0.0387,0.3534,0.0823,0.1807,low
HMAN-01145,cleaning,HEQ-089,0.0651,0.3255,0.6395,0.4145,medium
HMAN-01146,cleaning,HEQ-055,0.0063,1.0144,0.2135,0.2184,low
HMAN-01147,heat_treatment,HEQ-059,0.0198,0.1516,0.065,0.0804,low
HMAN-01148,welding,HEQ-059,0.1101,0.6399,0.4689,0.5392,high
HMAN-01149,welding,HEQ-099,0.0152,0.5575,0.1595,0.1879,low
HMAN-01150,cleaning,HEQ-048,0.039,0.1266,0.302,0.1897,low
HMAN-01151,cleaning,HEQ-017,0.0087,0.3433,0.23,0.0764,low
HMAN-01152,heat_treatment,HEQ-140,0.0216,0.9522,0.3209,0.3984,medium
HMAN-01153,machining,HEQ-059,0.0236,0.6021,0.097,0.2081,low
HMAN-01154,heat_treatment,HEQ-111,0.0064,0.5651,0.2479,0.1676,low
HMAN-01155,machining,HEQ-135,0.0428,1.226,0.3883,0.4295,medium
HMAN-01156,cleaning,HEQ-050,0.0161,0.5568,0.29,0.1846,low
HMAN-01157,grinding,HEQ-090,0.0706,0.12,0.4461,0.3269,medium
HMAN-01158,heat_treatment,HEQ-127,0.0354,1.1359,0.8435,0.5182,high
HMAN-01159,heat_treatment,HEQ-031,0.0408,0.127,0.4696,0.2527,medium
HMAN-01160,welding,HEQ-085,0.1149,1.2467,0.046,0.5107,high
HMAN-01161,welding,HEQ-140,0.0227,0.2448,0.1067,0.1829,low
HMAN-01162,cleaning,HEQ-089,0.0493,1.7479,0.4124,0.5276,high
HMAN-01163,machining,HEQ-138,0.0331,0.2567,0.2186,0.151,low
HMAN-01164,welding,HEQ-031,0.0292,0.2596,0.2675,0.254,medium
HMAN-01165,heat_treatment,HEQ-008,0.0415,0.5599,0.6923,0.4386,medium
HMAN-01166,welding,HEQ-086,0.0192,0.1127,0.4699,0.2393,low
HMAN-01167,machining,HEQ-006,0.0156,1.0125,0.1347,0.2583,medium
HMAN-01168,machining,HEQ-071,0.0155,0.2017,0.2991,0.168,low
HMAN-01169,machining,HEQ-140,0.0895,0.5827,0.5768,0.6036,high
HMAN-01170,cleaning,HEQ-057,0.0397,0.6194,0.5981,0.4078,medium
HMAN-01171,machining,HEQ-060,0.0504,1.1748,0.1417,0.3822,medium
HMAN-01172,machining,HEQ-048,0.0116,0.1096,0.496,0.1747,low
HMAN-01173,machining,HEQ-070,0.0273,0.2355,0.1204,0.1632,low
HMAN-01174,heat_treatment,HEQ-087,0.057,0.1697,0.4637,0.403,medium
HMAN-01175,cleaning,HEQ-128,0.0476,1.0144,0.5665,0.5143,high
HMAN-01176,heat_treatment,HEQ-110,0.0494,0.1099,0.3846,0.2572,medium
HMAN-01177,welding,HEQ-140,0.0411,1.0338,0.5733,0.4873,medium
HMAN-01178,machining,HEQ-047,0.0164,0.1519,0.5538,0.2635,medium
HMAN-01179,machining,HEQ-052,0.0365,0.1659,0.6358,0.2596,medium
HMAN-01180,welding,HEQ-116,0.012,0.2704,0.3179,0.1721,low
HMAN-01181,machining,HEQ-047,0.0075,0.8714,0.2293,0.1651,low
HMAN-01182,grinding,HEQ-076,0.002,0.5115,0.7566,0.3509,medium
HMAN-01183,heat_treatment,HEQ-029,0.0922,0.8944,0.1779,0.4404,medium
HMAN-01184,grinding,HEQ-122,0.0273,0.5328,0.3728,0.312,medium
HMAN-01185,heat_treatment,HEQ-107,0.0261,0.6287,0.8051,0.4303,medium
HMAN-01186,heat_treatment,HEQ-016,0.054,0.1122,0.3524,0.25,medium
HMAN-01187,welding,HEQ-080,0.0372,0.4186,0.2894,0.3281,medium
HMAN-01188,machining,HEQ-040,0.0062,0.3734,0.6395,0.2606,medium
HMAN-01189,grinding,HEQ-086,0.0398,0.2415,0.365,0.2284,low
HMAN-01190,welding,HEQ-025,0.0467,0.3055,0.5928,0.3641,medium
HMAN-01191,heat_treatment,HEQ-130,0.0175,0.8575,0.4413,0.2529,medium
HMAN-01192,grinding,HEQ-062,0.0379,0.1093,0.3508,0.2823,medium
HMAN-01193,machining,HEQ-105,0.0314,0.5507,0.7959,0.4548,medium
HMAN-01194,heat_treatment,HEQ-012,0.0109,0.6098,0.1625,0.1084,low
HMAN-01195,grinding,HEQ-033,0.0062,0.1599,0.302,0.1728,low
HMAN-01196,welding,HEQ-129,0.0037,0.5284,0.3187,0.1806,low
HMAN-01197,cleaning,HEQ-118,0.0836,0.24,0.5899,0.5186,high
HMAN-01198,welding,HEQ-093,0.0207,0.4443,0.6821,0.3929,medium
HMAN-01199,welding,HEQ-116,0.0095,1.8071,0.613,0.549,high
HMAN-01200,heat_treatment,HEQ-004,0.0188,0.5022,0.5018,0.3209,medium
