material_batch_id,material_grade,supplier_id,hardness,aging_level,corrosion_resistance,material_risk_score,material_risk_level
HMAT-00001,316L,HSUP-064,57.26,0.1553,0.7014,0.2277,low
HMAT-00002,316L,HSUP-065,62.32,0.237,0.6262,0.352,medium
HMAT-00003,316L,HSUP-056,66.22,0.3005,0.3214,0.5575,high
HMAT-00004,35CrMo,HSUP-012,59.22,0.3596,0.8518,0.2336,low
HMAT-00005,316L,HSUP-057,61.22,0.5614,0.9482,0.3849,medium
HMAT-00006,35CrMo,HSUP-078,62.83,0.4176,0.9244,0.2826,medium
HMAT-00007,NBR,HSUP-046,60.23,0.3673,0.8464,0.2409,low
HMAT-00008,316L,HSUP-035,59.22,0.5437,0.5669,0.3979,medium
HMAT-00009,NBR,HSUP-020,52.0,0.5018,0.5531,0.4226,medium
HMAT-00010,NBR,HSUP-007,61.13,0.4017,0.8441,0.3119,medium
HMAT-00011,40Cr,HSUP-070,57.14,0.2025,0.8309,0.1806,low
HMAT-00012,FKM,HSUP-038,58.84,0.0838,0.7476,0.1139,low
HMAT-00013,40Cr,HSUP-011,67.72,0.2253,0.5122,0.4287,medium
HMAT-00014,FKM,HSUP-010,53.72,0.3278,0.6309,0.343,medium
HMAT-00015,NBR,HSUP-005,55.81,0.4251,0.5343,0.3879,medium
HMAT-00016,316L,HSUP-075,51.13,0.2215,0.4762,0.4045,medium
HMAT-00017,NBR,HSUP-023,57.46,0.1329,0.9473,0.1076,low
HMAT-00018,35CrMo,HSUP-055,60.75,0.1605,0.8659,0.1589,low
HMAT-00019,NBR,HSUP-022,62.47,0.4287,0.8303,0.3322,medium
HMAT-00020,FKM,HSUP-069,66.08,0.4356,0.4327,0.4739,medium
HMAT-00021,316L,HSUP-005,61.77,0.241,0.8159,0.1403,low
HMAT-00022,304,HSUP-026,58.23,0.1576,0.8893,0.1173,low
HMAT-00023,FKM,HSUP-076,56.27,0.6957,0.6841,0.4693,medium
HMAT-00024,NBR,HSUP-059,57.92,0.1874,0.6602,0.2336,low
HMAT-00025,NBR,HSUP-012,60.81,0.0985,0.9195,0.1345,low
HMAT-00026,FKM,HSUP-080,55.23,0.3186,0.7121,0.2565,medium
HMAT-00027,304,HSUP-001,53.59,0.1795,0.8727,0.1913,low
HMAT-00028,304,HSUP-009,64.54,0.1835,0.6613,0.2545,medium
HMAT-00029,35CrMo,HSUP-065,58.17,0.6044,0.8371,0.315,medium
HMAT-00030,NBR,HSUP-022,67.22,0.27,0.7987,0.3777,medium
HMAT-00031,NBR,HSUP-007,58.05,0.1853,0.523,0.216,low
HMAT-00032,35CrMo,HSUP-037,54.07,0.3513,0.5339,0.4548,medium
HMAT-00033,40Cr,HSUP-053,58.41,0.3643,0.4016,0.383,medium
HMAT-00034,40Cr,HSUP-008,57.52,0.2903,0.7569,0.1533,low
HMAT-00035,304,HSUP-022,58.36,0.5146,0.6935,0.3781,medium
HMAT-00036,NBR,HSUP-043,58.15,0.6251,0.9168,0.3151,medium
HMAT-00037,304,HSUP-058,63.82,0.1288,0.3982,0.32,medium
HMAT-00038,FKM,HSUP-037,55.69,0.245,0.888,0.1288,low
HMAT-00039,40Cr,HSUP-074,57.06,0.0618,0.7039,0.1671,low
HMAT-00040,35CrMo,HSUP-048,57.67,0.5759,0.815,0.3027,medium
HMAT-00041,FKM,HSUP-005,59.36,0.3427,0.4199,0.4178,medium
HMAT-00042,40Cr,HSUP-010,59.68,0.1707,0.5444,0.2509,medium
HMAT-00043,304,HSUP-009,59.4,0.6183,0.6787,0.442,medium
HMAT-00044,FKM,HSUP-071,47.87,0.1193,0.6506,0.3559,medium
HMAT-00045,304,HSUP-057,55.43,0.3499,0.9245,0.2468,low
HMAT-00046,304,HSUP-065,64.15,0.3193,0.3983,0.4019,medium
HMAT-00047,304,HSUP-029,60.21,0.1157,0.4676,0.194,low
HMAT-00048,35CrMo,HSUP-080,63.74,0.3644,0.7153,0.3476,medium
HMAT-00049,316L,HSUP-034,53.59,0.5677,0.5384,0.4924,medium
HMAT-00050,40Cr,HSUP-029,55.0,0.1395,0.8899,0.0713,low
HMAT-00051,40Cr,HSUP-020,61.95,0.1288,0.8421,0.1681,low
HMAT-00052,40Cr,HSUP-069,57.0,0.386,0.6817,0.2948,medium
HMAT-00053,304,HSUP-054,58.22,0.21,0.8939,0.1608,low
HMAT-00054,FKM,HSUP-035,54.98,0.2175,0.5943,0.2931,medium
HMAT-00055,NBR,HSUP-020,58.5,0.3788,0.8514,0.2308,low
HMAT-00056,316L,HSUP-065,58.56,0.1351,0.8857,0.1642,low
HMAT-00057,316L,HSUP-046,66.25,0.241,0.8428,0.3593,medium
HMAT-00058,NBR,HSUP-038,60.53,0.3699,0.7453,0.2937,medium
HMAT-00059,35CrMo,HSUP-016,58.69,0.2806,0.8148,0.1599,low
HMAT-00060,304,HSUP-024,53.39,0.1473,0.6106,0.2784,medium
HMAT-00061,FKM,HSUP-015,58.45,0.5223,0.4377,0.3823,medium
HMAT-00062,316L,HSUP-048,59.37,0.349,0.7787,0.2657,medium
HMAT-00063,NBR,HSUP-002,58.45,0.2766,0.3903,0.3778,medium
HMAT-00064,NBR,HSUP-015,61.07,0.2172,0.6771,0.1869,low
HMAT-00065,304,HSUP-051,53.88,0.4089,0.9149,0.2946,medium
HMAT-00066,40Cr,HSUP-043,48.2,0.3966,0.6285,0.3715,medium
HMAT-00067,304,HSUP-034,55.66,0.2013,0.5672,0.3014,medium
HMAT-00068,FKM,HSUP-063,61.5,0.4077,0.7976,0.249,low
HMAT-00069,316L,HSUP-077,58.53,0.0727,0.4839,0.2458,low
HMAT-00070,NBR,HSUP-051,52.32,0.097,0.4397,0.3663,medium
HMAT-00071,35CrMo,HSUP-026,67.61,0.1191,0.743,0.2526,medium
HMAT-00072,304,HSUP-067,60.28,0.5107,0.5354,0.3903,medium
HMAT-00073,316L,HSUP-002,59.79,0.4374,0.6501,0.3644,medium
HMAT-00074,35CrMo,HSUP-004,54.84,0.3159,0.7145,0.3305,medium
HMAT-00075,40Cr,HSUP-051,54.38,0.317,0.8793,0.1591,low
HMAT-00076,40Cr,HSUP-067,57.61,0.4656,0.9362,0.2115,low
HMAT-00077,FKM,HSUP-049,53.18,0.0403,0.797,0.2147,low
HMAT-00078,304,HSUP-018,59.65,0.2694,0.5801,0.2962,medium
HMAT-00079,35CrMo,HSUP-013,61.98,0.3061,0.5051,0.3827,medium
HMAT-00080,NBR,HSUP-074,56.15,0.5625,0.8034,0.2574,medium
HMAT-00081,35CrMo,HSUP-067,56.41,0.3517,0.4155,0.3932,medium
HMAT-00082,316L,HSUP-077,60.99,0.1334,0.7516,0.1369,low
HMAT-00083,FKM,HSUP-005,55.97,0.2517,0.3963,0.3827,medium
HMAT-00084,NBR,HSUP-064,50.43,0.5808,0.7154,0.4325,medium
HMAT-00085,40Cr,HSUP-053,58.55,0.3907,0.5269,0.35,medium
HMAT-00086,304,HSUP-064,69.51,0.365,0.7625,0.4963,medium
HMAT-00087,35CrMo,HSUP-051,57.51,0.0825,0.8593,0.1415,low
HMAT-00088,40Cr,HSUP-010,56.3,0.6297,0.7774,0.3978,medium
HMAT-00089,40Cr,HSUP-041,49.91,0.4749,0.5434,0.5625,high
HMAT-00090,NBR,HSUP-017,59.96,0.2072,0.7288,0.2108,low
HMAT-00091,304,HSUP-078,54.54,0.3123,0.9159,0.2114,low
HMAT-00092,304,HSUP-030,54.41,0.2834,0.8314,0.2265,low
HMAT-00093,35CrMo,HSUP-014,60.88,0.3258,0.4162,0.3639,medium
HMAT-00094,NBR,HSUP-013,55.78,0.3334,0.9223,0.2667,medium
HMAT-00095,316L,HSUP-049,61.62,0.3198,0.6663,0.2999,medium
HMAT-00096,304,HSUP-065,51.75,0.1921,0.8287,0.2888,medium
HMAT-00097,NBR,HSUP-029,61.76,0.6415,0.8208,0.4326,medium
HMAT-00098,35CrMo,HSUP-043,61.99,0.4741,0.7367,0.3927,medium
HMAT-00099,FKM,HSUP-059,62.62,0.1824,0.8093,0.2333,low
HMAT-00100,FKM,HSUP-056,54.09,0.253,0.7063,0.231,low
HMAT-00101,316L,HSUP-007,60.85,0.6347,0.6095,0.3795,medium
HMAT-00102,40Cr,HSUP-037,59.87,0.3176,0.7138,0.2849,medium
HMAT-00103,35CrMo,HSUP-053,59.09,0.1051,0.4937,0.2846,medium
HMAT-00104,NBR,HSUP-052,59.35,0.2749,0.5077,0.2803,medium
HMAT-00105,40Cr,HSUP-045,58.25,0.4422,0.667,0.3649,medium
HMAT-00106,35CrMo,HSUP-036,51.75,0.3229,0.7875,0.2842,medium
HMAT-00107,FKM,HSUP-032,54.39,0.6301,0.7918,0.3481,medium
HMAT-00108,NBR,HSUP-071,58.51,0.236,0.676,0.2293,low
HMAT-00109,FKM,HSUP-011,54.79,0.1922,0.7608,0.2138,low
HMAT-00110,35CrMo,HSUP-079,57.81,0.0999,0.6951,0.0799,low
HMAT-00111,316L,HSUP-042,63.71,0.0791,0.4414,0.3079,medium
HMAT-00112,35CrMo,HSUP-019,69.44,0.6854,0.6565,0.5117,high
HMAT-00113,40Cr,HSUP-077,50.12,0.1715,0.7372,0.2684,medium
HMAT-00114,40Cr,HSUP-046,57.67,0.2778,0.8873,0.1223,low
HMAT-00115,40Cr,HSUP-039,55.22,0.1739,0.8682,0.2099,low
HMAT-00116,FKM,HSUP-020,65.73,0.2227,0.7233,0.2388,low
HMAT-00117,40Cr,HSUP-039,57.76,0.4711,0.6041,0.3082,medium
HMAT-00118,35CrMo,HSUP-062,55.86,0.786,0.9418,0.3606,medium
HMAT-00119,35CrMo,HSUP-054,59.67,0.0569,0.7832,0.1154,low
HMAT-00120,304,HSUP-072,62.45,0.5369,0.7899,0.3474,medium
HMAT-00121,35CrMo,HSUP-005,59.63,0.0788,0.6928,0.1499,low
HMAT-00122,304,HSUP-005,58.24,0.4722,0.8265,0.2769,medium
HMAT-00123,304,HSUP-024,62.81,0.572,0.7187,0.4543,medium
HMAT-00124,304,HSUP-011,55.58,0.5791,0.8812,0.331,medium
HMAT-00125,316L,HSUP-006,61.04,0.683,0.8732,0.408,medium
HMAT-00126,40Cr,HSUP-070,59.57,0.4801,0.2508,0.4587,medium
HMAT-00127,40Cr,HSUP-001,63.08,0.1223,0.6426,0.3311,medium
HMAT-00128,35CrMo,HSUP-068,57.13,0.0316,0.8403,0.0205,low
HMAT-00129,FKM,HSUP-013,52.31,0.3325,0.8254,0.2799,medium
HMAT-00130,40Cr,HSUP-061,57.38,0.2065,0.1522,0.3303,medium
HMAT-00131,FKM,HSUP-049,55.19,0.2748,0.7604,0.226,low
HMAT-00132,304,HSUP-077,57.46,0.6619,0.6286,0.3566,medium
HMAT-00133,316L,HSUP-060,62.96,0.189,0.7563,0.2275,low
HMAT-00134,316L,HSUP-012,58.67,0.1888,0.7024,0.2127,low
HMAT-00135,40Cr,HSUP-056,60.43,0.504,0.8402,0.3126,medium
HMAT-00136,316L,HSUP-026,57.97,0.3925,0.8029,0.2795,medium
HMAT-00137,FKM,HSUP-017,54.1,0.1485,0.8686,0.152,low
HMAT-00138,304,HSUP-011,60.22,0.5703,0.6242,0.3946,medium
HMAT-00139,316L,HSUP-064,61.13,0.2371,0.7632,0.2759,medium
HMAT-00140,304,HSUP-049,54.2,0.8061,0.7586,0.4085,medium
HMAT-00141,40Cr,HSUP-034,60.36,0.0433,0.8591,0.1009,low
HMAT-00142,40Cr,HSUP-063,58.98,0.1281,0.8358,0.13,low
HMAT-00143,NBR,HSUP-050,60.73,0.1732,0.6241,0.3272,medium
HMAT-00144,304,HSUP-008,55.29,0.1284,0.6868,0.2059,low
HMAT-00145,FKM,HSUP-045,60.56,0.1225,0.8785,0.1171,low
HMAT-00146,304,HSUP-040,57.19,0.3233,0.7748,0.2431,low
HMAT-00147,FKM,HSUP-036,64.45,0.4859,0.8267,0.4557,medium
HMAT-00148,FKM,HSUP-012,56.89,0.337,0.6795,0.2636,medium
HMAT-00149,FKM,HSUP-021,58.3,0.1996,0.8166,0.1454,low
HMAT-00150,40Cr,HSUP-043,63.61,0.4788,0.6808,0.3862,medium
HMAT-00151,304,HSUP-013,58.44,0.5913,0.5675,0.4408,medium
HMAT-00152,35CrMo,HSUP-059,57.13,0.2206,0.3704,0.3367,medium
HMAT-00153,40Cr,HSUP-004,56.95,0.4488,0.6349,0.2643,medium
HMAT-00154,35CrMo,HSUP-079,61.02,0.4449,0.3408,0.4437,medium
HMAT-00155,FKM,HSUP-044,58.46,0.1086,0.9645,0.0091,low
HMAT-00156,35CrMo,HSUP-038,62.19,0.4401,0.6303,0.3865,medium
HMAT-00157,FKM,HSUP-061,51.68,0.1349,0.5602,0.3313,medium
HMAT-00158,FKM,HSUP-064,56.85,0.3141,0.6948,0.3156,medium
HMAT-00159,FKM,HSUP-042,62.77,0.6599,0.8182,0.3668,medium
HMAT-00160,FKM,HSUP-079,58.98,0.2155,0.8009,0.1162,low
HMAT-00161,35CrMo,HSUP-026,54.84,0.536,0.8488,0.3046,medium
HMAT-00162,40Cr,HSUP-028,56.68,0.3345,0.9373,0.2355,low
HMAT-00163,35CrMo,HSUP-061,59.47,0.8737,0.798,0.3882,medium
HMAT-00164,304,HSUP-066,56.92,0.2169,0.6772,0.2545,medium
HMAT-00165,316L,HSUP-057,58.13,0.4176,0.6925,0.2059,low
HMAT-00166,304,HSUP-042,59.91,0.5651,0.8521,0.293,medium
HMAT-00167,35CrMo,HSUP-042,67.17,0.2867,0.9181,0.3166,medium
HMAT-00168,40Cr,HSUP-053,59.99,0.6537,0.444,0.4599,medium
HMAT-00169,FKM,HSUP-039,57.87,0.2686,0.7573,0.2038,low
HMAT-00170,NBR,HSUP-025,54.17,0.2349,0.6169,0.2877,medium
HMAT-00171,FKM,HSUP-016,65.81,0.6856,0.6571,0.5635,high
HMAT-00172,NBR,HSUP-001,56.28,0.203,0.8923,0.1104,low
HMAT-00173,FKM,HSUP-037,56.94,0.2287,0.542,0.2536,medium
HMAT-00174,NBR,HSUP-064,60.28,0.1752,0.6788,0.2425,low
HMAT-00175,FKM,HSUP-030,64.41,0.3045,0.8496,0.3195,medium
HMAT-00176,NBR,HSUP-044,55.97,0.3022,0.4447,0.3035,medium
HMAT-00177,35CrMo,HSUP-076,59.65,0.176,0.754,0.2043,low
HMAT-00178,316L,HSUP-077,59.9,0.1946,0.8221,0.2021,low
HMAT-00179,40Cr,HSUP-033,55.06,0.6726,0.5477,0.488,medium
HMAT-00180,40Cr,HSUP-030,61.47,0.1673,0.8976,0.1955,low
HMAT-00181,304,HSUP-029,54.33,0.0988,0.8856,0.155,low
HMAT-00182,304,HSUP-017,57.35,0.4974,0.7538,0.2729,medium
HMAT-00183,40Cr,HSUP-051,55.87,0.1811,0.6887,0.1937,low
HMAT-00184,FKM,HSUP-063,61.34,0.5114,0.7727,0.4484,medium
HMAT-00185,316L,HSUP-001,55.02,0.5954,0.4964,0.4544,medium
HMAT-00186,35CrMo,HSUP-059,55.87,0.2504,0.6487,0.3093,medium
HMAT-00187,304,HSUP-075,54.92,0.3487,0.786,0.2322,low
HMAT-00188,FKM,HSUP-060,61.86,0.3907,0.6262,0.3366,medium
HMAT-00189,316L,HSUP-076,61.98,0.4728,0.4147,0.414,medium
HMAT-00190,FKM,HSUP-008,66.09,0.1764,0.5226,0.2801,medium
HMAT-00191,304,HSUP-034,55.86,0.3407,0.5486,0.3196,medium
HMAT-00192,304,HSUP-080,61.36,0.7662,0.8716,0.4319,medium
HMAT-00193,FKM,HSUP-022,57.12,0.0541,0.5798,0.2126,low
HMAT-00194,304,HSUP-034,62.3,0.31,0.7847,0.2082,low
HMAT-00195,40Cr,HSUP-069,48.89,0.2857,0.6238,0.4197,medium
HMAT-00196,35CrMo,HSUP-025,58.18,0.4371,0.704,0.2889,medium
HMAT-00197,304,HSUP-062,58.76,0.2636,0.8352,0.1774,low
HMAT-00198,FKM,HSUP-008,62.99,0.6501,0.6913,0.3883,medium
HMAT-00199,NBR,HSUP-073,51.66,0.3732,0.7744,0.3194,medium
HMAT-00200,316L,HSUP-033,53.96,0.2896,0.8484,0.2586,medium
HMAT-00201,304,HSUP-047,54.48,0.2047,0.4102,0.3227,medium
HMAT-00202,FKM,HSUP-060,63.64,0.1796,0.3749,0.4054,medium
HMAT-00203,FKM,HSUP-056,57.5,0.2615,0.7413,0.232,low
HMAT-00204,NBR,HSUP-027,56.38,0.2475,0.9569,0.1531,low
HMAT-00205,304,HSUP-075,61.46,0.4924,0.5058,0.4138,medium
HMAT-00206,35CrMo,HSUP-032,55.38,0.3275,0.7492,0.2313,low
HMAT-00207,40Cr,HSUP-034,58.33,0.1828,0.706,0.1558,low
HMAT-00208,FKM,HSUP-045,57.77,0.1823,0.3296,0.2978,medium
HMAT-00209,FKM,HSUP-056,58.08,0.345,0.6004,0.2688,medium
HMAT-00210,316L,HSUP-074,60.98,0.3757,0.467,0.3923,medium
HMAT-00211,35CrMo,HSUP-030,45.74,0.5716,0.8089,0.4902,medium
HMAT-00212,NBR,HSUP-020,63.24,0.6082,0.9169,0.425,medium
HMAT-00213,NBR,HSUP-080,61.17,0.1687,0.5209,0.263,medium
HMAT-00214,40Cr,HSUP-052,57.21,0.2658,0.9298,0.1195,low
HMAT-00215,35CrMo,HSUP-019,59.43,0.6285,0.8058,0.3863,medium
HMAT-00216,316L,HSUP-049,58.85,0.5198,0.4875,0.3941,medium
HMAT-00217,40Cr,HSUP-063,64.09,0.3852,0.7587,0.3269,medium
HMAT-00218,40Cr,HSUP-044,59.56,0.1203,0.7594,0.1566,low
HMAT-00219,40Cr,HSUP-068,60.1,0.1698,0.6084,0.2138,low
HMAT-00220,NBR,HSUP-043,57.76,0.1554,0.6216,0.1594,low
HMAT-00221,FKM,HSUP-044,56.26,0.0941,0.7953,0.1866,low
HMAT-00222,35CrMo,HSUP-076,58.25,0.54,0.7528,0.2914,medium
HMAT-00223,40Cr,HSUP-073,57.35,0.0805,0.8036,0.1279,low
HMAT-00224,FKM,HSUP-021,56.28,0.3023,0.7097,0.2448,low
HMAT-00225,NBR,HSUP-032,52.29,0.4562,0.2332,0.5291,high
HMAT-00226,FKM,HSUP-013,60.19,0.2126,0.4034,0.3749,medium
HMAT-00227,40Cr,HSUP-017,56.83,0.5208,0.7561,0.2621,medium
HMAT-00228,304,HSUP-009,53.54,0.3816,0.4997,0.3139,medium
HMAT-00229,35CrMo,HSUP-065,54.94,0.2206,0.8464,0.2013,low
HMAT-00230,316L,HSUP-055,53.59,0.6042,0.8189,0.2949,medium
HMAT-00231,35CrMo,HSUP-053,56.24,0.203,0.5262,0.3073,medium
HMAT-00232,NBR,HSUP-028,58.73,0.1588,0.9176,0.1173,low
HMAT-00233,316L,HSUP-003,58.08,0.1167,0.345,0.2413,low
HMAT-00234,304,HSUP-021,62.38,0.5576,0.8366,0.3496,medium
HMAT-00235,304,HSUP-018,59.19,0.314,0.9036,0.1852,low
HMAT-00236,304,HSUP-030,57.72,0.301,0.8902,0.1665,low
HMAT-00237,FKM,HSUP-041,57.57,0.4235,0.8818,0.2626,medium
HMAT-00238,NBR,HSUP-067,62.52,0.4306,0.7479,0.3457,medium
HMAT-00239,NBR,HSUP-070,54.18,0.1658,0.8718,0.1396,low
HMAT-00240,304,HSUP-055,57.44,0.4983,0.9241,0.2182,low
HMAT-00241,304,HSUP-079,52.32,0.6378,0.3989,0.4865,medium
HMAT-00242,40Cr,HSUP-040,58.16,0.1936,0.6287,0.2524,medium
HMAT-00243,35CrMo,HSUP-054,53.55,0.4389,0.798,0.3032,medium
HMAT-00244,304,HSUP-067,55.62,0.1717,0.3892,0.3356,medium
HMAT-00245,304,HSUP-012,56.19,0.0696,0.6353,0.1183,low
HMAT-00246,FKM,HSUP-042,56.52,0.4787,0.9137,0.3215,medium
HMAT-00247,40Cr,HSUP-035,56.81,0.8115,0.7768,0.429,medium
HMAT-00248,40Cr,HSUP-008,60.61,0.0762,0.8392,0.1604,low
HMAT-00249,304,HSUP-044,57.5,0.4743,0.9513,0.2642,medium
HMAT-00250,40Cr,HSUP-037,56.05,0.3135,0.6209,0.3067,medium
HMAT-00251,NBR,HSUP-058,56.49,0.3705,0.7708,0.2082,low
HMAT-00252,40Cr,HSUP-047,55.4,0.2284,0.8784,0.1628,low
HMAT-00253,316L,HSUP-071,58.82,0.371,0.8913,0.1844,low
HMAT-00254,304,HSUP-055,52.24,0.4659,0.6211,0.4233,medium
HMAT-00255,FKM,HSUP-019,55.38,0.7708,0.6563,0.4993,medium
HMAT-00256,35CrMo,HSUP-061,57.71,0.3149,0.5669,0.3505,medium
HMAT-00257,35CrMo,HSUP-040,62.38,0.2316,0.7538,0.2735,medium
HMAT-00258,NBR,HSUP-034,65.18,0.5878,0.8571,0.4171,medium
HMAT-00259,316L,HSUP-007,52.25,0.4969,0.6616,0.4321,medium
HMAT-00260,FKM,HSUP-007,57.69,0.5266,0.911,0.2427,low
HMAT-00261,35CrMo,HSUP-054,61.9,0.1158,0.51,0.2269,low
HMAT-00262,304,HSUP-024,59.27,0.072,0.8683,0.0955,low
HMAT-00263,FKM,HSUP-032,63.13,0.2417,0.8976,0.2026,low
HMAT-00264,NBR,HSUP-052,50.22,0.6384,0.897,0.4471,medium
HMAT-00265,FKM,HSUP-053,54.98,0.1336,0.5619,0.2634,medium
HMAT-00266,40Cr,HSUP-072,53.93,0.5766,0.7811,0.381,medium
HMAT-00267,35CrMo,HSUP-008,57.44,0.1753,0.8772,0.1278,low
HMAT-00268,316L,HSUP-059,60.2,0.2944,0.6191,0.2366,low
HMAT-00269,40Cr,HSUP-055,56.13,0.6906,0.7065,0.4377,medium
HMAT-00270,304,HSUP-058,58.28,0.2547,0.6595,0.1504,low
HMAT-00271,35CrMo,HSUP-040,61.26,0.5334,0.8924,0.3254,medium
HMAT-00272,35CrMo,HSUP-018,52.64,0.3127,0.743,0.2993,medium
HMAT-00273,316L,HSUP-043,58.6,0.357,0.6749,0.3242,medium
HMAT-00274,NBR,HSUP-056,60.03,0.4208,0.3926,0.424,medium
HMAT-00275,FKM,HSUP-073,65.75,0.6149,0.6301,0.4696,medium
HMAT-00276,304,HSUP-006,52.16,0.0547,0.9165,0.1493,low
HMAT-00277,35CrMo,HSUP-044,59.55,0.5197,0.777,0.3203,medium
HMAT-00278,40Cr,HSUP-059,59.39,0.4039,0.6219,0.2523,medium
HMAT-00279,35CrMo,HSUP-029,56.67,0.398,0.567,0.2945,medium
HMAT-00280,316L,HSUP-003,58.61,0.0539,0.8323,0.1298,low
HMAT-00281,NBR,HSUP-063,54.49,0.3986,0.5044,0.4151,medium
HMAT-00282,316L,HSUP-053,58.81,0.1282,0.7174,0.1861,low
HMAT-00283,35CrMo,HSUP-030,58.25,0.3751,0.3515,0.4046,medium
HMAT-00284,NBR,HSUP-043,56.99,0.2118,0.9711,0.1038,low
HMAT-00285,316L,HSUP-059,65.93,0.4713,0.8196,0.3511,medium
HMAT-00286,NBR,HSUP-076,54.37,0.4723,0.8441,0.215,low
HMAT-00287,NBR,HSUP-005,59.85,0.6358,0.8899,0.2915,medium
HMAT-00288,40Cr,HSUP-009,60.67,0.3004,0.791,0.2335,low
HMAT-00289,NBR,HSUP-014,68.64,0.1615,0.862,0.2831,medium
HMAT-00290,316L,HSUP-030,61.8,0.4634,0.8324,0.2381,low
HMAT-00291,FKM,HSUP-008,59.51,0.3776,0.6965,0.2448,low
HMAT-00292,316L,HSUP-020,58.02,0.2881,0.6518,0.2434,low
HMAT-00293,FKM,HSUP-046,53.21,0.5171,0.8354,0.3083,medium
HMAT-00294,35CrMo,HSUP-037,53.13,0.3605,0.635,0.3035,medium
HMAT-00295,40Cr,HSUP-013,55.67,0.4519,0.8612,0.2433,low
HMAT-00296,NBR,HSUP-061,51.06,0.2388,0.7685,0.3202,medium
HMAT-00297,35CrMo,HSUP-024,52.86,0.2525,0.8072,0.2855,medium
HMAT-00298,304,HSUP-003,56.92,0.3202,0.5513,0.2486,low
HMAT-00299,40Cr,HSUP-017,57.47,0.249,0.7836,0.1704,low
HMAT-00300,40Cr,HSUP-055,49.74,0.0285,0.8071,0.1327,low
HMAT-00301,40Cr,HSUP-048,57.65,0.1358,0.8126,0.0831,low
HMAT-00302,FKM,HSUP-079,57.69,0.0206,0.7973,0.0481,low
HMAT-00303,304,HSUP-057,59.55,0.3503,0.5366,0.3394,medium
HMAT-00304,40Cr,HSUP-017,56.31,0.2976,0.8225,0.2015,low
HMAT-00305,40Cr,HSUP-059,64.05,0.5482,0.702,0.4147,medium
HMAT-00306,35CrMo,HSUP-020,52.54,0.2057,0.8331,0.2488,low
HMAT-00307,FKM,HSUP-078,57.69,0.3575,0.4748,0.3308,medium
HMAT-00308,40Cr,HSUP-079,62.76,0.3188,0.8216,0.2404,low
HMAT-00309,316L,HSUP-049,56.45,0.1974,0.4672,0.374,medium
HMAT-00310,40Cr,HSUP-068,57.29,0.6081,0.6732,0.386,medium
HMAT-00311,NBR,HSUP-023,58.81,0.1892,0.7664,0.1768,low
HMAT-00312,FKM,HSUP-032,55.93,0.1324,0.8472,0.2268,low
HMAT-00313,FKM,HSUP-020,55.09,0.4513,0.498,0.3555,medium
HMAT-00314,NBR,HSUP-020,63.47,0.5904,0.6725,0.4648,medium
HMAT-00315,FKM,HSUP-006,51.45,0.173,0.8772,0.1864,low
HMAT-00316,304,HSUP-019,60.16,0.4375,0.8518,0.2188,low
HMAT-00317,NBR,HSUP-051,56.35,0.219,0.9318,0.1876,low
HMAT-00318,NBR,HSUP-007,63.33,0.4905,0.5335,0.4166,medium
HMAT-00319,304,HSUP-069,70.41,0.6931,0.8171,0.5402,high
HMAT-00320,316L,HSUP-007,48.64,0.6434,0.9121,0.472,medium
HMAT-00321,FKM,HSUP-026,61.78,0.681,0.7321,0.4265,medium
HMAT-00322,35CrMo,HSUP-024,56.76,0.2519,0.8515,0.1991,low
HMAT-00323,35CrMo,HSUP-003,55.03,0.3785,0.7571,0.2323,low
HMAT-00324,FKM,HSUP-015,60.16,0.1777,0.4449,0.2976,medium
HMAT-00325,316L,HSUP-054,56.14,0.513,0.6149,0.3286,medium
HMAT-00326,35CrMo,HSUP-067,55.01,0.3403,0.8664,0.2259,low
HMAT-00327,35CrMo,HSUP-002,61.17,0.2822,0.6451,0.3471,medium
HMAT-00328,40Cr,HSUP-027,58.15,0.1389,0.843,0.1155,low
HMAT-00329,NBR,HSUP-052,55.75,0.1405,0.6575,0.2318,low
HMAT-00330,304,HSUP-062,55.47,0.1432,0.7704,0.1968,low
HMAT-00331,304,HSUP-016,54.02,0.2085,0.7562,0.2567,medium
HMAT-00332,40Cr,HSUP-050,62.27,0.2743,0.4096,0.3083,medium
HMAT-00333,40Cr,HSUP-002,56.94,0.1533,0.8402,0.1081,low
HMAT-00334,NBR,HSUP-007,59.27,0.1396,0.8295,0.1788,low
HMAT-00335,FKM,HSUP-007,55.95,0.2804,0.5858,0.3229,medium
HMAT-00336,FKM,HSUP-016,59.87,0.1007,0.6158,0.1923,low
HMAT-00337,40Cr,HSUP-044,44.08,0.6639,0.9236,0.4869,medium
HMAT-00338,40Cr,HSUP-054,59.3,0.3566,0.5886,0.2998,medium
HMAT-00339,316L,HSUP-041,54.32,0.0702,0.6052,0.2347,low
HMAT-00340,35CrMo,HSUP-037,59.18,0.2568,0.8703,0.1115,low
HMAT-00341,NBR,HSUP-046,58.14,0.4705,0.4921,0.3325,medium
HMAT-00342,35CrMo,HSUP-010,58.88,0.5957,0.7918,0.3116,medium
HMAT-00343,NBR,HSUP-068,59.99,0.2335,0.8109,0.2234,low
HMAT-00344,FKM,HSUP-045,53.74,0.1899,0.7173,0.2946,medium
HMAT-00345,304,HSUP-024,56.65,0.4252,0.8585,0.2746,medium
HMAT-00346,316L,HSUP-032,64.67,0.5265,0.6886,0.414,medium
HMAT-00347,40Cr,HSUP-031,55.78,0.3398,0.6492,0.2728,medium
HMAT-00348,35CrMo,HSUP-055,57.31,0.1643,0.6894,0.1983,low
HMAT-00349,316L,HSUP-020,56.47,0.083,0.8663,0.0517,low
HMAT-00350,35CrMo,HSUP-017,62.63,0.4494,0.5791,0.4332,medium
HMAT-00351,NBR,HSUP-017,56.84,0.3314,0.5124,0.3733,medium
HMAT-00352,40Cr,HSUP-056,66.98,0.0718,0.5866,0.2991,medium
HMAT-00353,316L,HSUP-075,60.31,0.1918,0.7604,0.1739,low
HMAT-00354,304,HSUP-029,58.79,0.2146,0.7847,0.1451,low
HMAT-00355,304,HSUP-067,53.57,0.0919,0.8201,0.1448,low
HMAT-00356,FKM,HSUP-058,56.33,0.3661,0.7557,0.1887,low
HMAT-00357,316L,HSUP-036,53.3,0.3236,0.3733,0.421,medium
HMAT-00358,NBR,HSUP-011,58.52,0.0688,0.923,0.0682,low
HMAT-00359,35CrMo,HSUP-062,61.12,0.4568,0.6594,0.305,medium
HMAT-00360,NBR,HSUP-029,51.9,0.3466,0.62,0.288,medium
HMAT-00361,NBR,HSUP-013,56.46,0.6055,0.7524,0.358,medium
HMAT-00362,40Cr,HSUP-042,61.31,0.6712,0.5888,0.5082,high
HMAT-00363,FKM,HSUP-069,52.98,0.382,0.5691,0.3729,medium
HMAT-00364,40Cr,HSUP-057,59.67,0.3133,0.7756,0.2236,low
HMAT-00365,NBR,HSUP-079,57.22,0.2621,0.6074,0.2208,low
HMAT-00366,40Cr,HSUP-002,55.93,0.305,0.3013,0.4391,medium
HMAT-00367,316L,HSUP-010,53.72,0.014,0.9252,0.0792,low
HMAT-00368,FKM,HSUP-035,55.56,0.0935,0.6986,0.2305,low
HMAT-00369,FKM,HSUP-067,67.21,0.1431,0.9527,0.2296,low
HMAT-00370,FKM,HSUP-044,58.54,0.1484,0.7252,0.1419,low
HMAT-00371,NBR,HSUP-009,55.39,0.0675,0.862,0.1248,low
HMAT-00372,35CrMo,HSUP-071,61.71,0.1769,0.9263,0.1071,low
HMAT-00373,35CrMo,HSUP-006,63.98,0.4308,0.7891,0.3994,medium
HMAT-00374,FKM,HSUP-021,59.9,0.306,0.6187,0.2817,medium
HMAT-00375,304,HSUP-019,56.44,0.2539,0.7126,0.2368,low
HMAT-00376,NBR,HSUP-024,55.56,0.3235,0.5365,0.3003,medium
HMAT-00377,NBR,HSUP-004,55.32,0.2944,0.5156,0.3388,medium
HMAT-00378,FKM,HSUP-080,64.65,0.4461,0.4025,0.4524,medium
HMAT-00379,NBR,HSUP-050,51.31,0.5745,0.6855,0.4565,medium
HMAT-00380,NBR,HSUP-034,65.18,0.4383,0.7574,0.4056,medium
HMAT-00381,304,HSUP-022,59.88,0.2375,0.8555,0.086,low
HMAT-00382,NBR,HSUP-067,53.1,0.1995,0.8031,0.194,low
HMAT-00383,316L,HSUP-054,58.27,0.2532,0.7351,0.168,low
HMAT-00384,316L,HSUP-068,58.5,0.5086,0.7481,0.294,medium
HMAT-00385,316L,HSUP-076,55.9,0.1275,0.9609,0.0503,low
HMAT-00386,40Cr,HSUP-026,52.66,0.3432,0.9661,0.2036,low
HMAT-00387,316L,HSUP-049,55.21,0.3139,0.9112,0.2156,low
HMAT-00388,FKM,HSUP-013,61.2,0.1028,0.85,0.0988,low
HMAT-00389,35CrMo,HSUP-077,64.27,0.4428,0.8311,0.3834,medium
HMAT-00390,316L,HSUP-025,57.83,0.7566,0.5885,0.5251,high
HMAT-00391,35CrMo,HSUP-042,59.58,0.5404,0.7683,0.3628,medium
HMAT-00392,316L,HSUP-030,56.65,0.368,0.8259,0.149,low
HMAT-00393,304,HSUP-027,59.49,0.0909,0.5368,0.1791,low
HMAT-00394,40Cr,HSUP-064,57.37,0.616,0.7107,0.3979,medium
HMAT-00395,NBR,HSUP-038,49.78,0.2886,0.7921,0.3243,medium
HMAT-00396,35CrMo,HSUP-010,57.29,0.5228,0.5539,0.3803,medium
HMAT-00397,35CrMo,HSUP-001,58.29,0.4955,0.6504,0.3536,medium
HMAT-00398,316L,HSUP-005,54.97,0.2862,0.7072,0.2532,medium
HMAT-00399,NBR,HSUP-023,60.07,0.6211,0.6841,0.3814,medium
HMAT-00400,NBR,HSUP-068,54.86,0.4566,0.697,0.3161,medium
HMAT-00401,NBR,HSUP-062,62.51,0.2424,0.3966,0.3757,medium
HMAT-00402,NBR,HSUP-052,56.97,0.4755,0.573,0.3718,medium
HMAT-00403,35CrMo,HSUP-014,60.16,0.1032,0.7614,0.1483,low
HMAT-00404,35CrMo,HSUP-045,58.05,0.3812,0.7076,0.318,medium
HMAT-00405,FKM,HSUP-038,63.84,0.3874,0.6401,0.3634,medium
HMAT-00406,40Cr,HSUP-024,55.54,0.204,0.9255,0.1275,low
HMAT-00407,316L,HSUP-066,57.16,0.1935,0.7787,0.1904,low
HMAT-00408,40Cr,HSUP-014,51.83,0.1016,0.7667,0.1925,low
HMAT-00409,FKM,HSUP-022,49.84,0.0765,0.6789,0.3003,medium
HMAT-00410,40Cr,HSUP-049,56.35,0.0264,0.7868,0.1367,low
HMAT-00411,316L,HSUP-036,51.17,0.5949,0.7616,0.4069,medium
HMAT-00412,304,HSUP-049,57.68,0.3656,0.8836,0.1527,low
HMAT-00413,35CrMo,HSUP-027,56.51,0.6437,0.7262,0.3142,medium
HMAT-00414,NBR,HSUP-023,59.14,0.5281,0.7825,0.3228,medium
HMAT-00415,40Cr,HSUP-034,59.26,0.1827,0.502,0.2393,low
HMAT-00416,FKM,HSUP-067,61.56,0.3832,0.4751,0.395,medium
HMAT-00417,FKM,HSUP-011,59.14,0.1747,0.8938,0.0938,low
HMAT-00418,304,HSUP-013,65.16,0.4324,0.7288,0.4083,medium
HMAT-00419,304,HSUP-011,55.23,0.1501,0.7149,0.2394,low
HMAT-00420,NBR,HSUP-067,61.33,0.4857,0.7432,0.3485,medium
HMAT-00421,40Cr,HSUP-031,63.25,0.535,0.869,0.3555,medium
HMAT-00422,NBR,HSUP-064,65.3,0.4733,0.8245,0.3655,medium
HMAT-00423,35CrMo,HSUP-015,48.36,0.3258,0.7746,0.4161,medium
HMAT-00424,35CrMo,HSUP-055,63.57,0.4206,0.5984,0.4401,medium
HMAT-00425,35CrMo,HSUP-076,53.86,0.6268,0.5399,0.4704,medium
HMAT-00426,316L,HSUP-049,58.67,0.2448,0.6094,0.2245,low
HMAT-00427,40Cr,HSUP-027,60.92,0.3203,0.9484,0.188,low
HMAT-00428,NBR,HSUP-039,54.04,0.4747,0.8235,0.2775,medium
HMAT-00429,40Cr,HSUP-064,60.84,0.1007,0.6634,0.1728,low
HMAT-00430,FKM,HSUP-020,62.85,0.2354,0.909,0.2319,low
HMAT-00431,NBR,HSUP-022,56.38,0.2394,0.7757,0.2109,low
HMAT-00432,40Cr,HSUP-064,44.54,0.1497,0.8231,0.3297,medium
HMAT-00433,304,HSUP-030,55.34,0.2306,0.4849,0.2248,low
HMAT-00434,NBR,HSUP-078,52.43,0.1615,0.675,0.3188,medium
HMAT-00435,304,HSUP-005,60.46,0.3248,0.7614,0.2465,low
HMAT-00436,FKM,HSUP-018,57.41,0.3161,0.8628,0.1525,low
HMAT-00437,NBR,HSUP-025,53.68,0.6809,0.4891,0.5195,high
HMAT-00438,316L,HSUP-023,59.41,0.7361,0.7915,0.4519,medium
HMAT-00439,NBR,HSUP-056,51.86,0.4504,0.904,0.3186,medium
HMAT-00440,NBR,HSUP-042,58.73,0.3461,0.8226,0.2463,low
HMAT-00441,FKM,HSUP-010,64.58,0.4446,0.7911,0.4148,medium
HMAT-00442,NBR,HSUP-014,56.2,0.0378,0.8523,0.0901,low
HMAT-00443,304,HSUP-015,64.5,0.2796,0.8478,0.2711,medium
HMAT-00444,35CrMo,HSUP-066,57.82,0.2343,0.624,0.1431,low
HMAT-00445,316L,HSUP-041,54.53,0.143,0.7271,0.2218,low
HMAT-00446,40Cr,HSUP-035,55.44,0.411,0.7832,0.2585,medium
HMAT-00447,316L,HSUP-050,59.16,0.4341,0.8324,0.3342,medium
HMAT-00448,316L,HSUP-045,63.4,0.2943,0.51,0.3331,medium
HMAT-00449,316L,HSUP-051,58.31,0.3592,0.9457,0.227,low
HMAT-00450,316L,HSUP-012,60.32,0.3136,0.9264,0.2247,low
HMAT-00451,NBR,HSUP-068,55.41,0.1339,0.2865,0.3852,medium
HMAT-00452,40Cr,HSUP-074,50.27,0.6384,0.6769,0.5264,high
HMAT-00453,FKM,HSUP-004,51.73,0.2862,0.822,0.3077,medium
HMAT-00454,316L,HSUP-065,62.78,0.5148,0.8129,0.3467,medium
HMAT-00455,FKM,HSUP-004,64.31,0.3337,0.6235,0.3804,medium
HMAT-00456,NBR,HSUP-046,58.57,0.1137,0.4921,0.2393,low
HMAT-00457,NBR,HSUP-005,65.27,0.2889,0.26,0.433,medium
HMAT-00458,304,HSUP-038,59.56,0.3008,0.5395,0.3524,medium
HMAT-00459,NBR,HSUP-058,60.0,0.2851,0.4751,0.3051,medium
HMAT-00460,304,HSUP-038,59.27,0.4095,0.5235,0.3764,medium
HMAT-00461,35CrMo,HSUP-017,59.11,0.0409,0.5763,0.1313,low
HMAT-00462,40Cr,HSUP-027,62.15,0.2861,0.7874,0.2861,medium
HMAT-00463,316L,HSUP-031,49.8,0.1499,0.7119,0.2874,medium
HMAT-00464,35CrMo,HSUP-005,52.96,0.7144,0.7087,0.4822,medium
HMAT-00465,35CrMo,HSUP-016,54.78,0.4439,0.6679,0.354,medium
HMAT-00466,35CrMo,HSUP-078,52.13,0.324,0.8059,0.3561,medium
HMAT-00467,35CrMo,HSUP-066,58.48,0.3183,0.6975,0.1997,low
HMAT-00468,35CrMo,HSUP-037,55.65,0.321,0.7861,0.1676,low
HMAT-00469,304,HSUP-022,61.77,0.4234,0.9056,0.2661,medium
HMAT-00470,FKM,HSUP-014,60.71,0.344,0.8134,0.3292,medium
HMAT-00471,40Cr,HSUP-033,63.36,0.4837,0.7926,0.3402,medium
HMAT-00472,NBR,HSUP-061,63.79,0.2948,0.8883,0.3032,medium
HMAT-00473,FKM,HSUP-027,59.66,0.1627,0.8894,0.1868,low
HMAT-00474,304,HSUP-016,61.83,0.3776,0.8938,0.245,low
HMAT-00475,NBR,HSUP-003,52.69,0.2797,0.5782,0.3497,medium
HMAT-00476,35CrMo,HSUP-047,59.04,0.6427,0.5052,0.5134,high
HMAT-00477,35CrMo,HSUP-050,53.38,0.4861,0.3025,0.5944,high
HMAT-00478,304,HSUP-055,59.35,0.5106,0.477,0.4606,medium
HMAT-00479,40Cr,HSUP-028,55.62,0.2284,0.5559,0.3431,medium
HMAT-00480,304,HSUP-005,50.02,0.0809,0.9749,0.1847,low
HMAT-00481,FKM,HSUP-080,52.17,0.3066,0.8819,0.2314,low
HMAT-00482,40Cr,HSUP-033,70.68,0.1631,0.749,0.4269,medium
HMAT-00483,40Cr,HSUP-080,54.75,0.4467,0.5731,0.3823,medium
HMAT-00484,40Cr,HSUP-074,61.68,0.2961,0.7842,0.2349,low
HMAT-00485,FKM,HSUP-071,50.83,0.4956,0.9316,0.2984,medium
HMAT-00486,35CrMo,HSUP-008,53.56,0.3329,0.7579,0.2621,medium
HMAT-00487,40Cr,HSUP-061,63.52,0.1743,0.9288,0.1735,low
HMAT-00488,NBR,HSUP-038,60.26,0.2601,0.3867,0.3869,medium
HMAT-00489,40Cr,HSUP-042,58.26,0.1772,0.8934,0.1044,low
HMAT-00490,40Cr,HSUP-055,58.85,0.6043,0.718,0.4293,medium
HMAT-00491,NBR,HSUP-005,58.35,0.2921,0.9834,0.0854,low
HMAT-00492,35CrMo,HSUP-003,57.15,0.624,0.7525,0.3418,medium
HMAT-00493,35CrMo,HSUP-058,60.73,0.3594,0.7061,0.2805,medium
HMAT-00494,40Cr,HSUP-043,64.03,0.1842,0.3124,0.4614,medium
HMAT-00495,NBR,HSUP-033,55.16,0.4322,0.8427,0.3398,medium
HMAT-00496,NBR,HSUP-024,54.29,0.4051,0.6072,0.355,medium
HMAT-00497,FKM,HSUP-035,55.85,0.1851,0.4727,0.2956,medium
HMAT-00498,35CrMo,HSUP-005,54.68,0.2188,0.6786,0.2326,low
HMAT-00499,40Cr,HSUP-023,50.24,0.0809,0.7231,0.2106,low
HMAT-00500,FKM,HSUP-075,62.59,0.0914,0.7467,0.1386,low
HMAT-00501,316L,HSUP-002,54.68,0.6442,0.834,0.3569,medium
HMAT-00502,316L,HSUP-031,58.65,0.105,0.3461,0.3439,medium
HMAT-00503,35CrMo,HSUP-075,55.53,0.3407,0.5327,0.3485,medium
HMAT-00504,304,HSUP-059,60.75,0.5054,0.7954,0.3684,medium
HMAT-00505,35CrMo,HSUP-062,57.55,0.5861,0.8554,0.2413,low
HMAT-00506,35CrMo,HSUP-067,56.69,0.5664,0.5515,0.4027,medium
HMAT-00507,304,HSUP-023,56.4,0.4233,0.7769,0.2344,low
HMAT-00508,FKM,HSUP-005,58.97,0.5012,0.7516,0.3388,medium
HMAT-00509,40Cr,HSUP-009,60.86,0.7167,0.3033,0.6508,high
HMAT-00510,NBR,HSUP-070,57.53,0.5448,0.8794,0.2249,low
HMAT-00511,35CrMo,HSUP-007,64.95,0.3757,0.798,0.3377,medium
HMAT-00512,NBR,HSUP-049,55.48,0.0333,0.6885,0.1155,low
HMAT-00513,35CrMo,HSUP-065,60.26,0.2162,0.5569,0.2683,medium
HMAT-00514,304,HSUP-012,59.54,0.2273,0.3283,0.3718,medium
HMAT-00515,NBR,HSUP-021,59.63,0.1262,0.7355,0.2248,low
HMAT-00516,FKM,HSUP-008,60.19,0.139,0.8729,0.0771,low
HMAT-00517,NBR,HSUP-037,57.25,0.2894,0.877,0.1047,low
HMAT-00518,316L,HSUP-027,67.91,0.3179,0.8089,0.2787,medium
HMAT-00519,304,HSUP-021,62.71,0.5015,0.8447,0.3327,medium
HMAT-00520,304,HSUP-074,59.13,0.5664,0.8882,0.2603,medium
HMAT-00521,316L,HSUP-011,55.98,0.5822,0.3357,0.5256,high
HMAT-00522,FKM,HSUP-003,58.54,0.163,0.7684,0.2119,low
HMAT-00523,40Cr,HSUP-028,58.74,0.6217,0.5837,0.4542,medium
HMAT-00524,40Cr,HSUP-033,60.9,0.1395,0.6172,0.2701,medium
HMAT-00525,40Cr,HSUP-023,58.72,0.432,0.9162,0.241,low
HMAT-00526,316L,HSUP-044,60.59,0.5764,0.613,0.4544,medium
HMAT-00527,304,HSUP-041,62.81,0.2598,0.734,0.3073,medium
HMAT-00528,316L,HSUP-004,59.89,0.347,0.5678,0.3475,medium
HMAT-00529,304,HSUP-002,60.12,0.6996,0.7461,0.3865,medium
HMAT-00530,NBR,HSUP-033,61.71,0.2085,0.9236,0.1348,low
HMAT-00531,316L,HSUP-025,51.98,0.4223,0.6225,0.3343,medium
HMAT-00532,FKM,HSUP-039,64.48,0.1805,0.589,0.3498,medium
HMAT-00533,35CrMo,HSUP-017,53.4,0.2424,0.6302,0.3731,medium
HMAT-00534,NBR,HSUP-019,60.69,0.3209,0.6788,0.2405,low
HMAT-00535,NBR,HSUP-017,55.1,0.4267,0.5739,0.346,medium
HMAT-00536,NBR,HSUP-046,49.22,0.3157,0.9065,0.3729,medium
HMAT-00537,304,HSUP-024,56.26,0.4712,0.5857,0.3667,medium
HMAT-00538,304,HSUP-072,54.21,0.098,0.5299,0.2822,medium
HMAT-00539,40Cr,HSUP-021,54.09,0.2454,0.4261,0.3388,medium
HMAT-00540,40Cr,HSUP-020,57.78,0.3797,0.8208,0.2197,low
HMAT-00541,304,HSUP-012,51.55,0.2101,0.6406,0.3171,medium
HMAT-00542,316L,HSUP-079,56.84,0.2924,0.7377,0.229,low
HMAT-00543,35CrMo,HSUP-002,61.02,0.2428,0.6339,0.2826,medium
HMAT-00544,35CrMo,HSUP-056,59.51,0.4162,0.571,0.3455,medium
HMAT-00545,FKM,HSUP-080,59.59,0.4134,0.8894,0.1883,low
HMAT-00546,NBR,HSUP-003,57.68,0.5757,0.6348,0.3339,medium
HMAT-00547,304,HSUP-068,62.66,0.2923,0.7976,0.1883,low
HMAT-00548,35CrMo,HSUP-023,64.6,0.4261,0.8564,0.2462,low
HMAT-00549,40Cr,HSUP-032,69.77,0.3833,0.5848,0.4359,medium
HMAT-00550,35CrMo,HSUP-013,60.51,0.2992,0.5881,0.262,medium
HMAT-00551,304,HSUP-017,59.34,0.795,0.8185,0.4407,medium
HMAT-00552,40Cr,HSUP-063,60.6,0.1892,0.7356,0.2326,low
HMAT-00553,NBR,HSUP-053,65.1,0.3283,0.9274,0.2768,medium
HMAT-00554,304,HSUP-005,62.31,0.0388,0.8039,0.1767,low
HMAT-00555,304,HSUP-021,59.01,0.0873,0.7175,0.1818,low
HMAT-00556,35CrMo,HSUP-071,56.53,0.4395,0.5364,0.3526,medium
HMAT-00557,304,HSUP-021,54.35,0.8074,0.7313,0.4711,medium
HMAT-00558,316L,HSUP-034,55.46,0.366,0.6819,0.2254,low
HMAT-00559,40Cr,HSUP-067,64.62,0.2035,0.5717,0.37,medium
HMAT-00560,40Cr,HSUP-011,50.03,0.5947,0.6776,0.5257,high
HMAT-00561,NBR,HSUP-079,57.71,0.262,0.8729,0.1586,low
HMAT-00562,FKM,HSUP-036,57.05,0.1909,0.6512,0.2247,low
HMAT-00563,40Cr,HSUP-026,62.98,0.5172,0.7006,0.3271,medium
HMAT-00564,316L,HSUP-037,53.67,0.0151,0.6843,0.2378,low
HMAT-00565,35CrMo,HSUP-069,54.53,0.3404,0.5116,0.3194,medium
HMAT-00566,NBR,HSUP-007,59.13,0.4321,0.7958,0.3263,medium
HMAT-00567,FKM,HSUP-035,56.15,0.2041,0.4435,0.317,medium
HMAT-00568,35CrMo,HSUP-007,55.75,0.1755,0.8218,0.1781,low
HMAT-00569,35CrMo,HSUP-012,60.58,0.4556,0.8897,0.2224,low
HMAT-00570,40Cr,HSUP-017,56.93,0.3214,0.4178,0.3881,medium
HMAT-00571,NBR,HSUP-023,52.93,0.3539,0.4085,0.3894,medium
HMAT-00572,35CrMo,HSUP-019,55.18,0.5725,0.926,0.3447,medium
HMAT-00573,40Cr,HSUP-060,59.37,0.5021,0.8551,0.2472,low
HMAT-00574,40Cr,HSUP-068,55.58,0.1048,0.4037,0.2372,low
HMAT-00575,40Cr,HSUP-079,57.06,0.158,0.4426,0.2297,low
HMAT-00576,FKM,HSUP-060,62.19,0.2702,0.9192,0.2825,medium
HMAT-00577,FKM,HSUP-010,54.41,0.1226,0.9097,0.1162,low
HMAT-00578,304,HSUP-011,61.21,0.2083,0.4359,0.3612,medium
HMAT-00579,NBR,HSUP-019,59.18,0.3001,0.8111,0.1663,low
HMAT-00580,35CrMo,HSUP-002,59.64,0.1846,0.6396,0.2565,medium
HMAT-00581,316L,HSUP-014,56.63,0.3033,0.8434,0.2212,low
HMAT-00582,35CrMo,HSUP-053,56.19,0.0657,0.4169,0.2973,medium
HMAT-00583,35CrMo,HSUP-047,68.48,0.3659,0.6469,0.4019,medium
HMAT-00584,NBR,HSUP-026,49.77,0.1108,0.9103,0.1421,low
HMAT-00585,NBR,HSUP-067,63.74,0.313,0.6905,0.3669,medium
HMAT-00586,316L,HSUP-001,57.64,0.1641,0.6819,0.2134,low
HMAT-00587,40Cr,HSUP-062,54.52,0.2327,0.614,0.2734,medium
HMAT-00588,40Cr,HSUP-008,60.53,0.2019,0.9003,0.1511,low
HMAT-00589,40Cr,HSUP-041,58.19,0.3323,0.6075,0.285,medium
HMAT-00590,FKM,HSUP-047,56.82,0.1405,0.6457,0.1653,low
HMAT-00591,NBR,HSUP-026,60.99,0.5676,0.6434,0.3545,medium
HMAT-00592,FKM,HSUP-049,62.49,0.4508,0.6453,0.3168,medium
HMAT-00593,40Cr,HSUP-021,57.74,0.4875,0.8641,0.2394,low
HMAT-00594,40Cr,HSUP-036,59.92,0.5244,0.7441,0.3879,medium
HMAT-00595,40Cr,HSUP-069,65.63,0.0993,0.669,0.2464,low
HMAT-00596,316L,HSUP-070,61.17,0.1364,0.5865,0.3032,medium
HMAT-00597,35CrMo,HSUP-036,58.44,0.42,0.7277,0.2313,low
HMAT-00598,40Cr,HSUP-059,49.21,0.2596,0.8892,0.3033,medium
HMAT-00599,35CrMo,HSUP-074,54.29,0.4633,0.6332,0.3609,medium
HMAT-00600,NBR,HSUP-033,56.44,0.5947,0.8165,0.2717,medium
