pipe_design_id,component_uid,L1,L2,L3,theta1,theta2,R,max_deformation,max_equivalent_stress,allowable_stress,design_risk_score,design_risk_level
HPIP-00001,HCU-00002,254.917,319.978,119.856,108.01,86.877,39.81,1.6653,226.252,369.507,0.1377,low
HPIP-00002,HCU-00008,206.486,216.677,160.71,68.079,139.972,11.33,1.9579,343.735,384.517,0.4967,medium
HPIP-00003,HCU-00009,338.78,411.658,161.559,121.606,103.699,39.746,2.1715,233.043,344.701,0.2002,low
HPIP-00004,HCU-00015,303.034,238.164,164.886,157.53,103.179,21.04,1.7816,304.857,339.101,0.4265,medium
HPIP-00005,HCU-00016,347.045,153.44,75.138,84.784,94.742,37.187,1.6699,262.488,320.851,0.2847,medium
HPIP-00006,HCU-00022,308.867,407.111,204.353,108.832,92.662,12.842,2.4154,283.807,330.204,0.4457,medium
HPIP-00007,HCU-00032,414.651,381.829,129.591,102.45,77.176,34.997,2.389,278.079,330.726,0.3538,medium
HPIP-00008,HCU-00033,277.381,207.3,205.077,83.306,159.853,39.646,1.6882,302.92,387.163,0.29,medium
HPIP-00009,HCU-00040,283.071,176.569,100.009,66.058,116.149,14.871,1.7889,283.899,379.185,0.3637,medium
HPIP-00010,HCU-00045,162.021,375.685,84.224,148.907,120.648,32.473,1.7235,302.215,416.627,0.265,medium
HPIP-00011,HCU-00052,334.021,373.42,241.837,153.13,139.238,16.47,2.4468,372.535,429.589,0.4895,medium
HPIP-00012,HCU-00056,116.221,164.62,244.873,129.141,73.676,20.394,1.2047,243.066,377.039,0.2461,low
HPIP-00013,HCU-00057,354.779,146.99,146.157,115.402,135.283,28.877,1.7349,231.32,372.035,0.2032,low
HPIP-00014,HCU-00060,141.353,428.767,146.24,126.267,65.972,7.209,2.4604,375.606,362.296,0.619,high
HPIP-00015,HCU-00063,382.652,237.067,125.636,83.721,115.168,30.37,1.9696,244.642,374.509,0.2304,low
HPIP-00016,HCU-00064,106.498,165.676,103.055,106.219,128.764,11.216,1.2576,273.07,322.591,0.3756,medium
HPIP-00017,HCU-00074,134.544,114.736,100.569,75.167,99.629,21.847,1.1564,245.468,400.84,0.2074,low
HPIP-00018,HCU-00087,272.449,225.935,202.415,154.224,152.366,38.802,1.8273,328.882,319.082,0.4568,medium
HPIP-00019,HCU-00088,218.199,386.222,60.005,154.333,100.361,19.008,2.1007,272.706,332.636,0.4099,medium
HPIP-00020,HCU-00097,110.769,237.378,255.653,71.888,131.729,5.278,1.9146,404.339,390.13,0.5922,high
HPIP-00021,HCU-00098,357.695,418.608,129.383,69.714,141.801,13.888,2.6277,351.745,392.849,0.5289,high
HPIP-00022,HCU-00107,446.996,278.424,109.099,85.473,103.321,9.556,2.4391,305.176,339.073,0.4985,medium
HPIP-00023,HCU-00116,142.063,151.194,185.867,92.237,141.109,30.193,1.27,228.025,400.935,0.1548,low
HPIP-00024,HCU-00123,253.856,187.145,252.826,125.351,99.257,7.916,1.8626,296.517,409.13,0.3623,medium
HPIP-00025,HCU-00124,220.313,287.903,135.332,100.744,153.266,13.69,1.9664,317.039,428.8,0.3775,medium
HPIP-00026,HCU-00129,408.027,430.418,88.185,116.366,137.875,26.69,2.6392,282.538,366.289,0.3614,medium
HPIP-00027,HCU-00143,91.168,209.178,235.963,120.381,89.774,24.552,1.1388,240.618,376.925,0.1944,low
HPIP-00028,HCU-00150,362.889,346.726,193.689,81.045,118.37,24.92,2.3348,272.511,406.093,0.2949,medium
HPIP-00029,HCU-00153,215.653,180.466,190.287,77.926,111.289,13.615,1.7211,282.535,394.716,0.3293,medium
HPIP-00030,HCU-00156,418.118,234.258,61.709,89.402,159.332,25.257,2.2245,340.052,379.915,0.4488,medium
HPIP-00031,HCU-00157,249.99,142.764,88.796,98.472,73.079,38.017,1.5142,225.736,312.845,0.2229,low
HPIP-00032,HCU-00160,398.782,165.691,258.884,105.859,113.695,12.502,1.8663,274.254,417.378,0.2841,medium
HPIP-00033,HCU-00171,343.692,100.945,66.613,101.204,63.058,18.196,1.654,306.765,334.317,0.4435,medium
HPIP-00034,HCU-00172,128.406,129.716,174.81,122.704,76.015,9.276,1.4006,304.597,350.314,0.4311,medium
HPIP-00035,HCU-00182,219.189,412.971,236.732,98.88,97.95,30.541,1.8913,235.621,381.06,0.1961,low
HPIP-00036,HCU-00184,166.972,194.506,173.572,101.611,74.032,33.286,1.2029,228.092,367.925,0.1616,low
HPIP-00037,HCU-00195,122.221,196.656,57.659,107.774,122.667,19.198,1.2142,232.98,385.658,0.1881,low
HPIP-00038,HCU-00198,244.124,403.531,89.454,108.485,87.486,11.208,2.1367,304.886,407.487,0.3764,medium
HPIP-00039,HCU-00204,282.273,441.732,213.324,143.631,121.266,22.798,2.3265,276.704,356.71,0.3723,medium
HPIP-00040,HCU-00217,209.711,387.241,115.298,64.58,92.649,26.814,2.1078,322.851,339.971,0.4587,medium
HPIP-00041,HCU-00220,124.409,116.14,200.104,114.296,64.324,37.903,1.0682,267.635,340.911,0.2333,low
HPIP-00042,HCU-00221,333.223,220.257,71.104,91.857,124.547,7.128,2.1265,337.287,323.765,0.5733,high
HPIP-00043,HCU-00229,124.813,207.243,61.96,136.744,84.671,20.895,1.4379,277.812,382.659,0.3025,medium
HPIP-00044,HCU-00230,409.307,428.902,246.973,104.309,115.085,24.584,2.4411,271.689,375.056,0.3076,medium
HPIP-00045,HCU-00231,347.771,221.467,244.181,70.082,71.001,27.089,2.0721,298.271,369.89,0.3883,medium
HPIP-00046,HCU-00232,121.39,175.148,246.631,94.561,99.852,31.352,1.1015,240.679,324.085,0.2163,low
HPIP-00047,HCU-00235,94.962,247.76,113.562,152.366,65.55,29.381,1.5049,313.365,321.845,0.4464,medium
HPIP-00048,HCU-00236,333.139,130.481,187.184,98.704,112.64,16.479,1.5393,230.201,343.373,0.2588,medium
HPIP-00049,HCU-00237,297.933,287.254,258.255,157.545,137.013,38.137,1.9825,320.579,379.164,0.3503,medium
HPIP-00050,HCU-00243,292.42,434.455,229.519,77.569,125.824,28.071,2.2553,232.31,354.55,0.2772,medium
HPIP-00051,HCU-00249,125.828,375.045,197.715,129.733,146.16,17.156,1.8009,301.674,360.557,0.4109,medium
HPIP-00052,HCU-00250,84.968,123.044,208.056,66.52,129.11,6.941,1.4492,372.644,386.769,0.5153,high
HPIP-00053,HCU-00251,99.252,145.973,204.828,154.888,132.114,7.051,1.6629,379.914,357.743,0.59,high
HPIP-00054,HCU-00252,434.083,425.452,255.057,149.122,143.867,10.799,2.9443,372.155,355.31,0.6524,high
HPIP-00055,HCU-00254,111.058,391.666,128.069,109.002,121.611,10.096,1.8725,293.147,355.632,0.3972,medium
HPIP-00056,HCU-00257,378.508,86.693,74.209,89.075,92.094,30.276,1.5643,240.764,321.583,0.2676,medium
HPIP-00057,HCU-00265,311.535,240.177,120.688,132.59,76.544,18.158,1.917,291.018,402.816,0.3476,medium
HPIP-00058,HCU-00266,162.095,327.892,80.723,108.683,152.647,25.725,1.7009,252.401,363.685,0.2706,medium
HPIP-00059,HCU-00267,205.685,368.078,144.759,95.911,92.579,16.895,1.9411,276.261,348.385,0.3713,medium
HPIP-00060,HCU-00270,415.594,269.95,81.664,150.414,65.15,8.649,2.6204,407.789,358.272,0.7065,high
HPIP-00061,HCU-00285,349.825,186.938,232.895,147.645,67.726,7.833,2.4123,367.269,367.525,0.6109,high
HPIP-00062,HCU-00291,280.582,238.444,83.868,141.615,146.702,31.633,1.7721,303.918,320.317,0.4203,medium
HPIP-00063,HCU-00296,373.669,123.091,186.899,61.647,159.429,14.902,1.9451,358.416,361.633,0.5618,high
HPIP-00064,HCU-00297,194.437,391.781,118.602,147.312,122.032,34.526,1.9865,247.732,341.759,0.2719,medium
HPIP-00065,HCU-00300,275.07,447.894,217.081,132.826,136.079,6.461,2.7997,392.366,338.186,0.7043,high
HPIP-00066,HCU-00310,402.26,287.965,78.526,83.089,148.88,12.366,2.5545,331.782,339.266,0.5728,high
HPIP-00067,HCU-00314,353.259,103.85,80.607,150.158,138.996,8.428,2.058,365.546,341.761,0.6156,high
HPIP-00068,HCU-00315,141.919,201.349,225.538,115.093,149.661,22.49,1.4454,236.422,360.406,0.2478,low
HPIP-00069,HCU-00326,162.148,218.358,146.027,107.739,74.891,34.08,1.3543,235.16,344.976,0.1965,low
HPIP-00070,HCU-00329,293.72,234.727,121.804,108.233,111.106,37.832,1.6444,220.113,240.0,0.4143,medium
HPIP-00071,HCU-00342,205.971,190.779,202.004,138.243,107.354,34.903,1.2913,234.493,265.976,0.2982,medium
HPIP-00072,HCU-00344,320.281,153.814,181.742,94.795,73.58,17.343,1.7246,270.034,404.656,0.3026,medium
HPIP-00073,HCU-00350,246.107,250.79,128.085,93.246,151.165,8.686,2.0474,345.411,399.389,0.4837,medium
HPIP-00074,HCU-00353,317.675,429.454,142.33,144.347,127.565,26.247,2.3645,274.634,334.18,0.3928,medium
HPIP-00075,HCU-00360,390.252,176.837,167.366,107.412,83.67,12.572,1.9252,273.401,291.419,0.4717,medium
HPIP-00076,HCU-00365,115.468,384.093,68.889,149.437,152.815,6.412,2.2725,396.412,352.942,0.6827,high
HPIP-00077,HCU-00367,127.289,374.483,173.398,150.758,143.529,15.778,1.9317,328.78,340.135,0.5193,high
HPIP-00078,HCU-00368,270.528,399.182,87.152,122.037,82.582,15.304,2.2128,291.922,326.491,0.4626,medium
HPIP-00079,HCU-00371,408.438,368.942,249.619,105.021,144.237,37.888,2.3637,258.012,405.8,0.2189,low
HPIP-00080,HCU-00382,416.853,209.743,119.456,101.663,152.025,15.958,2.1137,317.116,378.236,0.4318,medium
HPIP-00081,HCU-00384,234.785,432.725,124.896,62.32,110.133,29.874,2.0944,263.107,400.942,0.2587,medium
HPIP-00082,HCU-00388,135.403,270.076,108.049,139.694,123.788,33.374,1.5227,272.939,376.697,0.2415,low
HPIP-00083,HCU-00390,326.966,366.842,198.382,85.2,69.488,28.232,2.1847,302.039,375.028,0.376,medium
HPIP-00084,HCU-00394,157.691,85.599,187.667,93.524,148.038,32.545,1.1382,224.911,394.157,0.1424,low
HPIP-00085,HCU-00404,241.599,135.129,237.092,87.983,122.56,12.078,1.5481,269.705,351.971,0.3557,medium
HPIP-00086,HCU-00407,196.572,342.679,80.267,146.496,100.141,19.448,1.9536,280.527,382.598,0.3406,medium
HPIP-00087,HCU-00408,241.998,125.38,232.111,147.913,79.936,31.485,1.4409,305.505,319.721,0.4033,medium
HPIP-00088,HCU-00413,225.458,411.276,235.936,106.449,146.822,5.395,2.5737,391.852,393.465,0.5909,high
HPIP-00089,HCU-00420,413.272,148.378,200.907,106.835,118.897,18.02,1.7814,242.356,332.542,0.2993,medium
HPIP-00090,HCU-00425,421.726,196.496,124.238,131.731,108.481,38.724,1.9004,260.059,337.941,0.247,low
HPIP-00091,HCU-00441,95.228,151.676,112.37,93.949,135.956,22.222,1.1795,237.121,389.302,0.202,low
HPIP-00092,HCU-00449,103.99,380.959,203.652,131.437,126.108,31.126,1.5801,272.681,339.11,0.2956,medium
HPIP-00093,HCU-00457,295.733,175.391,86.717,112.861,69.435,27.943,1.746,286.994,342.908,0.3457,medium
HPIP-00094,HCU-00468,434.846,432.341,119.059,112.401,136.345,29.97,2.6146,287.14,305.837,0.4365,medium
HPIP-00095,HCU-00473,169.971,394.202,175.446,82.889,66.19,37.702,1.9937,337.44,359.283,0.4038,medium
HPIP-00096,HCU-00488,314.932,316.884,258.537,79.23,89.144,37.422,2.0974,270.036,385.903,0.2535,medium
HPIP-00097,HCU-00490,178.401,318.729,173.27,91.571,70.367,15.28,1.8292,311.562,368.797,0.4281,medium
HPIP-00098,HCU-00493,280.803,396.31,241.979,121.857,125.15,7.838,2.4124,381.454,349.464,0.6115,high
HPIP-00099,HCU-00497,134.674,159.265,63.036,121.241,130.361,22.443,1.1397,258.947,333.249,0.2855,medium
HPIP-00100,HCU-00505,428.078,421.5,144.137,86.511,108.822,15.765,2.6417,290.671,342.727,0.4464,medium
HPIP-00101,HCU-00508,421.755,297.983,63.874,70.434,147.156,30.051,2.3667,355.467,353.086,0.5076,high
HPIP-00102,HCU-00509,348.248,258.641,220.894,69.552,143.086,28.391,2.1185,284.882,358.921,0.3725,medium
HPIP-00103,HCU-00512,406.368,394.223,80.47,95.842,139.792,5.61,3.0272,376.941,341.047,0.6859,high
HPIP-00104,HCU-00514,396.956,205.088,193.876,151.937,101.461,39.776,1.8177,284.545,316.347,0.3395,medium
HPIP-00105,HCU-00532,384.341,304.289,237.573,134.155,101.31,5.717,2.6652,381.556,396.793,0.5679,high
HPIP-00106,HCU-00533,160.389,152.523,138.465,81.322,105.405,28.875,1.2081,208.308,282.09,0.2397,low
HPIP-00107,HCU-00534,293.775,101.619,101.344,64.412,109.532,24.717,1.419,253.763,413.226,0.2129,low
HPIP-00108,HCU-00541,419.194,275.272,171.818,69.912,145.209,34.532,2.337,327.401,275.807,0.5884,high
HPIP-00109,HCU-00542,138.776,329.837,125.739,150.165,109.157,23.776,1.6137,248.538,359.885,0.269,medium
HPIP-00110,HCU-00553,321.328,177.764,179.36,75.619,76.682,17.443,1.9144,354.011,414.612,0.4386,medium
HPIP-00111,HCU-00554,249.3,88.504,134.578,115.411,149.033,21.119,1.3723,279.31,330.48,0.3588,medium
HPIP-00112,HCU-00561,226.407,354.797,172.216,115.4,142.031,38.162,1.8571,241.107,345.934,0.2189,low
HPIP-00113,HCU-00564,178.841,421.777,194.931,148.509,79.376,15.521,2.1093,342.035,333.997,0.56,high
HPIP-00114,HCU-00571,185.501,386.229,66.287,109.079,149.753,30.105,1.8661,281.748,333.104,0.3459,medium
HPIP-00115,HCU-00589,401.123,282.247,91.299,140.332,84.896,20.499,2.2378,289.382,360.136,0.4038,medium
HPIP-00116,HCU-00595,310.895,121.176,91.497,132.466,78.9,37.329,1.6,284.665,327.098,0.3229,medium
HPIP-00117,HCU-00598,203.243,339.946,147.939,133.215,116.716,31.945,1.8103,270.394,365.56,0.2616,medium
HPIP-00118,HCU-00607,358.531,130.481,101.562,76.996,156.605,37.447,1.7087,299.872,364.334,0.328,medium
HPIP-00119,HCU-00613,188.052,190.51,206.15,85.932,158.511,39.502,1.503,314.443,411.571,0.2642,medium
HPIP-00120,HCU-00615,323.117,424.175,224.099,97.609,153.676,10.745,2.5975,372.027,418.248,0.5219,high
HPIP-00121,HCU-00619,189.766,111.703,179.879,127.431,124.633,28.821,1.2526,239.577,319.905,0.2477,low
HPIP-00122,HCU-00629,201.59,433.145,148.418,94.917,107.003,32.385,2.0491,222.489,331.387,0.2234,low
HPIP-00123,HCU-00630,334.015,199.806,92.683,72.569,74.556,34.625,1.8744,299.767,390.166,0.313,medium
HPIP-00124,HCU-00635,129.791,179.618,214.666,100.235,91.087,16.417,1.3365,227.326,387.453,0.2123,low
HPIP-00125,HCU-00640,184.877,282.707,106.45,66.189,64.62,10.685,1.9728,375.77,361.458,0.6024,high
HPIP-00126,HCU-00646,107.917,180.825,225.03,91.049,113.856,10.907,1.2061,290.722,315.627,0.4172,medium
HPIP-00127,HCU-00648,192.02,352.141,67.094,72.024,145.966,16.038,1.9627,334.24,429.738,0.4102,medium
HPIP-00128,HCU-00651,197.608,398.448,194.579,118.194,108.438,31.191,1.7673,220.075,346.56,0.1814,low
HPIP-00129,HCU-00658,327.104,210.351,80.877,81.19,138.429,15.078,1.9933,324.084,358.279,0.4734,medium
HPIP-00130,HCU-00661,356.59,81.487,141.412,109.452,105.601,21.163,1.4818,211.289,305.354,0.2372,low
HPIP-00131,HCU-00666,429.405,154.123,117.778,139.881,95.582,7.707,2.2086,346.687,327.444,0.5974,high
HPIP-00132,HCU-00667,259.322,137.01,133.508,73.044,89.152,31.594,1.4179,277.077,316.738,0.3443,medium
HPIP-00133,HCU-00696,408.38,369.187,225.876,127.244,138.966,21.581,2.4494,284.839,411.723,0.3384,medium
HPIP-00134,HCU-00698,145.808,291.563,52.262,114.935,77.093,7.926,1.882,284.833,331.248,0.4536,medium
HPIP-00135,HCU-00702,231.754,379.206,90.178,119.924,71.839,18.779,2.1595,296.028,377.489,0.3881,medium
HPIP-00136,HCU-00703,381.235,105.508,107.197,131.975,118.076,19.5,1.5997,267.65,312.988,0.3721,medium
HPIP-00137,HCU-00707,334.248,182.321,121.376,65.247,66.511,20.367,1.8959,311.389,372.46,0.4342,medium
HPIP-00138,HCU-00708,101.985,105.481,246.823,153.983,141.184,31.622,1.0888,249.701,355.845,0.2401,low
HPIP-00139,HCU-00711,133.075,405.513,101.52,156.572,96.705,26.635,1.9827,270.539,427.798,0.2646,medium
HPIP-00140,HCU-00716,261.765,330.219,246.465,138.149,133.034,35.845,1.9716,277.022,315.709,0.3553,medium
HPIP-00141,HCU-00719,94.954,117.769,150.239,73.682,95.541,16.253,1.0533,249.488,420.464,0.2209,low
HPIP-00142,HCU-00729,161.679,139.554,250.073,142.254,148.172,35.216,1.2823,278.859,386.865,0.2424,low
HPIP-00143,HCU-00730,316.477,383.446,257.226,99.716,79.696,34.096,2.2146,341.943,407.715,0.3457,medium
HPIP-00144,HCU-00742,227.853,367.887,221.51,140.856,108.592,15.395,1.9471,268.458,314.783,0.414,medium
HPIP-00145,HCU-00743,391.449,161.026,50.123,156.364,124.898,22.063,1.9758,306.288,406.383,0.3569,medium
HPIP-00146,HCU-00744,386.608,263.926,209.543,139.122,94.429,5.251,2.7056,395.127,315.343,0.7534,critical
HPIP-00147,HCU-00756,175.748,338.5,192.647,63.151,88.737,21.872,2.0474,315.914,412.978,0.3757,medium
HPIP-00148,HCU-00760,410.792,108.726,194.074,124.443,87.514,39.626,1.6994,262.371,380.737,0.1971,low
HPIP-00149,HCU-00761,368.165,277.634,151.151,119.083,95.513,26.942,2.1031,238.643,339.883,0.2751,medium
HPIP-00150,HCU-00763,131.62,295.812,79.424,153.4,69.938,22.962,1.6967,292.552,287.802,0.5095,high
HPIP-00151,HCU-00765,202.204,86.836,232.868,73.029,118.275,23.305,1.2441,253.723,403.288,0.2161,low
HPIP-00152,HCU-00774,207.472,184.128,168.827,106.683,159.266,13.337,1.6277,292.264,346.71,0.4176,medium
HPIP-00153,HCU-00783,353.2,284.481,189.667,129.362,102.425,20.09,2.1044,265.615,364.706,0.325,medium
HPIP-00154,HCU-00786,298.127,291.361,129.422,65.522,112.187,19.166,2.0282,287.788,374.948,0.3669,medium
HPIP-00155,HCU-00794,360.594,352.874,130.348,73.497,125.596,34.292,2.2757,312.23,337.651,0.4102,medium
HPIP-00156,HCU-00796,397.789,277.328,106.693,155.864,61.107,10.415,2.6577,382.931,379.926,0.6347,high
HPIP-00157,HCU-00810,298.453,113.752,78.848,116.108,76.681,10.038,1.7835,304.805,365.095,0.4248,medium
HPIP-00158,HCU-00815,158.634,362.513,105.326,97.449,80.516,25.501,1.6736,265.006,389.678,0.2599,medium
HPIP-00159,HCU-00817,235.063,441.295,133.453,136.08,106.308,6.608,2.6165,358.054,366.945,0.5658,high
HPIP-00160,HCU-00826,120.378,183.343,213.864,149.735,116.881,21.79,1.3845,267.939,412.392,0.2453,low
HPIP-00161,HCU-00848,162.57,343.012,92.805,67.917,113.619,9.977,2.0028,303.654,301.718,0.5449,high
HPIP-00162,HCU-00856,392.23,267.43,78.38,155.88,74.812,34.984,2.2904,327.701,392.969,0.3843,medium
HPIP-00163,HCU-00859,176.902,139.949,83.53,134.417,117.18,35.193,1.289,223.492,370.077,0.1363,low
HPIP-00164,HCU-00861,112.656,114.439,225.938,102.456,96.756,9.806,1.017,261.12,370.132,0.2831,medium
HPIP-00165,HCU-00866,276.03,202.418,66.461,72.767,102.942,10.561,1.8019,292.069,351.416,0.4262,medium
HPIP-00166,HCU-00872,163.434,151.16,256.067,77.546,147.065,11.348,1.5472,288.692,365.245,0.408,medium
HPIP-00167,HCU-00874,355.4,145.856,144.008,69.723,62.656,20.707,1.8768,341.55,365.008,0.4887,medium
HPIP-00168,HCU-00875,271.371,334.233,250.737,89.558,83.079,9.039,2.2253,359.838,419.942,0.4783,medium
HPIP-00169,HCU-00878,315.508,312.547,126.332,138.621,150.052,37.002,2.2288,271.627,358.415,0.3146,medium
HPIP-00170,HCU-00886,309.316,206.776,98.156,67.435,74.606,18.051,1.9732,319.108,370.094,0.4547,medium
HPIP-00171,HCU-00891,248.664,318.065,122.973,92.981,98.295,38.449,1.7505,286.98,382.461,0.233,low
HPIP-00172,HCU-00898,417.474,220.083,241.322,115.154,115.076,37.766,1.9066,239.672,449.601,0.1016,low
HPIP-00173,HCU-00902,129.576,212.27,184.586,97.054,61.748,28.865,1.3577,281.255,339.952,0.3289,medium
HPIP-00174,HCU-00903,310.984,407.506,80.303,153.994,85.379,18.876,2.4295,293.48,358.185,0.4459,medium
HPIP-00175,HCU-00910,409.746,253.7,90.997,100.731,99.77,6.952,2.5629,334.091,370.565,0.5075,high
HPIP-00176,HCU-00929,401.529,447.21,208.849,88.357,106.221,9.806,2.7643,322.771,374.304,0.4905,medium
HPIP-00177,HCU-00934,194.09,161.017,256.115,117.644,136.585,16.787,1.5201,250.535,394.804,0.2557,medium
HPIP-00178,HCU-00937,244.489,319.726,172.695,107.456,77.553,26.066,1.893,244.815,382.736,0.2408,low
HPIP-00179,HCU-00942,83.506,435.925,159.682,107.974,79.624,38.391,1.6543,276.291,356.896,0.2446,low
HPIP-00180,HCU-00943,161.059,337.304,240.313,139.78,117.852,29.356,1.6586,246.114,346.439,0.2545,medium
HPIP-00181,HCU-00946,362.884,435.284,140.657,139.849,76.662,38.038,2.5613,319.123,354.087,0.4088,medium
HPIP-00182,HCU-00948,144.907,126.194,188.63,65.261,123.616,20.291,1.2579,268.188,372.425,0.2966,medium
HPIP-00183,HCU-00952,221.094,286.423,225.145,151.013,157.373,12.81,1.9961,357.788,392.48,0.5192,high
HPIP-00184,HCU-00959,81.746,248.92,226.836,121.131,111.673,19.046,1.2781,238.181,353.329,0.2314,low
HPIP-00185,HCU-00960,327.577,367.325,95.871,85.05,119.585,28.56,2.2516,264.299,355.721,0.3119,medium
HPIP-00186,HCU-00970,402.563,142.04,177.225,65.211,142.76,20.63,1.9654,311.959,326.588,0.4959,medium
HPIP-00187,HCU-00971,364.348,380.167,189.075,108.488,146.295,17.813,2.4802,315.906,348.222,0.4741,medium
HPIP-00188,HCU-00973,332.701,151.447,257.579,140.793,139.215,18.7,1.7403,281.075,391.143,0.3355,medium
HPIP-00189,HCU-00985,334.433,279.517,194.693,122.118,105.974,13.714,2.0192,288.004,343.542,0.4018,medium
HPIP-00190,HCU-00995,182.906,200.315,211.118,70.716,63.819,32.461,1.6222,324.01,310.556,0.4789,medium
HPIP-00191,HCU-01004,119.278,87.361,133.424,96.048,117.131,31.305,0.7592,218.314,278.559,0.214,low
HPIP-00192,HCU-01011,283.951,223.579,98.91,102.408,63.612,34.571,1.7464,281.96,334.085,0.3301,medium
HPIP-00193,HCU-01012,284.817,417.615,232.36,119.382,87.705,14.878,2.2289,304.661,419.062,0.3608,medium
HPIP-00194,HCU-01015,223.768,410.784,67.751,61.935,91.456,32.255,2.0326,323.315,363.276,0.3983,medium
HPIP-00195,HCU-01023,84.312,116.789,209.787,89.532,105.661,21.096,1.0554,227.394,341.787,0.2147,low
HPIP-00196,HCU-01033,88.402,117.081,183.094,105.989,62.46,9.191,1.2932,287.595,353.409,0.3971,medium
HPIP-00197,HCU-01040,189.15,351.026,235.583,113.477,62.155,20.611,1.9635,279.288,379.691,0.3422,medium
HPIP-00198,HCU-01044,151.512,344.101,165.258,124.621,123.215,29.492,1.6419,240.535,364.422,0.2138,low
HPIP-00199,HCU-01045,317.664,372.177,164.524,146.832,63.743,14.077,2.4833,345.784,320.164,0.6369,high
HPIP-00200,HCU-01050,83.853,379.748,137.008,65.273,101.652,18.101,1.7465,283.216,357.136,0.3749,medium
HPIP-00201,HCU-01053,420.641,275.041,107.122,104.244,123.087,22.237,2.1622,264.695,316.741,0.3731,medium
HPIP-00202,HCU-01058,209.305,437.717,211.702,144.765,133.03,17.96,2.2986,314.566,390.704,0.4226,medium
HPIP-00203,HCU-01069,93.792,425.884,113.047,84.997,63.503,27.801,1.8672,281.248,386.894,0.3184,medium
HPIP-00204,HCU-01077,144.468,112.815,80.626,79.969,135.122,30.268,1.166,265.383,371.951,0.2381,low
HPIP-00205,HCU-01081,181.273,360.64,217.899,140.606,157.511,26.027,1.9602,276.816,403.032,0.3158,medium
HPIP-00206,HCU-01085,220.201,214.581,212.182,64.161,86.449,21.527,1.6386,289.43,326.426,0.423,medium
HPIP-00207,HCU-01093,244.553,308.861,191.281,154.364,122.57,38.453,1.7893,263.693,361.209,0.2519,medium
HPIP-00208,HCU-01095,313.922,176.727,84.29,156.462,130.716,23.549,1.807,345.375,481.436,0.3241,medium
HPIP-00209,HCU-01096,136.319,107.055,152.884,93.079,113.528,33.612,1.0674,181.636,348.765,0.07,low
HPIP-00210,HCU-01099,414.155,266.632,198.406,121.623,79.012,37.129,1.9702,263.571,310.075,0.3248,medium
HPIP-00211,HCU-01108,411.789,419.473,74.899,139.968,81.739,31.324,2.4093,325.503,317.355,0.497,medium
HPIP-00212,HCU-01111,116.216,174.409,235.011,72.778,79.599,7.32,1.6618,319.422,306.641,0.5775,high
HPIP-00213,HCU-01114,349.683,354.861,98.914,104.135,141.356,34.303,2.2068,281.444,384.397,0.2792,medium
HPIP-00214,HCU-01115,255.673,105.283,101.353,137.603,136.805,10.594,1.6805,329.49,376.717,0.4537,medium
HPIP-00215,HCU-01119,276.343,434.619,219.134,150.06,84.478,28.237,2.3301,312.23,379.134,0.3961,medium
HPIP-00216,HCU-01120,396.916,282.841,254.454,90.124,83.92,11.876,2.3885,323.836,315.327,0.573,high
HPIP-00217,HCU-01127,109.061,367.397,79.769,65.537,132.451,21.643,1.7581,290.411,410.491,0.3237,medium
HPIP-00218,HCU-01134,377.232,302.58,100.483,103.302,158.465,37.918,2.0997,297.901,356.697,0.3335,medium
HPIP-00219,HCU-01138,121.529,433.235,95.473,85.952,81.903,8.203,2.1584,360.963,330.667,0.6188,high
HPIP-00220,HCU-01154,250.385,370.691,166.918,159.28,110.135,24.544,2.0736,295.419,355.49,0.3848,medium
HPIP-00221,HCU-01156,161.319,329.094,152.348,156.289,111.231,17.068,1.8188,274.07,335.193,0.393,medium
HPIP-00222,HCU-01162,332.373,101.81,208.92,120.525,119.351,25.593,1.4672,244.353,361.544,0.2216,low
HPIP-00223,HCU-01176,230.989,139.712,228.164,139.795,115.212,23.868,1.3755,261.372,358.878,0.2692,medium
HPIP-00224,HCU-01190,144.561,94.835,88.577,95.586,98.916,16.218,1.0319,195.871,398.977,0.135,low
HPIP-00225,HCU-01200,431.407,424.948,114.49,129.265,118.418,17.8,2.5465,306.87,329.201,0.4828,medium
HPIP-00226,HCU-01219,272.611,261.887,152.178,101.264,86.497,36.017,1.7281,228.879,338.888,0.2028,low
HPIP-00227,HCU-01220,187.267,86.884,128.418,154.135,125.828,28.398,1.0851,240.226,376.752,0.2023,low
HPIP-00228,HCU-01225,438.111,312.819,203.895,118.245,75.093,21.473,2.4249,291.545,414.491,0.341,medium
HPIP-00229,HCU-01231,388.201,233.557,224.931,112.192,158.127,21.258,2.0855,300.659,307.642,0.4863,medium
HPIP-00230,HCU-01245,337.083,184.862,207.925,103.896,73.496,39.648,1.6484,226.059,312.508,0.2193,low
HPIP-00231,HCU-01250,148.208,307.269,235.807,90.64,134.242,14.034,1.7848,295.296,400.417,0.3543,medium
HPIP-00232,HCU-01257,164.997,168.398,174.016,135.915,124.201,12.336,1.4518,255.469,378.222,0.3013,medium
HPIP-00233,HCU-01271,164.665,125.504,173.598,154.319,133.042,34.776,1.3613,278.333,306.664,0.3548,medium
HPIP-00234,HCU-01272,132.906,225.011,211.507,75.792,105.806,25.014,1.3237,265.186,385.181,0.2409,low
HPIP-00235,HCU-01274,385.099,197.465,123.25,116.651,132.986,29.503,1.8056,223.49,364.324,0.199,low
HPIP-00236,HCU-01277,234.633,299.749,203.798,128.942,125.844,20.983,1.7794,294.255,343.141,0.383,medium
HPIP-00237,HCU-01301,440.606,335.619,190.969,72.221,72.51,34.654,2.5828,326.508,384.931,0.407,medium
HPIP-00238,HCU-01310,289.947,90.656,225.873,130.56,65.069,30.747,1.3638,308.144,355.44,0.3479,medium
HPIP-00239,HCU-01311,165.998,111.346,222.607,114.581,112.695,21.123,0.998,178.363,371.113,0.0862,low
HPIP-00240,HCU-01313,441.662,138.163,227.64,159.189,109.493,12.018,2.0622,288.7,425.912,0.3527,medium
HPIP-00241,HCU-01314,441.143,287.59,239.065,79.745,70.609,13.888,2.5721,374.458,353.48,0.618,high
HPIP-00242,HCU-01331,388.479,184.872,217.066,86.945,104.346,26.103,1.7968,238.586,366.169,0.2351,low
HPIP-00243,HCU-01333,362.35,196.388,153.893,116.25,62.457,27.533,1.9985,296.111,353.776,0.3742,medium
HPIP-00244,HCU-01336,157.193,341.81,145.883,109.375,141.482,21.43,1.6749,276.338,341.345,0.3437,medium
HPIP-00245,HCU-01357,342.015,170.728,173.278,158.781,97.576,24.335,1.8126,311.091,367.459,0.3899,medium
HPIP-00246,HCU-01360,408.043,376.484,138.868,131.748,123.941,30.864,2.3264,280.287,351.272,0.3391,medium
HPIP-00247,HCU-01364,435.261,417.383,186.055,148.021,73.466,16.075,2.8394,366.276,358.068,0.6089,high
HPIP-00248,HCU-01365,388.592,328.239,100.832,91.907,119.546,35.685,2.2127,263.248,344.12,0.2827,medium
HPIP-00249,HCU-01368,381.07,194.632,190.49,123.874,129.839,31.67,1.8795,251.043,374.84,0.2305,low
HPIP-00250,HCU-01376,119.794,390.58,145.269,149.329,150.612,38.619,1.8171,289.081,392.617,0.2796,medium
HPIP-00251,HCU-01387,108.214,204.981,125.541,82.457,157.887,24.409,1.3702,294.255,325.179,0.4092,medium
HPIP-00252,HCU-01395,371.945,432.35,157.265,130.795,120.875,33.137,2.3475,265.295,366.743,0.2828,medium
HPIP-00253,HCU-01401,234.305,131.018,166.48,119.696,73.115,37.033,1.306,244.387,337.583,0.2136,low
HPIP-00254,HCU-01404,408.35,97.828,155.499,116.77,103.199,35.531,1.4785,223.376,344.333,0.1549,low
HPIP-00255,HCU-01406,215.577,296.903,53.123,144.895,150.481,5.455,2.4215,397.187,347.396,0.7014,high
HPIP-00256,HCU-01407,362.816,245.965,70.146,102.295,150.642,27.21,1.8961,281.175,374.815,0.3133,medium
HPIP-00257,HCU-01418,280.772,426.94,103.828,127.389,109.98,33.182,2.13,248.048,364.921,0.2291,low
HPIP-00258,HCU-01421,209.18,305.772,186.816,127.87,120.024,12.949,1.8847,292.399,296.194,0.4947,medium
HPIP-00259,HCU-01427,417.502,257.224,181.621,92.446,62.842,25.815,2.1689,337.619,249.313,0.7038,high
HPIP-00260,HCU-01428,131.793,435.261,84.49,150.59,119.752,12.672,2.0761,317.012,329.192,0.5167,high
HPIP-00261,HCU-01432,118.839,438.401,205.709,107.919,116.5,28.508,1.7743,199.432,311.525,0.196,low
HPIP-00262,HCU-01436,200.445,402.552,145.648,63.953,153.127,5.078,2.7477,459.564,308.962,0.9374,critical
HPIP-00263,HCU-01444,126.967,162.246,244.422,147.126,142.959,30.125,1.2798,231.386,319.037,0.2678,medium
HPIP-00264,HCU-01448,406.161,425.597,161.483,147.986,110.36,17.261,2.6182,301.537,357.106,0.4496,medium
HPIP-00265,HCU-01461,394.084,164.403,251.294,132.474,69.812,7.884,2.2292,382.534,306.596,0.7258,high
HPIP-00266,HCU-01469,268.231,435.504,237.377,145.289,140.817,9.042,2.6716,362.465,389.328,0.5686,high
HPIP-00267,HCU-01472,222.701,256.148,229.626,118.984,152.124,33.501,1.6599,289.308,389.897,0.2674,medium
HPIP-00268,HCU-01478,394.002,253.798,215.809,76.653,105.205,14.243,2.1848,281.664,373.087,0.3836,medium
HPIP-00269,HCU-01499,324.913,162.998,105.767,65.068,159.418,31.813,1.8431,306.391,393.927,0.3509,medium
HPIP-00270,HCU-01500,415.864,224.861,83.47,150.814,113.087,6.161,2.571,386.339,383.323,0.5977,high
HPIP-00271,HCU-01504,392.75,376.736,107.36,97.54,120.008,15.767,2.461,280.02,380.058,0.3681,medium
HPIP-00272,HCU-01507,371.261,266.82,238.936,140.081,130.282,28.528,2.0166,274.812,319.922,0.3801,medium
HPIP-00273,HCU-01514,361.825,144.357,251.542,135.779,89.822,28.968,1.7083,237.095,365.634,0.2318,low
HPIP-00274,HCU-01518,403.718,240.719,75.47,91.839,150.567,22.472,2.1207,280.452,339.856,0.4032,medium
HPIP-00275,HCU-01522,304.02,105.447,167.342,153.597,69.353,9.705,1.8904,363.017,419.893,0.4952,medium
HPIP-00276,HCU-01527,413.376,211.55,192.764,99.106,79.703,13.196,2.1843,301.134,362.176,0.4358,medium
HPIP-00277,HCU-01534,425.909,247.117,253.644,81.227,118.837,7.94,2.4345,365.5,378.412,0.5502,high
HPIP-00278,HCU-01536,347.312,286.102,190.107,79.178,107.749,33.034,1.9547,258.096,364.799,0.2504,medium
HPIP-00279,HCU-01544,98.052,432.298,177.933,108.273,134.464,20.83,1.8121,237.366,407.629,0.2175,low
HPIP-00280,HCU-01554,105.945,307.455,252.771,66.505,99.936,31.028,1.5324,261.243,351.971,0.2731,medium
HPIP-00281,HCU-01556,364.924,227.863,115.752,139.426,106.827,30.519,1.8727,251.75,322.799,0.2981,medium
HPIP-00282,HCU-01565,330.91,109.723,197.999,137.496,129.043,30.833,1.4928,265.184,351.802,0.2712,medium
HPIP-00283,HCU-01572,140.043,302.115,157.89,95.073,149.168,28.031,1.6925,283.203,324.799,0.3729,medium
HPIP-00284,HCU-01577,212.548,369.121,136.245,156.676,140.028,34.458,2.0432,293.94,413.992,0.2946,medium
HPIP-00285,HCU-01586,111.047,192.849,53.155,146.835,128.619,16.908,1.3634,288.125,392.036,0.3245,medium
HPIP-00286,HCU-01595,436.732,406.733,69.52,119.426,77.726,17.642,2.4694,307.709,321.889,0.5064,high
HPIP-00287,HCU-01605,141.146,205.046,204.377,153.227,139.864,21.8,1.477,252.116,393.314,0.2726,medium
HPIP-00288,HCU-01609,243.74,353.642,259.175,76.394,78.962,36.433,1.8609,324.01,395.682,0.325,medium
HPIP-00289,HCU-01628,143.02,356.382,225.373,97.929,105.614,15.366,1.7223,256.044,338.011,0.3286,medium
HPIP-00290,HCU-01633,324.697,111.767,119.609,69.346,147.336,36.355,1.6658,293.092,451.818,0.2275,low
HPIP-00291,HCU-01634,206.349,86.298,217.684,110.948,95.257,8.074,1.3708,294.341,408.979,0.3168,medium
HPIP-00292,HCU-01638,93.474,367.307,257.495,69.572,132.968,10.257,1.8292,311.954,339.962,0.4986,medium
HPIP-00293,HCU-01639,107.614,383.826,230.163,132.439,101.768,35.575,1.5853,262.232,326.082,0.2688,medium
HPIP-00294,HCU-01645,402.038,339.528,230.579,91.633,144.311,20.307,2.379,315.923,267.95,0.6288,high
HPIP-00295,HCU-01665,191.721,242.237,154.369,88.131,151.331,39.92,1.62,270.999,421.315,0.1903,low
HPIP-00296,HCU-01673,296.568,423.327,160.137,148.647,86.954,19.195,2.319,329.297,340.827,0.5156,high
HPIP-00297,HCU-01676,334.147,184.76,98.958,76.784,96.267,9.283,2.0837,361.778,389.776,0.5091,high
HPIP-00298,HCU-01681,314.169,268.868,200.717,89.373,123.186,19.344,2.0152,283.253,358.543,0.3654,medium
HPIP-00299,HCU-01687,306.948,209.152,181.924,143.526,145.535,30.448,1.8184,299.979,390.737,0.3244,medium
HPIP-00300,HCU-01692,146.393,427.766,173.759,103.178,156.275,35.97,1.9794,285.006,338.508,0.3365,medium
HPIP-00301,HCU-01699,204.153,117.244,165.696,69.31,74.028,12.908,1.5084,343.755,357.143,0.5053,high
HPIP-00302,HCU-01702,403.938,123.335,137.799,159.758,87.514,20.712,1.9608,318.635,336.713,0.4848,medium
HPIP-00303,HCU-01717,102.651,285.524,135.39,91.437,94.054,32.552,1.3705,261.926,366.084,0.2212,low
HPIP-00304,HCU-01718,172.67,173.86,156.835,135.668,156.515,10.046,1.6581,352.532,346.964,0.5545,high
HPIP-00305,HCU-01723,212.912,106.166,78.692,122.121,113.468,10.722,1.383,275.72,371.369,0.3186,medium
HPIP-00306,HCU-01727,364.484,340.69,217.555,159.502,124.197,34.639,2.3094,285.054,367.034,0.3365,medium
HPIP-00307,HCU-01732,371.83,116.394,142.126,98.154,66.94,9.448,1.9369,321.534,407.348,0.4263,medium
HPIP-00308,HCU-01747,330.009,100.68,183.574,78.404,84.682,12.947,1.8639,320.015,386.968,0.4295,medium
HPIP-00309,HCU-01751,95.215,93.263,188.592,157.498,151.333,13.175,1.3793,334.765,302.957,0.5906,high
HPIP-00310,HCU-01768,412.842,117.874,227.124,122.644,123.687,13.44,1.9315,301.583,359.022,0.4086,medium
HPIP-00311,HCU-01773,296.579,437.152,189.979,102.592,62.02,13.1,2.5306,308.72,373.07,0.4703,medium
HPIP-00312,HCU-01776,203.461,332.795,244.61,158.984,67.491,11.816,2.1499,372.481,362.054,0.6046,high
HPIP-00313,HCU-01782,444.643,222.477,253.8,144.257,82.136,16.357,2.3288,344.289,409.387,0.457,medium
HPIP-00314,HCU-01787,113.075,112.504,188.319,143.698,92.679,23.963,1.1214,238.627,340.823,0.2522,medium
HPIP-00315,HCU-01791,194.024,320.827,111.784,110.594,69.815,39.873,1.626,250.662,329.439,0.2367,low
HPIP-00316,HCU-01797,419.461,291.338,168.07,107.099,80.068,37.509,2.0643,265.351,360.52,0.2532,medium
HPIP-00317,HCU-01799,320.313,193.375,181.782,124.027,63.934,14.018,1.8946,259.823,376.242,0.3507,medium
HPIP-00318,HCU-01800,425.561,151.585,76.553,154.64,129.161,31.713,2.0288,284.179,320.595,0.3956,medium
HPIP-00319,HCU-01802,207.835,439.231,95.798,142.174,142.218,16.703,2.1272,331.413,386.346,0.4546,medium
HPIP-00320,HCU-01805,313.121,205.542,194.737,91.94,138.713,31.449,1.7648,260.425,331.193,0.3049,medium
HPIP-00321,HCU-01810,321.903,255.675,120.12,129.139,86.694,22.485,1.832,290.8,358.665,0.36,medium
HPIP-00322,HCU-01811,425.911,183.064,242.953,65.017,119.993,24.388,2.0541,305.26,321.874,0.4579,medium
HPIP-00323,HCU-01812,229.192,329.115,148.534,64.373,156.748,14.469,2.0941,343.97,399.318,0.4927,medium
HPIP-00324,HCU-01824,121.932,163.003,160.87,105.496,145.848,25.295,1.0543,246.221,425.653,0.1606,low
HPIP-00325,HCU-01832,83.704,190.337,185.35,147.028,72.651,19.07,1.3995,302.254,306.768,0.4811,medium
HPIP-00326,HCU-01835,185.164,439.306,99.834,78.488,94.493,33.108,2.0013,277.56,342.885,0.3261,medium
HPIP-00327,HCU-01839,429.362,113.215,231.752,152.793,147.246,17.708,1.9799,311.332,327.455,0.5101,high
HPIP-00328,HCU-01844,320.035,387.961,193.575,110.932,63.487,22.528,2.2026,282.695,433.837,0.2962,medium
HPIP-00329,HCU-01850,186.357,429.15,74.018,99.581,130.453,32.004,1.9439,255.618,370.744,0.2417,low
HPIP-00330,HCU-01851,395.809,139.976,114.116,80.583,88.514,9.516,2.1146,322.198,317.566,0.564,high
HPIP-00331,HCU-01853,403.202,148.75,79.197,148.258,153.262,37.332,1.9389,303.345,374.413,0.3377,medium
HPIP-00332,HCU-01856,288.453,95.535,255.138,69.186,92.17,14.375,1.5925,323.344,351.929,0.4606,medium
HPIP-00333,HCU-01859,444.984,381.648,64.437,106.674,108.579,19.419,2.4642,250.513,337.475,0.3371,medium
HPIP-00334,HCU-01862,400.466,206.204,99.76,129.814,76.738,33.671,2.0134,282.66,413.715,0.2571,medium
HPIP-00335,HCU-01874,227.255,247.276,198.097,138.664,73.829,18.919,1.7801,272.097,393.859,0.3258,medium
HPIP-00336,HCU-01876,316.58,124.74,130.751,81.853,106.482,35.319,1.4274,205.476,339.614,0.1453,low
HPIP-00337,HCU-01910,125.661,257.069,78.753,71.9,132.983,19.312,1.4572,275.204,374.715,0.3249,medium
HPIP-00338,HCU-01911,418.487,105.438,153.22,114.986,77.463,32.122,1.7178,255.51,288.801,0.3466,medium
HPIP-00339,HCU-01914,215.995,302.19,175.774,128.932,86.043,39.403,1.7237,236.535,325.47,0.2274,low
HPIP-00340,HCU-01915,393.86,422.223,223.841,143.33,130.072,23.748,2.5408,317.212,424.016,0.3742,medium
HPIP-00341,HCU-01919,271.466,243.008,146.07,149.695,78.437,13.338,2.0574,370.956,404.376,0.5069,high
HPIP-00342,HCU-01924,438.607,360.274,81.371,62.427,148.604,7.705,2.9654,447.239,331.743,0.8555,critical
HPIP-00343,HCU-01932,256.729,363.827,220.041,66.775,109.911,19.751,1.9988,283.743,378.95,0.3481,medium
HPIP-00344,HCU-01956,337.829,415.855,189.816,139.197,74.596,22.47,2.4602,307.605,381.15,0.4203,medium
HPIP-00345,HCU-01958,296.329,368.306,215.832,128.679,65.339,39.234,2.2441,284.91,380.039,0.2953,medium
HPIP-00346,HCU-01968,80.856,354.341,181.465,138.145,146.852,23.706,1.6259,287.397,420.466,0.29,medium
HPIP-00347,HCU-01974,242.335,298.121,119.967,80.097,125.499,29.42,1.7745,241.299,348.105,0.2594,medium
HPIP-00348,HCU-01984,276.142,230.269,195.503,77.506,81.727,16.023,1.9535,274.855,288.382,0.4982,medium
HPIP-00349,HCU-01985,270.548,290.896,164.479,88.724,116.014,39.026,1.709,231.029,401.451,0.1249,low
HPIP-00350,HCU-01990,298.114,171.382,142.914,142.967,101.848,12.349,1.8223,286.169,308.74,0.4717,medium
HPIP-00351,HCU-01993,149.322,229.244,254.65,152.999,127.97,9.445,1.748,325.863,355.628,0.494,medium
HPIP-00352,HCU-01994,151.53,403.384,157.936,157.782,137.664,38.913,1.9158,272.938,303.891,0.3739,medium
HPIP-00353,HCU-01995,204.425,277.93,185.07,142.376,74.614,28.015,1.8337,309.491,377.113,0.3659,medium
HPIP-00354,HCU-01996,300.916,392.199,62.51,65.855,140.305,22.464,2.3761,317.134,250.208,0.6918,high
HPIP-00355,HCU-02003,421.548,119.566,184.763,79.499,68.395,23.74,1.9105,368.291,351.098,0.5271,high
HPIP-00356,HCU-02009,382.278,347.541,131.711,94.649,92.772,9.335,2.5384,330.55,335.576,0.5565,high
HPIP-00357,HCU-02021,370.929,155.305,126.801,151.294,155.977,29.075,2.0333,325.832,357.617,0.4458,medium
HPIP-00358,HCU-02027,90.817,284.161,161.818,121.507,155.849,36.717,1.5015,226.645,365.971,0.1777,low
HPIP-00359,HCU-02035,141.432,278.914,245.909,140.115,156.098,35.413,1.6343,274.555,359.887,0.2943,medium
HPIP-00360,HCU-02041,120.842,207.476,177.556,64.511,71.97,13.444,1.6085,325.905,330.736,0.5294,high
HPIP-00361,HCU-02061,307.791,145.701,117.747,90.699,128.511,7.113,1.9924,332.032,333.962,0.5423,high
HPIP-00362,HCU-02064,277.865,357.128,248.482,127.526,67.543,26.989,2.0881,287.764,325.972,0.4151,medium
HPIP-00363,HCU-02077,145.136,201.009,175.231,117.787,149.098,14.89,1.5464,288.427,373.657,0.3583,medium
HPIP-00364,HCU-02081,406.607,170.145,242.492,65.973,138.919,31.505,1.9859,286.789,340.678,0.3771,medium
HPIP-00365,HCU-02082,295.552,235.847,125.809,131.102,77.961,22.537,1.8107,310.369,330.285,0.4439,medium
HPIP-00366,HCU-02083,422.267,155.893,100.604,147.148,98.367,30.827,1.8287,292.168,334.623,0.3642,medium
HPIP-00367,HCU-02086,420.819,449.245,82.438,81.427,130.493,9.399,3.0062,380.895,340.445,0.6803,high
HPIP-00368,HCU-02089,268.471,269.263,123.739,78.464,114.442,11.906,2.0744,317.035,324.691,0.5135,high
HPIP-00369,HCU-02091,368.258,357.634,165.143,68.151,156.782,23.01,2.52,317.492,330.421,0.5349,high
HPIP-00370,HCU-02094,206.354,259.024,81.432,61.282,110.133,33.962,1.6501,268.44,355.96,0.2695,medium
HPIP-00371,HCU-02099,374.611,340.906,116.947,139.87,158.969,37.64,2.2422,320.706,360.029,0.3998,medium
HPIP-00372,HCU-02115,243.954,257.436,211.516,61.67,116.543,8.193,2.0613,320.056,364.248,0.4918,medium
HPIP-00373,HCU-02119,189.419,360.37,120.792,154.085,97.031,32.861,1.7906,300.603,366.472,0.33,medium
HPIP-00374,HCU-02122,421.88,311.508,60.451,129.098,69.892,29.204,2.4014,302.073,348.97,0.4143,medium
HPIP-00375,HCU-02124,137.942,161.099,75.77,119.474,114.673,8.316,1.4032,272.216,361.229,0.3359,medium
HPIP-00376,HCU-02131,167.73,311.736,86.598,112.885,90.054,15.854,1.6096,263.52,357.809,0.3134,medium
HPIP-00377,HCU-02136,203.013,371.775,161.89,67.263,132.329,36.282,1.9603,278.05,300.508,0.3942,medium
HPIP-00378,HCU-02144,396.352,374.907,152.301,138.484,93.773,39.407,2.3218,282.189,328.674,0.344,medium
HPIP-00379,HCU-02151,220.191,246.137,172.418,104.942,90.098,31.124,1.5927,221.409,366.716,0.1676,low
HPIP-00380,HCU-02154,381.798,387.71,140.546,116.724,144.802,31.235,2.3656,306.005,345.156,0.3972,medium
HPIP-00381,HCU-02156,195.582,111.659,235.186,65.522,112.731,13.119,1.4054,256.201,373.002,0.3084,medium
HPIP-00382,HCU-02157,234.913,157.595,226.126,143.842,101.539,28.421,1.3923,273.185,379.347,0.252,medium
HPIP-00383,HCU-02158,129.277,290.372,85.251,94.212,96.64,6.782,1.759,348.733,397.213,0.4528,medium
HPIP-00384,HCU-02163,127.679,394.981,256.492,126.577,93.438,15.784,1.7762,267.503,344.005,0.3585,medium
HPIP-00385,HCU-02166,409.72,337.932,50.212,95.939,109.349,22.536,2.1487,229.702,401.298,0.2141,low
HPIP-00386,HCU-02167,146.759,399.969,105.225,68.706,100.82,28.232,1.9083,261.604,363.908,0.2933,medium
HPIP-00387,HCU-02172,288.892,200.133,61.055,153.021,83.691,20.515,1.9018,304.293,342.096,0.446,medium
HPIP-00388,HCU-02176,209.616,221.701,102.619,144.96,131.518,9.239,1.7824,323.877,416.134,0.4126,medium
HPIP-00389,HCU-02177,88.518,197.701,221.559,145.433,122.041,20.292,1.2806,269.223,345.582,0.3214,medium
HPIP-00390,HCU-02181,270.487,151.222,79.116,105.621,118.389,34.536,1.4126,203.994,423.575,0.0575,low
HPIP-00391,HCU-02184,200.382,389.167,150.393,94.34,89.777,22.675,1.9301,248.123,446.399,0.211,low
HPIP-00392,HCU-02194,376.897,113.166,186.434,96.183,140.744,17.521,1.796,293.957,325.754,0.4357,medium
HPIP-00393,HCU-02195,428.579,437.619,142.738,148.913,80.174,16.46,2.79,304.97,340.244,0.5248,high
HPIP-00394,HCU-02197,100.399,214.06,229.493,115.126,130.298,34.502,1.1903,244.138,366.737,0.1628,low
HPIP-00395,HCU-02208,336.594,209.784,196.814,152.129,150.513,19.962,1.9385,362.508,316.008,0.6137,high
HPIP-00396,HCU-02224,433.604,193.579,156.568,64.534,63.152,12.419,2.4528,403.193,373.122,0.6521,high
HPIP-00397,HCU-02245,107.577,119.596,118.279,65.707,125.259,32.068,1.1236,240.91,389.768,0.1762,low
HPIP-00398,HCU-02247,344.768,321.489,88.685,119.289,93.272,31.186,1.933,279.944,348.348,0.3061,medium
HPIP-00399,HCU-02252,139.614,338.251,76.695,120.258,62.674,5.113,2.3953,411.044,338.963,0.7237,high
HPIP-00400,HCU-02255,105.799,294.6,168.927,120.031,84.969,37.2,1.3305,222.904,358.663,0.1435,low
HPIP-00401,HCU-02260,89.104,87.971,69.536,149.016,125.033,6.997,1.3619,336.637,346.191,0.5061,high
HPIP-00402,HCU-02265,415.194,365.791,216.192,151.89,135.667,25.353,2.4791,353.078,367.306,0.5007,high
HPIP-00403,HCU-02269,133.737,284.527,104.299,96.739,70.463,37.082,1.6124,285.515,299.503,0.3722,medium
HPIP-00404,HCU-02272,113.733,114.597,153.421,143.55,116.563,8.82,1.318,315.842,298.201,0.5313,high
HPIP-00405,HCU-02278,376.575,365.817,57.076,78.047,120.242,8.557,2.683,335.324,345.545,0.5705,high
HPIP-00406,HCU-02280,176.536,208.398,182.905,119.485,74.751,36.494,1.4326,246.407,385.717,0.173,low
HPIP-00407,HCU-02281,341.976,147.642,93.287,157.674,149.694,37.239,1.8174,311.6,401.668,0.3162,medium
HPIP-00408,HCU-02314,431.083,391.735,102.734,121.427,144.326,29.942,2.4918,307.097,397.257,0.3496,medium
HPIP-00409,HCU-02320,116.932,187.824,156.282,62.745,128.855,26.784,1.3354,292.87,362.41,0.3307,medium
HPIP-00410,HCU-02332,434.191,412.351,184.872,64.972,131.618,38.019,2.6025,312.168,403.578,0.3409,medium
HPIP-00411,HCU-02334,117.152,393.46,186.844,82.456,132.244,37.692,1.7508,274.298,333.226,0.2998,medium
HPIP-00412,HCU-02335,215.232,380.651,151.222,62.318,60.832,31.508,2.166,326.913,294.397,0.5684,high
HPIP-00413,HCU-02342,386.039,431.039,221.155,144.644,99.748,23.409,2.5697,301.476,390.402,0.3831,medium
HPIP-00414,HCU-02350,144.588,211.928,159.28,101.395,135.417,30.576,1.2338,196.841,382.288,0.1047,low
HPIP-00415,HCU-02355,263.111,289.364,253.548,127.782,145.49,15.005,1.9866,286.205,346.951,0.4231,medium
HPIP-00416,HCU-02358,345.303,194.662,231.671,110.004,141.83,6.696,2.2239,346.276,370.311,0.5188,high
HPIP-00417,HCU-02363,145.588,136.217,238.196,153.376,90.802,16.236,1.3772,275.655,357.308,0.3568,medium
HPIP-00418,HCU-02364,342.481,163.184,152.403,159.088,139.937,33.84,1.8498,311.3,330.606,0.4217,medium
HPIP-00419,HCU-02374,447.801,248.779,220.003,149.217,77.031,14.503,2.4758,341.62,349.786,0.5637,high
HPIP-00420,HCU-02399,137.159,217.07,100.892,63.292,107.613,21.945,1.4693,280.743,449.596,0.2378,low
HPIP-00421,HCU-02411,248.926,360.194,221.484,150.35,107.072,15.533,2.1169,315.791,363.978,0.4438,medium
HPIP-00422,HCU-02414,329.771,384.925,54.618,103.784,93.493,18.935,2.3164,304.695,347.596,0.4257,medium
HPIP-00423,HCU-02420,100.926,304.353,183.315,60.367,72.563,13.962,1.8722,331.005,311.017,0.5932,high
HPIP-00424,HCU-02428,115.878,194.507,200.479,86.879,153.11,13.163,1.4756,321.431,329.232,0.4996,medium
HPIP-00425,HCU-02441,399.851,279.515,161.053,69.494,65.476,31.812,2.2023,350.994,366.708,0.4686,medium
HPIP-00426,HCU-02446,81.48,437.843,234.664,116.025,156.133,6.974,2.1703,359.105,323.948,0.635,high
HPIP-00427,HCU-02449,125.159,300.778,248.697,156.939,111.779,6.116,2.0213,353.84,305.244,0.6553,high
HPIP-00428,HCU-02450,241.72,433.256,113.847,140.93,89.293,9.985,2.3894,329.44,398.665,0.4711,medium
HPIP-00429,HCU-02452,343.024,379.125,70.434,77.477,139.7,31.057,2.3117,322.666,408.857,0.3588,medium
HPIP-00430,HCU-02458,446.806,114.121,196.137,99.75,144.133,38.373,1.821,266.066,282.864,0.3639,medium
HPIP-00431,HCU-02459,315.866,340.668,173.042,125.147,121.229,22.752,1.9117,288.589,315.179,0.4086,medium
HPIP-00432,HCU-02465,379.526,96.017,129.595,122.657,148.408,36.218,1.6555,288.496,364.973,0.2828,medium
HPIP-00433,HCU-02470,375.364,99.033,167.907,145.214,60.305,24.228,1.7993,297.813,383.652,0.3724,medium
HPIP-00434,HCU-02473,279.608,408.706,165.481,72.012,61.89,12.086,2.5454,404.893,341.622,0.714,high
HPIP-00435,HCU-02482,303.378,183.303,251.212,92.763,107.064,19.852,1.6385,281.423,362.641,0.3172,medium
HPIP-00436,HCU-02504,132.622,403.211,180.168,150.624,94.502,35.493,1.8534,263.16,369.841,0.258,medium
HPIP-00437,HCU-02509,421.41,363.126,234.156,68.301,74.785,37.293,2.5097,316.014,338.099,0.442,medium
HPIP-00438,HCU-02511,400.67,229.786,161.368,150.096,61.564,32.578,2.2109,349.742,422.739,0.3938,medium
HPIP-00439,HCU-02517,244.788,137.327,247.295,103.871,143.225,29.61,1.3261,239.206,322.628,0.2517,medium
HPIP-00440,HCU-02532,312.661,324.22,170.588,157.495,65.728,22.989,2.3146,368.339,365.961,0.5514,high
HPIP-00441,HCU-02536,428.133,198.301,202.908,94.329,149.809,16.555,2.276,338.163,353.117,0.5138,high
HPIP-00442,HCU-02556,197.687,387.115,81.126,67.326,159.918,33.198,2.0941,364.351,352.775,0.5067,high
HPIP-00443,HCU-02557,294.24,378.142,166.406,66.215,95.96,27.637,2.2454,323.634,304.355,0.5248,high
HPIP-00444,HCU-02561,239.865,426.978,241.012,107.304,132.686,16.894,2.1546,294.098,358.326,0.3949,medium
HPIP-00445,HCU-02564,110.099,389.737,232.913,61.535,147.476,32.191,1.9152,322.58,310.19,0.4974,medium
HPIP-00446,HCU-02576,130.474,166.572,93.825,91.554,120.797,22.38,1.1285,239.395,403.959,0.1757,low
HPIP-00447,HCU-02577,218.935,178.217,197.457,124.788,159.53,5.124,2.0243,418.044,415.045,0.5875,high
HPIP-00448,HCU-02578,182.861,218.489,174.716,93.091,131.456,33.719,1.4368,243.977,353.018,0.2099,low
HPIP-00449,HCU-02582,173.502,195.218,114.575,94.697,137.214,19.201,1.471,270.697,291.441,0.4205,medium
HPIP-00450,HCU-02583,222.345,278.792,148.126,62.51,94.28,6.022,2.2835,372.481,377.445,0.5871,high
HPIP-00451,HCU-02586,431.761,311.115,247.225,61.829,122.318,28.587,2.4766,277.839,348.524,0.3835,medium
HPIP-00452,HCU-02601,363.733,151.67,115.359,73.493,157.884,5.228,2.5127,423.217,325.433,0.8084,critical
HPIP-00453,HCU-02602,420.63,115.337,139.886,106.423,100.129,39.501,1.659,223.53,355.319,0.1368,low
HPIP-00454,HCU-02603,341.143,314.03,95.521,65.848,158.293,25.399,2.3931,345.859,347.956,0.5389,high
HPIP-00455,HCU-02606,435.998,131.641,189.118,106.341,69.816,6.437,2.2839,403.599,341.411,0.6791,high
HPIP-00456,HCU-02607,241.33,401.619,104.804,74.262,107.54,32.208,2.0077,276.891,418.813,0.2358,low
HPIP-00457,HCU-02612,86.239,399.799,146.209,94.334,151.362,24.518,1.652,270.76,366.795,0.3117,medium
HPIP-00458,HCU-02613,316.425,90.503,106.411,93.276,71.763,8.495,1.9023,335.212,355.988,0.5169,high
HPIP-00459,HCU-02622,181.652,142.87,220.688,150.458,94.48,34.756,1.2804,267.711,300.492,0.3286,medium
HPIP-00460,HCU-02625,357.542,130.794,82.294,136.675,127.478,33.197,1.6877,271.804,355.312,0.2769,medium
HPIP-00461,HCU-02631,437.008,386.074,130.739,132.757,92.224,8.664,2.7658,361.516,383.512,0.5575,high
HPIP-00462,HCU-02637,236.431,370.9,174.902,141.91,94.385,10.354,2.3251,319.073,309.355,0.5801,high
HPIP-00463,HCU-02644,200.327,242.423,237.648,102.064,159.283,39.636,1.6158,261.974,361.391,0.2327,low
HPIP-00464,HCU-02656,88.253,420.979,156.716,86.256,122.577,5.322,2.1823,358.223,411.553,0.4894,medium
HPIP-00465,HCU-02660,109.132,166.18,111.976,74.502,123.141,28.744,1.1757,249.983,301.887,0.3056,medium
HPIP-00466,HCU-02665,289.991,322.729,221.995,115.352,143.02,37.126,1.9953,251.694,389.318,0.2042,low
HPIP-00467,HCU-02672,409.501,94.144,143.489,90.02,138.673,26.439,1.7596,284.226,365.903,0.3238,medium
HPIP-00468,HCU-02674,198.641,234.162,58.988,100.136,71.682,7.068,1.9369,364.525,383.91,0.5234,high
HPIP-00469,HCU-02676,325.371,310.039,185.858,124.414,109.806,22.663,2.1225,233.585,343.865,0.2737,medium
HPIP-00470,HCU-02682,100.163,80.96,257.781,107.809,106.98,8.391,1.1016,236.937,363.147,0.2486,low
HPIP-00471,HCU-02684,284.001,228.069,117.621,125.733,77.447,19.168,1.8419,321.058,341.536,0.4566,medium
HPIP-00472,HCU-02698,361.805,330.746,206.73,156.873,149.686,26.234,2.388,320.23,302.74,0.5658,high
HPIP-00473,HCU-02701,115.774,119.318,114.243,72.688,140.049,29.566,1.2377,272.814,282.168,0.405,medium
HPIP-00474,HCU-02708,248.736,394.831,235.932,117.096,86.626,15.867,2.0816,295.256,355.58,0.4056,medium
HPIP-00475,HCU-02710,223.652,131.073,256.748,122.926,64.007,36.16,1.3152,273.579,356.859,0.2553,medium
HPIP-00476,HCU-02716,131.619,414.683,160.939,94.769,158.666,8.243,2.3238,374.267,285.784,0.7674,critical
HPIP-00477,HCU-02723,115.24,212.431,259.914,105.992,149.871,25.823,1.3225,227.14,365.712,0.2036,low
HPIP-00478,HCU-02734,88.864,139.293,234.051,94.815,139.956,20.852,1.1245,262.974,329.363,0.3177,medium
HPIP-00479,HCU-02740,431.983,439.151,97.24,93.29,88.124,35.846,2.6002,276.481,384.52,0.291,medium
HPIP-00480,HCU-02754,209.447,350.059,196.092,137.992,89.584,26.279,1.9162,281.547,286.915,0.4529,medium
HPIP-00481,HCU-02760,152.965,132.545,202.725,62.268,88.84,20.341,1.3813,289.093,318.133,0.4242,medium
HPIP-00482,HCU-02762,350.054,291.63,170.202,132.234,123.013,11.973,2.275,325.328,418.234,0.4101,medium
HPIP-00483,HCU-02765,310.46,242.326,157.593,146.909,94.213,21.135,1.9258,317.398,444.28,0.3265,medium
HPIP-00484,HCU-02766,416.6,435.835,87.941,113.92,148.738,24.988,2.6369,282.432,343.503,0.4069,medium
HPIP-00485,HCU-02773,340.485,118.645,249.573,125.253,98.248,32.384,1.5062,234.205,333.325,0.2157,low
HPIP-00486,HCU-02779,396.508,273.795,215.126,153.994,103.263,7.457,2.6241,373.642,383.567,0.5824,high
HPIP-00487,HCU-02781,191.952,114.539,63.747,110.538,77.906,12.056,1.3341,280.095,360.069,0.3469,medium
HPIP-00488,HCU-02782,231.392,205.605,87.204,90.452,135.654,25.959,1.4918,241.247,383.205,0.22,low
HPIP-00489,HCU-02785,313.584,274.551,92.539,110.557,139.65,11.074,1.9969,317.155,375.843,0.4297,medium
HPIP-00490,HCU-02787,282.892,449.283,242.538,61.898,124.382,37.659,2.2316,322.206,353.676,0.3944,medium
HPIP-00491,HCU-02789,205.369,119.428,173.749,86.178,123.062,12.08,1.4803,284.528,333.142,0.4046,medium
HPIP-00492,HCU-02795,325.3,295.281,200.318,145.222,144.497,33.61,2.0817,319.845,367.933,0.3864,medium
HPIP-00493,HCU-02803,223.766,335.212,130.734,85.09,112.561,32.786,1.7054,234.382,317.558,0.2477,low
HPIP-00494,HCU-02810,192.522,316.282,240.152,129.428,95.289,35.3,1.6544,221.679,378.104,0.1516,low
HPIP-00495,HCU-02822,120.653,136.012,54.035,67.44,71.763,16.345,1.3433,282.943,326.657,0.4273,medium
HPIP-00496,HCU-02829,129.757,272.375,206.824,147.944,112.703,18.37,1.5027,227.746,288.905,0.3429,medium
HPIP-00497,HCU-02830,310.076,419.154,63.785,88.167,101.99,6.963,2.5473,346.53,357.387,0.5563,high
HPIP-00498,HCU-02839,86.561,275.476,65.234,105.156,90.554,22.816,1.3403,231.38,363.154,0.2082,low
HPIP-00499,HCU-02845,144.021,231.92,172.546,131.702,111.652,19.123,1.3586,253.055,420.016,0.2052,low
HPIP-00500,HCU-02847,197.73,399.399,96.229,150.742,130.74,11.331,2.2163,307.378,382.017,0.4511,medium
HPIP-00501,HCU-02854,140.569,127.736,137.262,75.856,128.23,22.178,1.2546,251.272,332.257,0.3028,medium
HPIP-00502,HCU-02857,402.236,323.853,129.686,83.681,83.908,5.272,2.8813,406.026,376.203,0.6715,high
HPIP-00503,HCU-02859,233.85,281.547,206.513,124.571,117.629,6.067,2.1325,343.692,392.537,0.4716,medium
HPIP-00504,HCU-02865,309.599,335.365,232.468,151.171,121.378,23.988,2.228,295.869,358.544,0.397,medium
HPIP-00505,HCU-02868,343.238,380.64,140.965,114.829,69.12,10.178,2.4749,350.183,380.338,0.5245,high
HPIP-00506,HCU-02874,90.125,431.178,106.9,71.157,107.43,17.01,1.8524,288.446,360.426,0.3792,medium
HPIP-00507,HCU-02889,255.224,158.709,132.79,86.716,102.55,22.459,1.4682,254.15,360.505,0.2638,medium
HPIP-00508,HCU-02896,195.34,228.499,94.153,94.43,128.399,25.155,1.4943,238.491,339.098,0.2554,medium
HPIP-00509,HCU-02899,243.431,301.995,83.816,98.8,151.524,39.622,1.8222,262.572,371.956,0.2305,low
HPIP-00510,HCU-02906,384.177,414.408,113.097,133.362,147.81,18.038,2.5937,320.39,352.564,0.5046,high
HPIP-00511,HCU-02907,300.51,441.983,240.689,99.546,157.918,38.588,2.3561,326.281,361.202,0.3895,medium
HPIP-00512,HCU-02909,178.435,444.261,172.905,88.131,98.459,19.76,2.0787,278.791,414.231,0.2993,medium
HPIP-00513,HCU-02911,243.286,178.279,130.951,81.341,83.322,12.626,1.7735,310.783,340.131,0.4739,medium
HPIP-00514,HCU-02917,405.216,412.545,95.35,120.146,79.352,38.179,2.4765,249.624,318.493,0.3122,medium
HPIP-00515,HCU-02919,161.261,212.747,255.19,137.464,152.234,36.69,1.5176,288.562,387.33,0.2641,medium
HPIP-00516,HCU-02926,366.982,422.259,133.842,159.74,66.269,39.903,2.6015,345.865,385.91,0.4302,medium
HPIP-00517,HCU-02943,436.365,194.902,88.251,154.657,124.482,15.431,2.1356,279.36,310.469,0.48,medium
HPIP-00518,HCU-02944,218.02,175.947,64.06,137.035,141.039,12.236,1.6396,337.521,321.09,0.5496,high
HPIP-00519,HCU-02961,263.024,278.303,156.037,88.353,145.065,31.696,1.8593,307.812,370.347,0.3457,medium
HPIP-00520,HCU-02962,388.329,415.461,105.627,82.114,104.471,18.76,2.4269,294.003,371.509,0.3948,medium
HPIP-00521,HCU-02968,361.401,434.405,229.703,79.095,117.956,31.13,2.4329,268.908,389.455,0.2856,medium
HPIP-00522,HCU-02970,414.628,115.473,185.826,61.134,140.331,19.838,1.9725,343.115,360.924,0.499,medium
HPIP-00523,HCU-02972,243.849,93.024,97.642,86.436,147.335,22.821,1.4797,285.673,353.139,0.3533,medium
HPIP-00524,HCU-02976,168.004,210.638,69.072,69.248,89.636,12.781,1.6769,296.544,390.965,0.3828,medium
HPIP-00525,HCU-02977,377.653,252.182,104.583,67.809,159.86,34.187,2.1999,328.675,318.045,0.5088,high
HPIP-00526,HCU-02984,384.105,266.27,213.706,138.203,139.482,12.169,2.3233,355.836,319.268,0.63,high
HPIP-00527,HCU-02998,287.58,255.907,141.111,127.513,113.565,24.716,1.864,236.584,394.983,0.2076,low
HPIP-00528,HCU-03001,233.811,249.627,205.153,141.245,141.009,6.524,2.1445,368.397,359.193,0.5974,high
HPIP-00529,HCU-03002,241.886,267.519,163.614,101.504,102.757,9.777,1.8623,286.479,343.369,0.407,medium
HPIP-00530,HCU-03004,231.903,404.137,166.801,67.367,97.882,13.412,2.225,331.832,340.336,0.5342,high
HPIP-00531,HCU-03006,212.753,159.557,109.195,68.558,143.185,14.419,1.6215,304.032,339.959,0.464,medium
HPIP-00532,HCU-03011,291.358,263.745,74.021,77.85,93.044,7.005,2.2119,351.709,373.016,0.5384,high
HPIP-00533,HCU-03019,336.181,285.499,230.033,62.736,134.383,38.538,2.0086,319.608,333.37,0.4129,medium
HPIP-00534,HCU-03021,199.362,352.699,138.236,128.384,104.887,16.764,1.8344,232.324,313.364,0.3271,medium
HPIP-00535,HCU-03023,253.465,435.758,118.632,77.685,66.049,26.376,2.3544,323.726,351.924,0.4728,medium
HPIP-00536,HCU-03045,94.776,187.378,120.837,137.975,126.41,14.838,1.2356,246.52,301.303,0.363,medium
HPIP-00537,HCU-03049,295.964,229.664,150.526,136.0,132.289,30.639,1.7165,245.823,353.074,0.2548,medium
HPIP-00538,HCU-03052,281.924,267.097,245.315,116.956,90.598,18.984,1.7875,276.395,371.486,0.3184,medium
HPIP-00539,HCU-03055,172.562,213.264,172.355,121.801,82.122,16.919,1.5402,281.437,358.934,0.3485,medium
HPIP-00540,HCU-03060,351.148,107.935,143.147,72.603,62.354,9.992,1.8918,364.047,412.079,0.5057,high
HPIP-00541,HCU-03063,276.798,178.557,243.743,133.694,130.765,10.724,1.7991,294.507,327.023,0.4658,medium
HPIP-00542,HCU-03081,146.972,169.547,170.609,73.33,100.792,33.756,1.2906,240.101,318.108,0.2448,low
HPIP-00543,HCU-03086,182.602,393.712,173.316,77.418,121.016,6.566,2.432,329.127,432.258,0.4437,medium
HPIP-00544,HCU-03098,276.389,266.004,170.176,88.313,121.514,30.334,1.7325,233.478,359.323,0.2151,low
HPIP-00545,HCU-03114,166.892,439.474,120.592,65.467,98.216,33.563,1.9844,272.409,396.855,0.2609,medium
HPIP-00546,HCU-03122,85.138,256.291,169.47,151.712,95.536,36.916,1.1881,230.108,375.318,0.1519,low
HPIP-00547,HCU-03128,379.594,125.86,81.147,102.529,102.435,9.981,1.8671,283.94,423.882,0.3103,medium
HPIP-00548,HCU-03138,231.138,212.346,180.906,94.67,120.315,34.224,1.3834,226.005,393.25,0.1239,low
HPIP-00549,HCU-03152,419.654,253.687,167.669,121.147,127.458,27.194,1.9512,218.12,324.504,0.2519,medium
HPIP-00550,HCU-03154,413.565,175.304,249.174,72.205,75.608,6.221,2.5085,393.356,378.364,0.6401,high
HPIP-00551,HCU-03160,442.741,172.019,90.913,119.01,61.011,8.686,2.1905,337.021,356.298,0.54,high
HPIP-00552,HCU-03161,150.586,281.182,97.882,135.621,62.67,9.068,1.9609,334.768,407.924,0.4658,medium
HPIP-00553,HCU-03167,316.931,130.711,213.611,111.681,65.596,18.159,1.7049,296.668,406.571,0.3283,medium
HPIP-00554,HCU-03171,424.082,167.947,89.6,92.907,130.907,27.849,2.0364,234.555,355.5,0.2566,medium
HPIP-00555,HCU-03174,417.791,416.786,238.839,104.37,78.092,27.981,2.479,318.837,331.066,0.4597,medium
HPIP-00556,HCU-03186,385.075,413.96,164.415,125.436,95.307,21.917,2.3487,273.363,360.673,0.3527,medium
HPIP-00557,HCU-03188,162.531,89.112,159.584,64.545,137.322,33.009,1.2388,282.144,308.519,0.3644,medium
HPIP-00558,HCU-03193,428.143,378.234,206.592,61.334,153.022,19.464,2.8094,356.017,352.244,0.6016,high
HPIP-00559,HCU-03194,401.263,291.707,166.983,147.851,132.689,36.131,2.2044,272.377,408.456,0.2561,medium
HPIP-00560,HCU-03195,213.493,196.043,75.47,83.983,70.433,28.654,1.5374,293.571,339.098,0.368,medium
HPIP-00561,HCU-03198,98.794,243.675,148.156,81.076,95.619,8.386,1.6677,322.71,368.657,0.4523,medium
HPIP-00562,HCU-03199,108.87,159.498,77.333,116.816,74.462,7.897,1.5587,354.645,325.709,0.5704,high
HPIP-00563,HCU-03214,328.934,224.84,170.059,105.002,117.836,12.961,1.8502,234.657,333.289,0.3132,medium
HPIP-00564,HCU-03218,405.169,401.319,173.989,143.99,157.936,20.66,2.8043,364.151,358.289,0.5893,high
HPIP-00565,HCU-03238,413.821,170.527,84.054,73.176,159.695,34.13,2.0493,307.496,324.496,0.4441,medium
HPIP-00566,HCU-03241,252.522,142.581,211.851,111.346,143.019,34.414,1.3694,251.436,378.624,0.1827,low
HPIP-00567,HCU-03242,212.037,308.421,112.716,124.444,158.495,17.487,1.803,325.062,278.368,0.6085,high
HPIP-00568,HCU-03246,347.187,87.265,52.271,84.83,145.481,13.49,1.8867,295.949,360.688,0.4285,medium
HPIP-00569,HCU-03250,419.977,328.412,241.117,79.275,144.746,8.326,2.597,421.119,347.233,0.7299,high
HPIP-00570,HCU-03268,285.936,186.13,150.973,138.154,159.647,30.859,1.7736,310.629,292.882,0.4982,medium
HPIP-00571,HCU-03285,106.499,181.97,189.384,120.128,109.296,23.097,1.0589,239.152,343.154,0.2101,low
HPIP-00572,HCU-03290,177.401,280.363,88.678,85.829,126.828,33.694,1.6136,256.244,306.911,0.3073,medium
HPIP-00573,HCU-03292,288.286,147.774,104.439,110.526,154.895,39.523,1.6581,249.504,328.647,0.244,low
HPIP-00574,HCU-03295,150.139,135.497,203.749,123.66,66.163,22.679,1.221,269.425,345.006,0.3178,medium
HPIP-00575,HCU-03298,431.801,305.916,60.333,132.214,60.622,16.239,2.5032,331.069,286.505,0.6606,high
HPIP-00576,HCU-03300,318.7,159.809,162.205,64.137,151.528,28.055,1.8537,319.279,326.821,0.4772,medium
HPIP-00577,HCU-03304,301.136,398.117,96.496,141.561,81.973,25.273,2.3389,297.868,414.321,0.3436,medium
HPIP-00578,HCU-03308,408.981,349.006,227.84,72.585,152.181,34.149,2.4818,325.123,312.601,0.5184,high
HPIP-00579,HCU-03311,331.369,249.293,77.996,152.601,126.831,19.896,1.8824,289.787,388.891,0.354,medium
HPIP-00580,HCU-03312,174.598,149.787,122.119,75.769,119.776,27.815,1.163,261.317,336.256,0.2749,medium
HPIP-00581,HCU-03320,186.051,223.852,147.075,142.322,151.154,22.041,1.608,278.9,340.635,0.3834,medium
HPIP-00582,HCU-03323,443.295,448.103,170.795,110.412,126.214,33.911,2.4666,280.202,335.267,0.3371,medium
HPIP-00583,HCU-03328,381.344,279.636,255.793,86.715,73.084,10.459,2.3755,357.363,344.718,0.5986,high
HPIP-00584,HCU-03334,245.476,393.76,220.704,94.77,98.624,21.588,2.0538,279.559,346.023,0.3608,medium
HPIP-00585,HCU-03335,401.389,357.62,112.585,153.319,136.538,38.932,2.3805,295.274,340.493,0.3801,medium
HPIP-00586,HCU-03338,387.246,385.654,225.416,150.028,66.114,25.43,2.518,323.358,367.563,0.4719,medium
HPIP-00587,HCU-03355,101.513,279.413,231.467,78.905,112.808,6.231,1.9666,343.575,367.628,0.5062,high
HPIP-00588,HCU-03362,366.668,285.193,173.778,64.687,84.019,17.471,2.2565,325.033,354.828,0.5,medium
HPIP-00589,HCU-03370,203.47,396.572,98.278,73.521,129.148,23.392,2.1185,300.123,341.04,0.4275,medium
HPIP-00590,HCU-03371,235.897,231.471,96.096,108.041,156.24,14.204,1.72,281.616,409.256,0.3253,medium
HPIP-00591,HCU-03376,396.92,260.508,104.514,144.5,155.049,13.87,2.4143,390.266,363.846,0.6256,high
HPIP-00592,HCU-03382,323.69,276.734,65.709,108.746,140.543,30.489,1.9058,261.619,323.614,0.3161,medium
HPIP-00593,HCU-03383,400.465,359.474,92.665,132.755,60.342,25.677,2.5027,309.13,381.367,0.4182,medium
HPIP-00594,HCU-03387,229.639,100.859,109.558,148.268,137.609,21.598,1.4399,291.419,370.544,0.3483,medium
HPIP-00595,HCU-03390,413.857,409.854,138.936,154.605,108.254,30.994,2.5776,320.425,320.294,0.4827,medium
HPIP-00596,HCU-03396,181.701,326.532,83.476,78.325,100.221,31.146,1.6615,235.068,336.224,0.2438,low
HPIP-00597,HCU-03397,117.475,360.65,121.631,131.113,68.032,20.233,1.938,314.567,330.93,0.4788,medium
HPIP-00598,HCU-03403,123.512,106.178,211.019,157.207,103.706,16.313,1.0952,281.965,359.222,0.3371,medium
HPIP-00599,HCU-03424,276.561,163.895,123.193,119.403,65.654,32.17,1.5218,248.813,361.872,0.2357,low
HPIP-00600,HCU-03427,139.253,113.221,227.71,133.193,70.583,5.27,1.8283,360.156,340.808,0.6013,high
HPIP-00601,HCU-03437,201.079,371.922,161.388,127.963,150.13,32.982,1.9612,270.214,361.859,0.2988,medium
HPIP-00602,HCU-03438,341.908,287.272,145.469,77.257,86.776,22.871,2.1356,294.939,428.396,0.3203,medium
HPIP-00603,HCU-03439,336.161,102.111,181.978,116.604,140.422,37.306,1.5741,247.575,410.601,0.1498,low
HPIP-00604,HCU-03444,341.888,323.668,222.885,81.502,83.242,24.323,2.212,288.531,339.283,0.4117,medium
HPIP-00605,HCU-03451,263.91,136.965,170.066,107.702,114.839,39.351,1.3071,185.586,331.063,0.0689,low
HPIP-00606,HCU-03460,438.879,160.167,195.051,102.16,95.247,33.985,1.8972,254.036,322.061,0.279,medium
HPIP-00607,HCU-03463,408.568,405.395,143.028,112.803,118.906,13.713,2.5405,273.026,320.59,0.4384,medium
HPIP-00608,HCU-03464,337.005,91.114,245.15,104.899,84.818,28.116,1.4971,244.792,364.715,0.2197,low
HPIP-00609,HCU-03469,182.384,197.708,182.933,68.743,144.233,32.267,1.4773,300.442,306.585,0.4238,medium
HPIP-00610,HCU-03479,431.233,293.77,239.351,129.859,72.093,14.026,2.4836,302.599,355.655,0.4789,medium
HPIP-00611,HCU-03494,347.063,277.33,220.26,70.425,63.285,27.1,2.0962,320.772,376.436,0.4237,medium
HPIP-00612,HCU-03500,336.654,220.31,143.068,115.561,124.725,14.944,1.8639,251.312,287.799,0.4106,medium
HPIP-00613,HCU-03503,242.869,372.335,103.953,146.489,158.974,23.388,2.1548,342.944,324.042,0.5631,high
HPIP-00614,HCU-03509,253.69,106.508,119.443,125.076,96.915,12.907,1.4152,259.829,324.024,0.3577,medium
HPIP-00615,HCU-03513,123.857,204.54,234.113,107.232,111.874,25.246,1.0979,170.113,355.041,0.0703,low
HPIP-00616,HCU-03515,184.758,199.654,170.265,89.534,152.986,32.442,1.3953,269.64,375.558,0.2537,medium
HPIP-00617,HCU-03524,186.686,115.604,74.85,140.263,95.05,20.057,1.3192,285.164,339.406,0.3581,medium
HPIP-00618,HCU-03528,294.271,275.05,142.529,97.365,89.016,30.426,1.8595,275.003,360.608,0.2887,medium
HPIP-00619,HCU-03533,206.051,389.533,124.619,112.024,60.324,36.857,1.9972,266.988,374.601,0.2573,medium
HPIP-00620,HCU-03538,133.232,362.085,76.928,65.955,76.782,34.767,1.7548,294.856,330.593,0.3808,medium
HPIP-00621,HCU-03541,364.127,208.126,184.822,159.1,100.148,17.79,1.975,309.725,320.398,0.4976,medium
HPIP-00622,HCU-03548,265.32,199.134,88.28,115.125,149.152,9.097,1.9278,336.684,402.418,0.4442,medium
HPIP-00623,HCU-03573,239.904,401.427,138.185,138.345,117.738,37.409,2.0913,259.622,277.051,0.3753,medium
HPIP-00624,HCU-03580,148.494,370.448,156.357,135.733,120.913,20.947,1.7639,263.594,348.121,0.3258,medium
HPIP-00625,HCU-03590,365.384,216.018,154.576,91.317,113.768,18.077,1.9148,290.788,405.633,0.311,medium
HPIP-00626,HCU-03594,297.778,288.277,111.166,102.064,94.139,12.889,2.0139,271.061,336.849,0.3933,medium
HPIP-00627,HCU-03597,223.265,410.723,105.205,151.192,108.612,31.202,1.9687,271.298,384.731,0.2678,medium
HPIP-00628,HCU-03598,128.707,194.45,118.47,97.036,102.532,8.848,1.5658,259.593,398.099,0.2913,medium
HPIP-00629,HCU-03605,303.895,132.477,221.725,115.967,132.537,9.268,1.7101,264.592,308.506,0.4259,medium
HPIP-00630,HCU-03612,370.092,291.887,109.615,126.789,155.751,17.556,2.178,321.713,364.864,0.4659,medium
HPIP-00631,HCU-03630,425.172,90.47,158.869,117.485,113.009,25.697,1.6225,220.099,388.681,0.1582,low
HPIP-00632,HCU-03634,227.831,170.826,97.999,125.174,79.421,6.797,1.9265,342.375,337.291,0.5596,high
HPIP-00633,HCU-03636,168.329,177.767,183.264,71.863,158.12,17.194,1.5394,302.024,409.715,0.3666,medium
HPIP-00634,HCU-03637,417.03,310.706,212.656,158.804,136.633,6.232,2.7908,466.738,387.543,0.7569,critical
HPIP-00635,HCU-03649,174.578,441.501,107.025,132.761,155.149,23.761,2.1042,314.465,406.287,0.3757,medium
HPIP-00636,HCU-03686,122.201,254.217,114.983,153.277,77.461,34.095,1.4544,283.8,373.956,0.2861,medium
HPIP-00637,HCU-03694,319.016,248.64,255.698,64.988,126.761,21.874,1.9653,327.037,305.488,0.5413,high
HPIP-00638,HCU-03695,294.285,354.977,194.163,83.564,134.284,17.271,2.2452,315.928,387.792,0.4208,medium
HPIP-00639,HCU-03701,303.093,380.671,59.475,151.05,87.44,10.13,2.4461,339.786,325.701,0.6118,high
HPIP-00640,HCU-03708,420.384,300.892,182.126,133.279,82.492,32.6,2.3281,289.91,365.103,0.3442,medium
HPIP-00641,HCU-03713,254.833,277.591,169.897,80.153,77.498,12.985,2.0747,317.465,359.107,0.4814,medium
HPIP-00642,HCU-03715,443.707,389.541,219.142,103.862,98.67,16.025,2.6761,277.781,420.105,0.3318,medium
HPIP-00643,HCU-03722,389.336,90.113,219.43,123.151,90.015,31.021,1.6299,233.431,372.617,0.1918,low
HPIP-00644,HCU-03737,122.176,292.009,247.451,125.389,60.664,19.256,1.6026,322.15,335.54,0.469,medium
HPIP-00645,HCU-03743,116.92,139.954,116.123,86.343,101.658,10.549,1.2586,248.906,324.243,0.3424,medium
HPIP-00646,HCU-03746,264.241,183.455,165.805,68.739,136.874,13.04,1.7402,318.864,286.239,0.5989,high
HPIP-00647,HCU-03754,156.176,198.365,257.759,158.095,153.271,12.466,1.6831,355.794,376.748,0.5227,high
HPIP-00648,HCU-03759,224.365,281.756,183.041,83.575,151.672,11.12,2.042,353.205,366.824,0.5393,high
HPIP-00649,HCU-03767,302.424,159.896,232.405,105.883,139.274,29.314,1.5277,262.768,338.118,0.2808,medium
HPIP-00650,HCU-03772,321.605,356.804,147.161,135.027,60.668,23.476,2.3303,344.63,302.882,0.609,high
HPIP-00651,HCU-03790,224.181,154.141,189.006,136.966,153.288,10.355,1.6994,330.178,369.304,0.4831,medium
HPIP-00652,HCU-03793,128.349,122.212,206.572,81.743,116.084,7.796,1.4445,301.019,388.599,0.3733,medium
HPIP-00653,HCU-03795,80.117,154.358,95.274,90.96,159.409,18.71,1.1857,267.212,369.481,0.3111,medium
HPIP-00654,HCU-03800,142.592,201.105,258.403,130.516,112.835,29.217,1.1828,229.214,359.541,0.1681,low
HPIP-00655,HCU-03803,329.314,100.147,53.837,88.273,126.042,16.446,1.5681,259.798,395.652,0.2766,medium
HPIP-00656,HCU-03809,290.241,84.152,185.722,72.957,83.143,22.142,1.416,309.176,352.28,0.3952,medium
HPIP-00657,HCU-03816,398.176,114.284,93.19,103.946,145.848,18.947,1.7748,271.053,326.426,0.3833,medium
HPIP-00658,HCU-03817,362.602,144.743,234.61,108.51,138.083,29.606,1.7469,251.102,330.496,0.2796,medium
HPIP-00659,HCU-03821,220.651,322.239,83.538,156.073,60.307,21.18,2.0585,337.129,378.811,0.4797,medium
HPIP-00660,HCU-03825,242.8,214.471,209.112,146.22,78.557,24.721,1.8176,276.949,388.181,0.3176,medium
HPIP-00661,HCU-03826,254.407,321.58,94.979,64.295,142.207,17.082,2.2653,329.774,328.79,0.5594,high
HPIP-00662,HCU-03828,195.068,321.805,207.124,92.373,126.644,26.138,1.7262,267.424,389.588,0.2562,medium
HPIP-00663,HCU-03832,280.712,378.994,184.271,114.369,120.405,26.543,2.1205,239.231,432.506,0.1828,low
HPIP-00664,HCU-03834,190.081,334.631,168.953,95.941,96.603,29.656,1.7664,241.269,365.892,0.2202,low
HPIP-00665,HCU-03835,375.252,184.494,208.231,95.737,126.126,37.811,1.7127,238.942,319.681,0.2335,low
HPIP-00666,HCU-03843,176.291,406.536,238.314,145.21,156.878,16.777,2.0336,353.997,372.918,0.519,high
HPIP-00667,HCU-03845,124.444,139.74,193.44,147.117,107.889,22.45,1.0895,249.573,374.918,0.2253,low
HPIP-00668,HCU-03856,159.155,136.8,227.566,154.909,127.574,35.882,1.2338,247.276,452.944,0.1269,low
HPIP-00669,HCU-03859,120.451,349.807,252.053,149.526,111.833,26.911,1.6566,267.224,345.628,0.3057,medium
HPIP-00670,HCU-03862,318.941,314.461,154.202,67.981,136.293,32.725,2.2004,300.435,335.19,0.4123,medium
HPIP-00671,HCU-03868,235.908,219.5,222.983,120.407,99.325,31.992,1.5357,232.527,374.556,0.166,low
HPIP-00672,HCU-03869,390.985,149.419,65.76,149.215,134.079,29.931,1.9775,319.133,332.574,0.4424,medium
HPIP-00673,HCU-03874,122.303,302.4,233.344,107.163,64.941,36.189,1.55,196.099,370.748,0.1213,low
HPIP-00674,HCU-03913,189.317,256.246,190.914,85.268,91.25,38.202,1.5122,262.353,423.29,0.158,low
HPIP-00675,HCU-03917,86.218,283.72,61.747,110.312,120.03,30.527,1.2321,234.843,346.165,0.176,low
HPIP-00676,HCU-03927,134.252,284.621,97.444,109.208,102.866,10.308,1.5601,254.258,389.994,0.2716,medium
HPIP-00677,HCU-03934,204.143,341.697,255.983,117.694,131.342,11.918,1.8062,268.387,366.473,0.3478,medium
HPIP-00678,HCU-03939,114.219,292.756,171.979,116.804,105.24,6.736,1.7732,292.316,293.82,0.5041,high
HPIP-00679,HCU-03946,441.711,267.18,159.975,69.892,79.039,29.785,2.3426,319.254,331.696,0.4759,medium
HPIP-00680,HCU-03947,231.588,196.084,70.856,151.815,110.842,6.923,1.9624,366.126,363.074,0.5543,high
HPIP-00681,HCU-03971,349.367,372.04,250.086,85.991,118.354,12.563,2.3246,300.921,374.944,0.4221,medium
HPIP-00682,HCU-03974,215.014,256.606,157.716,75.974,99.69,16.313,1.7464,278.49,305.75,0.4427,medium
HPIP-00683,HCU-03978,390.769,386.945,176.081,135.389,152.37,14.814,2.6895,333.187,383.776,0.5086,high
HPIP-00684,HCU-03985,100.56,432.65,177.19,149.044,79.182,36.441,1.8972,289.756,311.129,0.3977,medium
HPIP-00685,HCU-03993,356.491,94.351,226.314,146.948,66.145,10.892,2.0017,343.673,321.847,0.6113,high
HPIP-00686,HCU-03994,154.058,133.314,182.726,116.446,69.421,29.374,1.2005,295.016,386.022,0.2657,medium
HPIP-00687,HCU-04001,188.997,83.494,121.969,97.019,153.181,27.522,1.2142,213.928,415.914,0.1392,low
HPIP-00688,HCU-04002,104.742,432.084,231.838,97.5,117.768,10.053,2.0182,301.334,323.581,0.4765,medium
HPIP-00689,HCU-04007,357.152,373.992,199.909,128.305,64.091,20.163,2.4107,346.814,428.833,0.4283,medium
HPIP-00690,HCU-04019,193.482,176.055,155.22,69.116,98.389,39.899,1.4811,263.506,375.153,0.2051,low
HPIP-00691,HCU-04028,417.852,446.043,129.68,76.641,80.853,32.283,2.7302,352.782,417.047,0.4131,medium
HPIP-00692,HCU-04038,235.237,342.32,135.403,158.69,150.563,30.76,2.1011,326.233,427.953,0.3581,medium
HPIP-00693,HCU-04042,177.803,343.264,128.538,151.013,136.145,28.084,2.0027,316.405,327.179,0.4607,medium
HPIP-00694,HCU-04043,304.769,391.951,70.854,152.182,97.244,26.553,2.243,309.398,380.012,0.3822,medium
HPIP-00695,HCU-04046,295.313,315.362,113.405,147.054,152.501,20.526,2.1834,314.473,385.595,0.4313,medium
HPIP-00696,HCU-04050,290.528,135.18,188.355,78.051,125.465,33.241,1.5071,251.049,322.843,0.2758,medium
HPIP-00697,HCU-04051,322.895,147.349,121.433,87.32,80.495,17.291,1.758,265.228,299.251,0.4326,medium
HPIP-00698,HCU-04055,197.773,112.508,137.938,75.088,98.464,5.712,1.779,364.931,334.796,0.5993,high
HPIP-00699,HCU-04061,127.062,254.295,154.382,73.673,154.888,26.255,1.5194,311.225,354.326,0.4007,medium
HPIP-00700,HCU-04064,262.545,396.255,125.556,113.641,154.504,20.341,2.1449,309.042,348.559,0.4395,medium
HPIP-00701,HCU-04069,296.337,305.386,75.705,131.744,149.187,29.492,2.1249,256.299,360.006,0.3079,medium
HPIP-00702,HCU-04075,417.513,157.934,168.796,76.71,70.354,31.644,1.9736,332.58,400.939,0.3686,medium
HPIP-00703,HCU-04085,83.392,355.467,180.323,115.43,103.95,24.697,1.4076,226.795,354.201,0.1929,low
HPIP-00704,HCU-04104,280.473,293.461,54.451,64.44,121.641,20.655,1.853,319.705,344.644,0.4523,medium
HPIP-00705,HCU-04107,89.393,301.7,254.65,124.11,94.95,33.685,1.3379,237.973,379.709,0.1572,low
HPIP-00706,HCU-04111,423.282,122.398,203.778,103.309,159.406,20.672,1.9453,295.633,403.895,0.3435,medium
HPIP-00707,HCU-04125,242.051,128.613,124.457,69.986,124.364,9.436,1.7266,313.178,337.692,0.4925,medium
HPIP-00708,HCU-04126,440.453,260.859,60.53,126.995,150.32,14.948,2.3988,312.037,341.895,0.5047,high
HPIP-00709,HCU-04140,119.828,275.284,94.27,136.964,132.431,23.422,1.5557,281.614,390.578,0.2929,medium
HPIP-00710,HCU-04143,318.256,180.995,122.405,118.546,78.404,18.938,1.7553,257.352,343.096,0.3338,medium
HPIP-00711,HCU-04144,148.982,372.336,249.606,98.244,84.871,18.256,1.773,264.561,362.946,0.3225,medium
HPIP-00712,HCU-04145,141.515,444.555,223.742,98.608,81.088,29.267,1.9314,278.467,386.936,0.2804,medium
HPIP-00713,HCU-04146,222.806,354.295,200.155,120.458,123.981,24.592,1.8716,283.396,354.721,0.328,medium
HPIP-00714,HCU-04174,94.805,262.204,252.279,111.074,113.822,12.115,1.4638,220.076,360.715,0.2299,low
HPIP-00715,HCU-04179,295.787,148.071,213.395,79.382,92.587,12.451,1.7775,286.515,379.34,0.3758,medium
HPIP-00716,HCU-04184,310.024,357.474,173.101,63.039,155.252,8.74,2.5702,424.414,346.824,0.7594,critical
HPIP-00717,HCU-04188,147.357,85.498,190.577,137.561,139.196,20.69,1.0735,264.283,356.221,0.294,medium
HPIP-00718,HCU-04191,155.062,337.451,168.035,134.311,70.536,34.602,1.7126,299.659,324.987,0.3829,medium
HPIP-00719,HCU-04199,151.486,262.407,150.65,138.838,146.024,22.854,1.5222,273.61,386.893,0.3008,medium
HPIP-00720,HCU-04203,404.818,379.996,217.829,147.335,147.616,35.016,2.6422,330.046,362.565,0.4448,medium
HPIP-00721,HCU-04208,448.109,212.776,167.689,110.547,65.059,39.107,2.0605,258.231,340.753,0.271,medium
HPIP-00722,HCU-04211,447.885,212.51,114.71,144.67,73.573,11.127,2.4359,370.266,298.044,0.7295,high
HPIP-00723,HCU-04213,415.827,257.346,114.866,97.993,128.816,24.481,2.0863,273.472,350.418,0.3379,medium
HPIP-00724,HCU-04215,252.478,345.362,111.328,71.156,96.059,5.623,2.5889,381.652,335.797,0.6848,high
HPIP-00725,HCU-04226,400.486,261.377,252.69,84.22,158.311,22.874,2.2896,353.835,411.272,0.4479,medium
HPIP-00726,HCU-04247,346.504,297.634,172.672,102.138,91.435,31.66,1.9326,240.255,399.072,0.1874,low
HPIP-00727,HCU-04260,343.048,136.932,155.659,95.88,117.117,39.156,1.5167,217.636,393.699,0.0928,low
HPIP-00728,HCU-04266,176.681,135.578,82.011,67.259,140.077,7.026,1.7915,371.153,386.933,0.5446,high
HPIP-00729,HCU-04267,373.172,313.513,233.357,83.618,153.445,31.751,2.2234,334.202,344.244,0.4629,medium
HPIP-00730,HCU-04280,94.827,370.799,120.99,152.181,135.013,14.637,1.8697,344.881,357.222,0.5128,high
HPIP-00731,HCU-04283,291.168,354.826,130.154,136.136,73.941,24.65,2.1643,291.814,382.272,0.3636,medium
HPIP-00732,HCU-04286,95.999,254.794,111.035,108.417,124.003,14.058,1.3885,268.324,354.906,0.3115,medium
HPIP-00733,HCU-04289,206.272,386.709,186.189,127.326,87.237,30.434,1.9719,260.842,378.533,0.2597,medium
HPIP-00734,HCU-04291,291.387,360.565,78.807,104.677,111.341,37.703,1.8114,241.7,348.842,0.185,low
HPIP-00735,HCU-04299,87.666,368.664,60.542,63.606,65.801,28.915,1.7621,314.618,367.232,0.4009,medium
HPIP-00736,HCU-04304,399.892,396.615,206.519,60.783,72.499,9.786,2.8687,420.015,362.554,0.7304,high
HPIP-00737,HCU-04305,277.655,348.994,201.749,81.821,103.413,5.806,2.4805,380.484,338.606,0.6516,high
HPIP-00738,HCU-04309,116.522,159.009,195.614,145.249,68.007,37.266,1.2044,260.094,359.817,0.2361,low
HPIP-00739,HCU-04321,130.873,155.242,155.588,69.687,91.173,31.806,1.2342,242.417,356.018,0.2205,low
HPIP-00740,HCU-04327,158.831,279.333,122.788,116.875,65.083,13.5,1.5646,327.01,347.235,0.4693,medium
HPIP-00741,HCU-04330,126.486,127.818,70.779,87.913,69.554,8.967,1.5191,338.46,345.941,0.5191,high
HPIP-00742,HCU-04338,381.198,261.733,127.8,66.088,117.462,12.634,2.284,292.655,284.538,0.5692,high
HPIP-00743,HCU-04340,104.477,338.334,229.161,97.006,77.6,36.375,1.4927,275.003,350.983,0.2619,medium
HPIP-00744,HCU-04341,279.937,384.317,59.447,90.988,158.558,7.485,2.5027,371.471,358.99,0.6265,high
HPIP-00745,HCU-04352,284.505,415.413,117.879,142.371,146.297,27.627,2.3742,319.817,408.475,0.3813,medium
HPIP-00746,HCU-04355,424.302,93.375,226.371,73.017,141.307,18.616,1.9726,340.365,304.469,0.5907,high
HPIP-00747,HCU-04361,356.447,181.8,183.343,64.041,103.684,23.942,1.9224,291.627,361.362,0.3668,medium
HPIP-00748,HCU-04369,303.068,339.264,195.508,78.171,112.374,28.987,2.183,269.682,405.959,0.2596,medium
HPIP-00749,HCU-04370,295.37,113.799,249.043,118.787,119.773,12.341,1.4745,272.872,397.794,0.2872,medium
HPIP-00750,HCU-04371,238.849,214.986,242.606,145.205,115.749,25.928,1.5189,266.992,345.8,0.3003,medium
HPIP-00751,HCU-04372,359.546,142.851,77.354,62.517,154.555,16.22,2.0075,336.404,345.269,0.5443,high
HPIP-00752,HCU-04373,356.292,274.474,204.53,94.122,158.399,15.35,2.2677,343.053,344.28,0.55,high
HPIP-00753,HCU-04376,435.686,261.989,246.804,103.037,148.833,18.958,2.2721,316.441,337.038,0.482,medium
HPIP-00754,HCU-04377,341.762,195.304,220.233,104.053,153.672,18.313,1.9347,277.918,369.311,0.359,medium
HPIP-00755,HCU-04381,313.26,257.074,103.086,158.553,143.308,24.133,1.997,321.06,305.846,0.5411,high
HPIP-00756,HCU-04383,292.646,136.672,107.243,144.02,151.12,12.397,1.8417,316.3,352.432,0.4897,medium
HPIP-00757,HCU-04384,212.641,431.096,101.522,129.511,151.648,25.612,2.223,304.081,396.616,0.3639,medium
HPIP-00758,HCU-04393,274.446,346.315,145.89,143.053,60.337,23.09,2.1347,314.569,386.82,0.4183,medium
HPIP-00759,HCU-04398,137.654,382.364,76.96,65.334,151.191,22.714,2.0074,304.25,330.636,0.4771,medium
HPIP-00760,HCU-04405,144.148,268.849,248.077,137.748,100.193,31.561,1.4534,223.486,345.413,0.1944,low
HPIP-00761,HCU-04406,204.692,382.095,102.179,116.694,145.351,15.265,2.0549,307.238,407.7,0.3737,medium
HPIP-00762,HCU-04426,403.711,205.91,148.036,148.965,93.758,35.225,2.0417,249.577,337.163,0.287,medium
HPIP-00763,HCU-04428,209.351,448.524,256.379,61.641,69.114,33.139,2.3487,367.048,360.172,0.512,high
HPIP-00764,HCU-04443,389.643,121.16,231.284,113.459,93.824,34.63,1.5897,245.11,336.012,0.219,low
HPIP-00765,HCU-04445,339.197,114.16,154.241,143.65,131.603,9.659,1.8868,318.817,417.545,0.4076,medium
HPIP-00766,HCU-04446,388.179,208.126,120.684,85.481,106.47,18.27,1.9401,254.005,363.619,0.3067,medium
HPIP-00767,HCU-04452,314.395,444.229,97.6,154.667,81.424,37.09,2.3853,318.014,428.806,0.3193,medium
HPIP-00768,HCU-04455,434.684,206.731,202.097,83.198,76.258,36.874,2.1315,279.501,289.474,0.4213,medium
HPIP-00769,HCU-04465,448.072,401.027,178.303,79.033,89.822,31.596,2.6814,291.465,358.809,0.3823,medium
HPIP-00770,HCU-04466,415.217,423.855,111.634,157.021,124.286,18.807,2.7804,351.276,403.245,0.4914,medium
HPIP-00771,HCU-04471,398.87,434.062,90.539,118.596,153.405,38.778,2.5712,318.703,368.283,0.3741,medium
HPIP-00772,HCU-04478,285.013,94.965,97.05,148.084,100.773,39.272,1.3648,270.878,373.928,0.2081,low
HPIP-00773,HCU-04490,181.903,123.937,241.164,69.757,113.474,29.602,1.2017,259.772,370.827,0.2245,low
HPIP-00774,HCU-04493,314.57,257.842,223.955,157.519,135.548,5.538,2.5327,424.104,399.186,0.6589,high
HPIP-00775,HCU-04500,290.55,120.049,108.73,78.557,110.053,23.162,1.3276,212.953,296.09,0.2606,medium
HPIP-00776,HCU-04502,333.921,219.426,157.128,142.787,78.526,29.023,1.9548,304.586,362.361,0.3771,medium
HPIP-00777,HCU-04503,311.597,236.908,202.562,136.371,135.425,32.689,1.8765,289.944,338.884,0.3516,medium
HPIP-00778,HCU-04504,204.804,124.846,120.255,96.651,72.617,24.911,1.3215,241.019,328.296,0.2801,medium
HPIP-00779,HCU-04508,426.244,202.268,132.311,106.775,86.388,19.723,2.0497,257.247,320.702,0.366,medium
HPIP-00780,HCU-04518,343.046,438.134,227.18,147.593,75.713,7.133,2.9539,395.401,391.351,0.6472,high
HPIP-00781,HCU-04523,413.659,280.597,179.025,88.354,78.215,12.223,2.3873,322.292,304.412,0.5973,high
HPIP-00782,HCU-04532,106.958,341.562,112.809,64.414,108.719,27.616,1.5702,295.942,376.581,0.3098,medium
HPIP-00783,HCU-04540,223.0,234.302,95.212,150.648,127.977,6.344,1.9908,389.624,341.004,0.6526,high
HPIP-00784,HCU-04569,414.085,263.841,164.012,104.64,99.393,15.531,2.2599,279.592,390.585,0.3376,medium
HPIP-00785,HCU-04571,175.286,355.447,97.763,158.702,150.77,11.697,2.1737,369.97,406.797,0.5355,high
HPIP-00786,HCU-04578,340.597,156.512,243.894,156.192,135.188,35.534,1.7557,287.666,384.092,0.2886,medium
HPIP-00787,HCU-04613,126.936,294.385,145.871,143.335,67.091,38.116,1.622,287.452,392.498,0.2634,medium
HPIP-00788,HCU-04616,388.25,254.338,94.193,125.696,79.122,30.657,2.1586,293.321,360.25,0.3497,medium
HPIP-00789,HCU-04624,405.151,370.255,148.241,123.977,135.917,16.38,2.5684,311.954,324.953,0.519,high
HPIP-00790,HCU-04627,245.617,239.626,257.431,133.185,135.537,23.61,1.6863,294.45,316.065,0.4219,medium
HPIP-00791,HCU-04638,245.604,431.9,217.508,131.761,138.754,26.67,2.2341,325.761,292.67,0.55,high
HPIP-00792,HCU-04639,342.46,167.314,82.289,112.546,98.331,23.399,1.6471,240.23,320.584,0.2801,medium
HPIP-00793,HCU-04641,389.195,386.687,174.17,148.551,114.246,34.116,2.373,305.52,373.888,0.3455,medium
HPIP-00794,HCU-04642,115.399,293.794,52.334,107.447,116.591,17.691,1.4504,250.558,341.468,0.2795,medium
HPIP-00795,HCU-04653,112.056,142.341,164.18,131.357,145.017,5.312,1.6484,410.956,410.36,0.5513,high
HPIP-00796,HCU-04673,107.984,196.555,97.749,152.268,63.01,19.832,1.491,307.779,368.443,0.4114,medium
HPIP-00797,HCU-04680,368.303,211.76,113.639,112.363,142.666,39.892,1.8377,259.165,374.383,0.2046,low
HPIP-00798,HCU-04689,396.78,175.526,229.436,83.684,109.615,24.689,1.8653,270.54,385.039,0.2736,medium
HPIP-00799,HCU-04693,230.034,266.183,205.443,73.919,97.505,21.044,1.7066,317.587,384.554,0.3735,medium
HPIP-00800,HCU-04697,362.335,261.655,258.95,147.47,157.048,20.842,2.2837,364.939,300.013,0.6738,high
HPIP-00801,HCU-04712,268.868,146.996,235.827,159.378,96.825,34.648,1.5341,296.211,400.331,0.2644,medium
HPIP-00802,HCU-04714,339.184,437.54,180.286,113.182,71.117,25.627,2.4352,297.399,380.143,0.3674,medium
HPIP-00803,HCU-04726,232.99,422.124,67.716,82.613,143.392,33.767,2.0715,304.608,359.852,0.3628,medium
HPIP-00804,HCU-04735,359.883,140.209,206.345,99.708,98.102,12.288,1.8538,274.1,307.843,0.4339,medium
HPIP-00805,HCU-04738,444.714,148.101,243.578,153.288,92.753,29.812,2.0127,330.358,436.748,0.3246,medium
HPIP-00806,HCU-04739,378.665,163.258,258.012,103.036,83.429,37.077,1.8382,239.297,346.038,0.2156,low
HPIP-00807,HCU-04752,346.001,339.413,124.784,63.719,125.293,39.799,2.1989,311.099,339.822,0.3842,medium
HPIP-00808,HCU-04753,390.305,120.565,224.656,150.945,71.596,6.131,2.3339,416.345,390.364,0.6522,high
HPIP-00809,HCU-04756,436.455,286.453,148.131,77.576,69.283,26.216,2.4424,327.796,376.471,0.4475,medium
HPIP-00810,HCU-04757,329.705,393.534,215.38,115.313,96.058,7.566,2.655,327.171,327.896,0.5662,high
HPIP-00811,HCU-04758,153.578,404.412,254.19,63.513,82.341,31.175,2.0354,301.792,298.813,0.4805,medium
HPIP-00812,HCU-04760,371.275,291.739,215.076,149.084,89.299,12.011,2.4188,326.916,390.757,0.4778,medium
HPIP-00813,HCU-04774,345.102,181.416,89.084,102.616,154.051,25.489,1.9119,294.371,399.958,0.317,medium
HPIP-00814,HCU-04776,304.781,326.981,105.329,70.275,84.629,29.185,2.1241,275.747,410.537,0.29,medium
HPIP-00815,HCU-04784,225.173,319.929,194.941,81.433,75.193,22.683,1.9251,296.652,373.082,0.3769,medium
HPIP-00816,HCU-04786,335.102,195.476,112.443,65.911,93.683,21.087,1.8344,296.047,375.719,0.3713,medium
HPIP-00817,HCU-04790,279.647,248.419,203.211,77.739,87.297,36.778,1.7377,265.598,307.308,0.3322,medium
HPIP-00818,HCU-04792,201.515,130.999,196.706,136.657,99.713,37.699,1.2347,216.407,326.605,0.1608,low
HPIP-00819,HCU-04793,305.76,399.307,239.589,133.847,113.082,39.939,2.0823,266.224,327.468,0.282,medium
HPIP-00820,HCU-04794,172.851,299.341,189.514,95.713,85.656,20.618,1.636,283.375,379.319,0.3152,medium
HPIP-00821,HCU-04796,360.312,180.56,105.116,147.038,84.243,27.558,1.9011,316.822,338.399,0.4344,medium
HPIP-00822,HCU-04800,218.764,259.037,112.93,102.174,138.484,9.524,1.8757,283.188,378.001,0.3802,medium
HPIP-00823,HCU-04801,223.332,84.135,254.175,93.61,128.609,31.17,1.1788,221.798,370.924,0.1476,low
HPIP-00824,HCU-04805,297.678,407.199,122.683,97.444,84.32,32.712,2.1296,280.329,371.338,0.2957,medium
HPIP-00825,HCU-04819,137.399,311.255,110.05,70.789,134.681,32.613,1.6655,294.264,356.236,0.3334,medium
HPIP-00826,HCU-04824,183.477,315.42,113.175,90.337,119.221,31.341,1.6197,242.305,333.543,0.2435,low
HPIP-00827,HCU-04838,236.264,92.383,196.443,114.301,124.71,6.346,1.6855,312.891,390.775,0.3951,medium
HPIP-00828,HCU-04845,100.294,174.968,232.435,97.023,135.311,9.143,1.4288,276.059,345.363,0.3844,medium
HPIP-00829,HCU-04853,367.065,131.493,98.268,101.571,109.867,27.54,1.545,208.122,327.695,0.1828,low
HPIP-00830,HCU-04858,418.645,115.475,152.645,140.315,85.758,26.715,1.9223,262.568,364.262,0.3064,medium
HPIP-00831,HCU-04861,332.329,250.427,180.023,135.943,129.484,5.503,2.4047,366.59,378.018,0.5695,high
HPIP-00832,HCU-04878,446.823,81.769,206.567,136.412,66.917,11.416,2.017,329.687,376.7,0.4869,medium
HPIP-00833,HCU-04887,371.055,178.404,149.463,103.0,110.147,34.687,1.7013,232.367,323.852,0.2065,low
HPIP-00834,HCU-04888,102.781,187.818,149.13,95.845,83.586,5.342,1.6935,333.238,387.625,0.456,medium
HPIP-00835,HCU-04890,354.486,330.481,147.473,115.64,148.203,23.914,2.1766,292.531,404.773,0.3259,medium
HPIP-00836,HCU-04904,174.66,269.307,54.112,97.681,157.166,23.292,1.6244,286.555,311.382,0.4236,medium
HPIP-00837,HCU-04907,193.743,158.779,112.368,118.454,146.444,35.321,1.4071,226.179,386.805,0.1455,low
HPIP-00838,HCU-04915,245.476,395.079,169.978,135.418,90.115,32.368,2.0191,256.927,405.78,0.2267,low
HPIP-00839,HCU-04918,297.499,241.019,69.569,140.652,159.873,29.189,1.945,311.027,430.567,0.3234,medium
HPIP-00840,HCU-04937,347.964,108.698,80.207,100.975,79.149,36.799,1.5448,257.928,359.2,0.2199,low
HPIP-00841,HCU-04940,248.869,109.673,221.425,136.035,108.896,32.69,1.2385,235.081,349.179,0.1803,low
HPIP-00842,HCU-04941,346.601,291.083,56.66,122.173,153.596,19.348,2.2329,321.149,357.821,0.4636,medium
HPIP-00843,HCU-04942,299.651,376.483,61.552,108.414,61.638,28.593,2.2064,285.906,386.618,0.3222,medium
HPIP-00844,HCU-04944,368.947,378.203,136.316,154.515,141.436,23.376,2.4232,314.953,363.908,0.459,medium
HPIP-00845,HCU-04955,262.407,175.354,102.459,140.607,75.88,39.346,1.5996,283.433,349.205,0.2909,medium
HPIP-00846,HCU-04975,442.841,351.901,258.79,148.617,60.307,10.122,2.8325,422.641,295.42,0.8859,critical
HPIP-00847,HCU-04978,245.135,289.709,74.893,143.448,126.235,16.574,1.9869,284.757,375.422,0.3739,medium
HPIP-00848,HCU-04987,214.347,196.83,95.528,63.977,112.932,6.121,2.0948,331.908,303.675,0.6218,high
HPIP-00849,HCU-04988,316.569,181.502,107.318,83.451,136.107,20.199,1.7639,254.722,401.011,0.2745,medium
HPIP-00850,HCU-04994,285.596,297.28,123.005,151.867,141.016,30.3,1.9612,302.58,390.411,0.3423,medium
