time,ch1,ch2
0.00E+00,0,0
0.00E+00,0,-0.0024
1.00E-07,0,-0.0016
1.00E-07,0,-0.0024
2.00E-07,0,-0.0032
2.00E-07,0,-0.0024
3.00E-07,0,-0.0056
3.00E-07,0,-0.0056
4.00E-07,0,-0.004
4.00E-07,0,-0.0032
5.00E-07,0,-0.0016
5.00E-07,0,-0.0048
6.00E-07,0,0
6.00E-07,0.04,-0.0032
7.00E-07,0,0
7.00E-07,0,0
8.00E-07,0,0
8.00E-07,0,0.0024
9.00E-07,0,0
9.00E-07,0,0.0016
1.00E-06,0,0.0024
1.00E-06,0,0
1.10E-06,0,0
1.10E-06,0,0
1.20E-06,0,-0.0016
1.20E-06,0,0
1.30E-06,0,-0.0032
1.30E-06,0,-0.0056
1.40E-06,0,-0.004
1.40E-06,0,-0.0056
1.50E-06,0,-0.0032
1.50E-06,0,-0.004
1.60E-06,0,-0.0048
1.60E-06,0,-0.0048
1.70E-06,0,0
1.70E-06,0,-0.004
1.80E-06,0.04,-0.0016
1.80E-06,0,0
1.90E-06,0,-0.0016
1.90E-06,0,0
2.00E-06,0,0
2.00E-06,0,0.0024
2.10E-06,0,0
2.10E-06,0.04,0
2.20E-06,0,0
2.20E-06,0,0
2.30E-06,0,0
2.30E-06,0,-0.004
2.40E-06,0,-0.0016
2.40E-06,0,-0.0048
2.50E-06,0,-0.004
2.50E-06,0,-0.0048
2.60E-06,0,-0.0032
2.60E-06,0,-0.0056
2.70E-06,0,-0.0032
2.70E-06,0,-0.0032
2.80E-06,0,-0.0032
2.80E-06,0,0
2.90E-06,0,-0.0024
2.90E-06,0,0
3.00E-06,0,-0.0016
3.00E-06,0,0.0016
3.10E-06,0.04,-0.0016
3.10E-06,0,0.0016
3.20E-06,0,0
3.20E-06,0,0.0016
3.30E-06,0,0
3.30E-06,0,0
3.40E-06,0,0
3.40E-06,0,0
3.50E-06,0,-0.0048
3.50E-06,0,-0.0024
3.60E-06,0,-0.0048
3.60E-06,0,-0.0024
3.70E-06,0,-0.0064
3.70E-06,0,-0.0024
3.80E-06,0,-0.0056
3.80E-06,0,-0.0048
3.90E-06,0,-0.0024
3.90E-06,0,-0.004
4.00E-06,0.04,0
4.00E-06,0,-0.0016
4.10E-06,0,0
4.10E-06,0,0
4.20E-06,0,0.0016
4.20E-06,0,0
4.30E-06,0,0
4.30E-06,0,0
4.40E-06,0,0
4.40E-06,0,0
4.50E-06,0,0
4.50E-06,0,0
4.60E-06,0,-0.0016
4.60E-06,0,-0.0032
4.70E-06,0,-0.0016
4.70E-06,0,-0.0056
4.80E-06,0,-0.004
4.80E-06,0,-0.0048
4.90E-06,0,-0.0032
4.90E-06,0,-0.0056
5.00E-06,0,-0.0032
5.00E-06,0,-0.0032
5.10E-06,0,-0.0024
5.10E-06,0,-0.004
5.20E-06,0,0
5.20E-06,0,-0.0016
5.30E-06,0,0
5.30E-06,0,0
5.40E-06,0,0
5.40E-06,0,0.004
5.50E-06,0,0
5.50E-06,0,0.0016
5.60E-06,0,0
5.60E-06,0,0
5.70E-06,0,-0.0016
5.70E-06,0,0
5.80E-06,0,-0.0024
5.80E-06,0,0
5.90E-06,0,0
5.90E-06,0,-0.0048
6.00E-06,0,-0.0016
6.00E-06,0,-0.0032
6.10E-06,0,-0.0048
6.10E-06,0,-0.0048
6.20E-06,0,-0.0024
6.20E-06,0,-0.004
6.30E-06,0,-0.0016
6.30E-06,0,-0.0024
6.40E-06,0,-0.0016
6.40E-06,0,-0.0016
6.50E-06,0,0
6.50E-06,0,-0.0016
6.60E-06,0,0
6.60E-06,0,0
6.70E-06,0,-0.0016
6.70E-06,0,-0.0016
6.80E-06,0,0
6.80E-06,0,-0.0032
6.90E-06,0,-0.0016
6.90E-06,0,-0.0048
7.00E-06,0,0
7.00E-06,0,-0.0024
7.10E-06,0,-0.0032
7.10E-06,0,-0.004
7.20E-06,0,-0.0024
7.20E-06,0,-0.0024
7.30E-06,0,-0.004
7.30E-06,0,-0.0016
7.40E-06,0,-0.0024
7.40E-06,0,-0.0016
7.50E-06,0,0
7.50E-06,0,-0.0016
7.60E-06,0,0
7.60E-06,0,0
7.70E-06,0,0
7.70E-06,0,0
7.80E-06,0,0
7.80E-06,0,0
7.90E-06,0,-0.0016
7.90E-06,0,0
8.00E-06,0,-0.0024
8.00E-06,0,-0.0016
8.10E-06,0,-0.0024
8.10E-06,0,-0.0016
8.20E-06,0,-0.004
8.20E-06,0,0
8.30E-06,0,-0.0056
8.30E-06,0,0
8.40E-06,0,-0.0048
8.40E-06,0,-0.0024
8.50E-06,0,-0.0024
8.50E-06,0,-0.0016
8.60E-06,0,-0.0032
8.60E-06,0,0.0016
8.70E-06,0,-0.0024
8.70E-06,0,-0.0024
8.80E-06,0,0
8.80E-06,0,0
8.90E-06,0,0
8.90E-06,0,0
9.00E-06,0,-0.0032
9.00E-06,0,-0.0024
9.10E-06,0,-0.0024
9.10E-06,0,-0.0024
9.20E-06,0,-0.0016
9.20E-06,0,-0.0024
9.30E-06,0,-0.0024
9.30E-06,0,-0.004
9.40E-06,0,-0.0024
9.40E-06,0,-0.0032
9.50E-06,0,0
9.50E-06,0,-0.0032
9.60E-06,0.04,0.0032
9.60E-06,0,-0.0016
9.70E-06,0,0
9.70E-06,0,0
9.80E-06,0,0.004
9.80E-06,0,0
9.90E-06,0,0.0016
9.90E-06,0,0
1.00E-05,0,0
1.00E-05,0,0.0064
1.01E-05,0,-0.0064
1.01E-05,0,0.0016
1.02E-05,0,-0.004
1.02E-05,0,0
1.03E-05,0,-0.0064
1.03E-05,0,-0.0016
1.04E-05,0,-0.0032
1.04E-05,0,0.0024
1.05E-05,0,-0.0048
1.05E-05,0,-0.0016
1.06E-05,0,-0.0016
1.06E-05,0,-0.0024
1.07E-05,0,0
1.07E-05,0,-0.0024
1.08E-05,0,-0.0024
1.08E-05,0,0
1.09E-05,0,0
1.09E-05,0,0
1.10E-05,0,0
1.10E-05,0,0.0016
1.11E-05,0,-0.0032
1.11E-05,0,0
1.12E-05,0,0
1.12E-05,0,0
1.13E-05,0,-0.0016
1.13E-05,0,-0.0048
1.14E-05,0,0
1.14E-05,0,-0.0064
1.15E-05,0,0.0032
1.15E-05,0,-0.0064
1.16E-05,0,0
1.16E-05,0,-0.0048
1.17E-05,0,0
1.17E-05,0,-0.0056
1.18E-05,0,0
1.18E-05,0.04,-0.0056
1.19E-05,0.04,-0.0016
1.19E-05,0,-0.0024
1.20E-05,0,0
1.20E-05,0,-0.0016
1.21E-05,0,0
1.21E-05,0,0.0016
1.22E-05,0,0
1.22E-05,0,-0.0016
1.23E-05,0,0.0016
1.23E-05,0,-0.0024
1.24E-05,0,-0.0024
1.24E-05,0,-0.0024
1.25E-05,0,0
1.25E-05,0,-0.0024
1.26E-05,0,-0.004
1.26E-05,0.04,0.0016
1.27E-05,0,-0.0064
1.27E-05,0,0
1.28E-05,0,-0.0024
1.28E-05,0.04,-0.0016
1.29E-05,0,-0.0056
1.29E-05,0,0
1.30E-05,0,-0.0024
1.30E-05,0,-0.0032
1.31E-05,0,0
1.31E-05,0,-0.0024
1.32E-05,0,-0.0024
1.32E-05,0,0
1.33E-05,0,0
1.33E-05,0,0
1.34E-05,0,-0.0024
1.34E-05,0,-0.0032
1.35E-05,0,0
1.35E-05,0,0.0032
1.36E-05,0,-0.008
1.36E-05,0,0.0024
1.37E-05,0,-0.0048
1.37E-05,0,-0.0024
1.38E-05,0,-0.0048
1.38E-05,0,-0.0024
1.39E-05,0,-0.0032
1.39E-05,0,0.0016
1.40E-05,0,-0.0096
1.40E-05,0,-0.0032
1.41E-05,0,0.0016
1.41E-05,0,-0.0048
1.42E-05,0,-0.004
1.42E-05,0,0
1.43E-05,0,-0.0016
1.43E-05,0,-0.004
1.44E-05,0,0.0024
1.44E-05,0,-0.0024
1.45E-05,0,0
1.45E-05,0,0
1.46E-05,0,0.0016
1.46E-05,0,-0.0016
1.47E-05,0,0
1.47E-05,0,0
1.48E-05,0,-0.0024
1.48E-05,0,0
1.49E-05,0,-0.0024
1.49E-05,0,-0.0016
1.50E-05,0,0
1.50E-05,0,-0.0048
1.51E-05,0,-0.0032
1.51E-05,0,-0.0032
1.52E-05,0,-0.0016
1.52E-05,0,-0.0016
1.53E-05,0,-0.0048
1.53E-05,0,-0.0016
1.54E-05,0,-0.0024
1.54E-05,0,0
1.55E-05,0,-0.0016
1.55E-05,0,0.0016
1.56E-05,0,-0.0056
1.56E-05,0,0.004
1.57E-05,0,-0.0032
1.57E-05,0,0
1.58E-05,0,0.0016
1.58E-05,0,0
1.59E-05,0,-0.0088
1.59E-05,0,0.0016
1.60E-05,0,0
1.60E-05,0,-0.0024
1.61E-05,0,-0.012
1.61E-05,0,0.004
1.62E-05,0,0
1.62E-05,0,-0.0048
1.63E-05,0,-0.0064
1.63E-05,0,-0.0064
1.64E-05,0,-0.004
1.64E-05,0,0
1.65E-05,0,0.0048
1.65E-05,0,-0.0024
1.66E-05,0,-0.0064
1.66E-05,0,-0.0064
1.67E-05,0,-0.0048
1.67E-05,0,0.0032
1.68E-05,0,0.0048
1.68E-05,0,0
1.69E-05,0,-0.0016
1.69E-05,0,-0.0048
1.70E-05,0,0.0032
1.70E-05,0,-0.0056
1.71E-05,0,0.0024
1.71E-05,0,0.0032
1.72E-05,0,-0.0048
1.72E-05,0,-0.0032
1.73E-05,0,-0.0048
1.73E-05,0,0
1.74E-05,0,-0.0064
1.74E-05,0,0
1.75E-05,0,-0.0016
1.75E-05,0,-0.0024
1.76E-05,0,-0.0016
1.76E-05,0,-0.0032
1.77E-05,0,-0.0048
1.77E-05,0,0
1.78E-05,0,-0.0016
1.78E-05,0,0
1.79E-05,0,-0.0016
1.79E-05,0,-0.0024
1.80E-05,0,-0.0048
1.80E-05,0,0
1.81E-05,0,0
1.81E-05,0.04,0
1.82E-05,0,-0.0016
1.82E-05,0,0
1.83E-05,0,-0.0048
1.83E-05,0,-0.0024
1.84E-05,0.04,-0.0024
1.84E-05,0,0
1.85E-05,0,-0.0024
1.85E-05,0,-0.0024
1.86E-05,0,-0.0032
1.86E-05,0,-0.0048
1.87E-05,0,-0.0024
1.87E-05,0,-0.0048
1.88E-05,0,-0.0032
1.88E-05,0,-0.0024
1.89E-05,0,-0.0024
1.89E-05,0,-0.0016
1.90E-05,0,0
1.90E-05,0,-0.0048
1.91E-05,0,-0.0016
1.91E-05,0,-0.0048
1.92E-05,0,0
1.92E-05,0,-0.0024
1.93E-05,0,0
1.93E-05,0,-0.0048
1.94E-05,0,0.0016
1.94E-05,0,-0.0048
1.95E-05,0,0
1.95E-05,0,-0.0048
1.96E-05,0,0
1.96E-05,0,-0.0032
1.97E-05,0,-0.0016
1.97E-05,0,-0.0024
1.98E-05,0.04,-0.0048
1.98E-05,0,0
1.99E-05,0,-0.0056
1.99E-05,0,0
2.00E-05,0.04,-0.0016
2.00E-05,0,0
2.01E-05,0,-0.004
2.01E-05,0,-0.0016
2.02E-05,0,-0.0016
2.02E-05,0,-0.0016
2.03E-05,0,0
2.03E-05,0,-0.0048
2.04E-05,0,0.0016
2.04E-05,0.04,-0.0048
2.05E-05,0,0.0016
2.05E-05,0,-0.0048
2.06E-05,0,0
2.06E-05,0.04,-0.0032
2.07E-05,0,-0.0024
2.07E-05,0,-0.0032
2.08E-05,0,-0.0024
2.08E-05,0,0
2.09E-05,0,-0.0056
2.09E-05,0,-0.0016
2.10E-05,0,-0.0048
2.10E-05,0,-0.0024
2.11E-05,0,-0.0016
2.11E-05,0,-0.004
2.12E-05,0,-0.0024
2.12E-05,0,-0.0032
2.13E-05,0,-0.0016
2.13E-05,0,-0.0016
2.14E-05,0,-0.0024
2.14E-05,0,-0.0024
2.15E-05,0,-0.0024
2.15E-05,0,-0.0016
2.16E-05,0,-0.0016
2.16E-05,0,-0.0016
2.17E-05,0,-0.0024
2.17E-05,0,0
2.18E-05,0,-0.0016
2.18E-05,0,-0.0024
2.19E-05,0,-0.0024
2.19E-05,0,-0.0016
2.20E-05,0,-0.0024
2.20E-05,0,-0.0032
2.21E-05,0,0
2.21E-05,0,-0.0024
2.22E-05,0,-0.0024
2.22E-05,0,-0.0024
2.23E-05,0,-0.0024
2.23E-05,0,-0.0024
2.24E-05,0,0
2.24E-05,0,0
2.25E-05,0,-0.0056
2.25E-05,0,0
2.26E-05,0,-0.0032
2.26E-05,0,0
2.27E-05,0,0
2.27E-05,0,0
2.28E-05,0,-0.0032
2.28E-05,0,0
2.29E-05,0,0
2.29E-05,0,-0.0048
2.30E-05,0,0
2.30E-05,0,-0.0048
2.31E-05,0,-0.0048
2.31E-05,0,-0.0024
2.32E-05,0,-0.0024
2.32E-05,0,-0.0024
2.33E-05,0,-0.0024
2.33E-05,0,-0.0024
2.34E-05,0.04,-0.0032
2.34E-05,0,-0.0016
2.35E-05,0,-0.0016
2.35E-05,0,-0.0016
2.36E-05,0,-0.0032
2.36E-05,0,-0.0016
2.37E-05,0,0
2.37E-05,0,-0.0016
2.38E-05,0,-0.0024
2.38E-05,0,-0.0016
2.39E-05,0,-0.004
2.39E-05,0,-0.0024
2.40E-05,0.04,0
2.40E-05,0,-0.004
2.41E-05,0,0
2.41E-05,0,-0.0032
2.42E-05,0,-0.0016
2.42E-05,0,-0.0024
2.43E-05,0,-0.0032
2.43E-05,0,-0.0016
2.44E-05,0,-0.0032
2.44E-05,0,-0.0016
2.45E-05,0,-0.004
2.45E-05,0,0
2.46E-05,0,-0.0016
2.46E-05,0,-0.0048
2.47E-05,0,0
2.47E-05,0,-0.0024
2.48E-05,0,0
2.48E-05,0,-0.0016
2.49E-05,0,0
2.49E-05,0,-0.0048
2.50E-05,0,0.0016
2.50E-05,0,-0.0032
2.51E-05,0,0
2.51E-05,0,-0.0032
2.52E-05,0,-0.0024
2.52E-05,0,-0.004
2.53E-05,0,0.0016
2.53E-05,0,-0.0048
2.54E-05,0,-0.0016
2.54E-05,0,-0.0024
2.55E-05,0,-0.0024
2.55E-05,0,-0.0056
2.56E-05,0,0
2.56E-05,0,-0.0016
2.57E-05,0,-0.0024
2.57E-05,0,-0.0016
2.58E-05,0,-0.0024
2.58E-05,0,-0.0016
2.59E-05,0,0
2.59E-05,0.04,-0.0016
2.60E-05,0,-0.004
2.60E-05,0,0
2.61E-05,0,-0.0024
2.61E-05,0,0
2.62E-05,0,-0.0024
2.62E-05,0,-0.0024
2.63E-05,0,-0.0048
2.63E-05,0,-0.0024
2.64E-05,0.04,-0.0024
2.64E-05,0,-0.0032
2.65E-05,0,-0.0016
2.65E-05,0,-0.0048
2.66E-05,0,0
2.66E-05,0,-0.004
2.67E-05,0,0
2.67E-05,0,-0.0024
2.68E-05,0,-0.0024
2.68E-05,0,0
2.69E-05,0,-0.0024
2.69E-05,0,0.0024
2.70E-05,0,-0.0032
2.70E-05,0,0.0024
2.71E-05,0,-0.0048
2.71E-05,0,0
2.72E-05,0,-0.0016
2.72E-05,0,0.0024
2.73E-05,0,-0.0048
2.73E-05,0,0
2.74E-05,0,-0.0024
2.74E-05,0,-0.0016
2.75E-05,0.04,-0.0024
2.75E-05,0,-0.0032
2.76E-05,0,-0.0032
2.76E-05,0,-0.0024
2.77E-05,0,-0.0016
2.77E-05,0,-0.0048
2.78E-05,0,-0.0064
2.78E-05,0,0.0016
2.79E-05,0,-0.0048
2.79E-05,0,-0.0088
2.80E-05,0,0.0032
2.80E-05,0,0.0032
2.81E-05,0,-0.0096
2.81E-05,0,0.0056
2.82E-05,0,-0.0032
2.82E-05,0,-0.0016
2.83E-05,0,0.0016
2.83E-05,0.04,-0.0048
2.84E-05,0,-0.0024
2.84E-05,0,0.0048
2.85E-05,0,-0.008
2.85E-05,0,-0.0024
2.86E-05,0,0
2.86E-05,0,-0.0056
2.87E-05,0,-0.0064
2.87E-05,0,0.0016
2.88E-05,0,-0.0056
2.88E-05,0,0
2.89E-05,0,0
2.89E-05,0,-0.0048
2.90E-05,0,-0.0016
2.90E-05,0,-0.0024
2.91E-05,0,0.0016
2.91E-05,0,0
2.92E-05,0,-0.0016
2.92E-05,0,-0.0032
2.93E-05,0,0.0016
2.93E-05,0,0
2.94E-05,0,0
2.94E-05,0,0
2.95E-05,0.04,0
2.95E-05,0,-0.0048
2.96E-05,0.04,0
2.96E-05,0,-0.0016
2.97E-05,0,-0.0024
2.97E-05,0,0
2.98E-05,0,-0.0048
2.98E-05,0.04,0
2.99E-05,0.04,-0.0024
2.99E-05,0,-0.0016
3.00E-05,0,-0.0016
3.00E-05,0,-0.0024
3.01E-05,0,-0.0032
3.01E-05,0,0
3.02E-05,0,-0.0024
3.02E-05,0,0
3.03E-05,0,-0.0024
3.03E-05,0,-0.0024
3.04E-05,0,-0.0024
3.04E-05,0,0.0016
3.05E-05,0,-0.0032
3.05E-05,0,-0.0016
3.06E-05,0,-0.004
3.06E-05,0.04,-0.0024
3.07E-05,0,-0.0024
3.07E-05,0,-0.0024
3.08E-05,0,-0.0024
3.08E-05,0,-0.0024
3.09E-05,0,-0.0032
3.09E-05,0,-0.0024
3.10E-05,0,-0.0024
3.10E-05,0,-0.0016
3.11E-05,0,-0.0032
3.11E-05,0,0
3.12E-05,0,-0.0024
3.12E-05,0,0
3.13E-05,0,-0.0024
3.13E-05,0,-0.0016
3.14E-05,0,-0.0016
3.14E-05,0,0
3.15E-05,0,0
3.15E-05,0,0
3.16E-05,0,-0.0016
3.16E-05,0.04,-0.0016
3.17E-05,0,-0.0016
3.17E-05,0,-0.0016
3.18E-05,0.04,-0.0016
3.18E-05,0,-0.0016
3.19E-05,0,-0.0024
3.19E-05,0,-0.0024
3.20E-05,0,0
3.20E-05,0,-0.0024
3.21E-05,0,0
3.21E-05,0,-0.0032
3.22E-05,0,0
3.22E-05,0,-0.0024
3.23E-05,0,0
3.23E-05,0,0
3.24E-05,0,-0.0024
3.24E-05,0,0.0024
3.25E-05,0,-0.0024
3.25E-05,0,0
3.26E-05,0,0
3.26E-05,0,0
3.27E-05,0.04,0
3.27E-05,0,-0.0016
3.28E-05,0,0
3.28E-05,0,-0.0016
3.29E-05,0,-0.0016
3.29E-05,0,-0.0024
3.30E-05,0,-0.0016
3.30E-05,0,-0.0024
3.31E-05,0,-0.0032
3.31E-05,0,-0.0024
3.32E-05,0,-0.0024
3.32E-05,0,-0.0024
3.33E-05,0,-0.0024
3.33E-05,0,-0.0016
3.34E-05,0,-0.0024
3.34E-05,0,-0.0016
3.35E-05,0,-0.0016
3.35E-05,0,-0.0016
3.36E-05,0,-0.0016
3.36E-05,0,0
3.37E-05,0,-0.0024
3.37E-05,0,0
3.38E-05,0,-0.0016
3.38E-05,0,-0.0024
3.39E-05,0,0
3.39E-05,0,-0.0032
3.40E-05,0,0
3.40E-05,0,-0.0032
3.41E-05,0,-0.0016
3.41E-05,0,-0.0016
3.42E-05,0,-0.0016
3.42E-05,0,0
3.43E-05,0,0
3.43E-05,0,-0.0048
3.44E-05,0,0
3.44E-05,0,-0.0032
3.45E-05,0,0
3.45E-05,0,-0.004
3.46E-05,0,0
3.46E-05,0,-0.004
3.47E-05,0,0.0016
3.47E-05,0,-0.0048
3.48E-05,0,0
3.48E-05,0,0.0032
3.49E-05,0,-0.0064
3.49E-05,0,0.0016
3.50E-05,0,0
3.50E-05,0,-0.0024
3.51E-05,0,0
3.51E-05,0,-0.0064
3.52E-05,0,0.0016
3.52E-05,0,0
3.53E-05,0,-0.0032
3.53E-05,0,-0.0024
3.54E-05,0,-0.0032
3.54E-05,0,0
3.55E-05,0,-0.0024
3.55E-05,0,-0.0024
3.56E-05,0,0
3.56E-05,0,-0.0056
3.57E-05,0,-0.0016
3.57E-05,0,-0.0032
3.58E-05,0,0
3.58E-05,0,0
3.59E-05,0,-0.0032
3.59E-05,0,-0.0016
3.60E-05,0,-0.0016
3.60E-05,0,0
3.61E-05,0,0
3.61E-05,0,0
3.62E-05,0,-0.0024
3.62E-05,0,0.0016
3.63E-05,0,-0.0032
3.63E-05,0.04,0
3.64E-05,0,-0.0016
3.64E-05,0,-0.0016
3.65E-05,0,-0.0016
3.65E-05,0,-0.0024
3.66E-05,0,0
3.66E-05,0,-0.0024
3.67E-05,0,-0.004
3.67E-05,0,-0.0016
3.68E-05,0,-0.0016
3.68E-05,0,0.0016
3.69E-05,0,-0.0024
3.69E-05,0,0
3.70E-05,0,-0.0024
3.70E-05,0,0.0016
3.71E-05,0,0
3.71E-05,0,0
3.72E-05,0,0
3.72E-05,0,0
3.73E-05,0.04,-0.0032
3.73E-05,0,0
3.74E-05,0,-0.0024
3.74E-05,0,-0.0024
3.75E-05,0,0.0016
3.75E-05,0,-0.0048
3.76E-05,0,0
3.76E-05,0,0
3.77E-05,0,-0.0032
3.77E-05,0,0
3.78E-05,0,-0.0048
3.78E-05,0,0
3.79E-05,0,-0.0032
3.79E-05,0,0
3.80E-05,0,-0.0048
3.80E-05,0.04,0.0024
3.81E-05,0,-0.0032
3.81E-05,0.04,-0.0016
3.82E-05,0,-0.0016
3.82E-05,0,0
3.83E-05,0,-0.0032
3.83E-05,0,0
3.84E-05,0,0
3.84E-05,0,0
3.85E-05,0,-0.0032
3.85E-05,0,0
3.86E-05,0,0
3.86E-05,0,-0.0016
3.87E-05,0,-0.0016
3.87E-05,0,0
3.88E-05,0.04,-0.0024
3.88E-05,0,0.0064
3.89E-05,0,-0.0056
3.89E-05,0,0
3.90E-05,0,-0.0032
3.90E-05,0,0
3.91E-05,0,-0.0032
3.91E-05,0,-0.0024
3.92E-05,0,0
3.92E-05,0,0.0016
3.93E-05,0,-0.0032
3.93E-05,0,0.0016
3.94E-05,0,-0.0024
3.94E-05,0,-0.0024
3.95E-05,0,0
3.95E-05,0,-0.0032
3.96E-05,0,-0.0024
3.96E-05,0,0
3.97E-05,0,-0.0016
3.97E-05,0,-0.0016
3.98E-05,0,-0.0024
3.98E-05,0,-0.0024
3.99E-05,0,-0.0024
3.99E-05,0,-0.0048
4.00E-05,0,0
4.00E-05,0,-0.0016
4.01E-05,0,-0.0024
4.01E-05,0,-0.0024
4.02E-05,0,-0.0024
4.02E-05,0,-0.0016
4.03E-05,0,0
4.03E-05,0,-0.0024
4.04E-05,0,-0.0024
4.04E-05,0,0
4.05E-05,0,-0.0032
4.05E-05,0,0
4.06E-05,0.04,-0.004
4.06E-05,0,-0.0016
4.07E-05,0,-0.0056
4.08E-05,0,-0.0016
4.08E-05,0,0
4.09E-05,0,-0.0024
4.09E-05,0,-0.0016
4.10E-05,0,-0.0024
4.10E-05,0,0
4.11E-05,0,-0.0024
4.11E-05,0,0
4.12E-05,0,-0.0024
4.12E-05,0,-0.0024
4.13E-05,0,0
4.13E-05,0,-0.0032
4.14E-05,0,0.0032
4.14E-05,0,-0.004
4.15E-05,0,0
4.15E-05,0,-0.0032
4.16E-05,0,0
4.16E-05,0,-0.0016
4.17E-05,0,0.0016
4.17E-05,0,-0.0048
4.18E-05,0,0
4.18E-05,0,-0.0024
4.19E-05,0,-0.0016
4.19E-05,0,-0.0024
4.20E-05,0,-0.0016
4.20E-05,0,-0.0032
4.21E-05,0,0
4.21E-05,0,-0.0032
4.22E-05,0,-0.0016
4.22E-05,0,-0.0024
4.23E-05,0,0
4.23E-05,0,-0.0024
4.24E-05,0,-0.0048
4.24E-05,0,0.0048
4.25E-05,0,-0.0112
4.25E-05,0,-0.0024
4.26E-05,0,0.0048
4.26E-05,0.04,-0.008
4.27E-05,0,0
4.27E-05,0,-0.0016
4.28E-05,0,0
4.28E-05,0,-0.0032
4.29E-05,0,-0.004
4.29E-05,0,0
4.30E-05,0,0.0032
4.30E-05,0,-0.012
4.31E-05,0,0.0032
4.31E-05,0,-0.0032
4.32E-05,0,-0.0016
4.32E-05,0.04,-0.0048
4.33E-05,0,0.004
4.33E-05,0,-0.0064
4.34E-05,0,0
4.34E-05,0,-0.0016
4.35E-05,0,-0.0016
4.35E-05,0,0
4.36E-05,0,-0.0016
4.36E-05,0,-0.0016
4.37E-05,0,-0.0024
4.37E-05,0,0
4.38E-05,0,0
4.38E-05,0,-0.0032
4.39E-05,0,0
4.39E-05,0.04,-0.0032
4.40E-05,0,-0.0024
4.40E-05,0,-0.0024
4.41E-05,0,0.0016
4.41E-05,0,-0.0056
4.42E-05,0,-0.0016
4.42E-05,0,-0.0024
4.43E-05,0,0
4.43E-05,0,-0.0024
4.44E-05,0,-0.0032
4.44E-05,0,-0.0016
4.45E-05,0,-0.0032
4.45E-05,0,0.0016
4.46E-05,0,-0.0048
4.46E-05,0,0
4.47E-05,0,-0.0024
4.47E-05,0,-0.0016
4.48E-05,0,-0.0032
4.48E-05,0,0
4.49E-05,0,-0.0016
4.49E-05,0,-0.0024
4.50E-05,0,-0.0016
4.50E-05,0,-0.0024
4.51E-05,0,-0.0016
4.51E-05,0,0
4.52E-05,0,-0.0032
4.52E-05,0,-0.0016
4.53E-05,0,-0.0024
4.53E-05,0,-0.0016
4.54E-05,0,0
4.54E-05,0,-0.0024
4.55E-05,0,-0.0024
4.55E-05,0,-0.0016
4.56E-05,0,-0.0024
4.56E-05,0,-0.0016
4.57E-05,0,-0.0016
4.57E-05,0,-0.0024
4.58E-05,0,0
4.58E-05,0,-0.0016
4.59E-05,0,-0.0016
4.59E-05,0,-0.0016
4.60E-05,0,0.0016
4.60E-05,0,-0.0056
4.61E-05,0,0.0016
4.61E-05,0,-0.004
4.62E-05,0,0.0024
4.62E-05,0,-0.0056
4.63E-05,0,0
4.63E-05,0,-0.004
4.64E-05,0.04,-0.0016
4.64E-05,0.04,0
4.65E-05,0.04,0
4.65E-05,0.04,-0.0032
4.66E-05,0.04,0
4.66E-05,0.04,-0.0024
4.67E-05,0.04,0
4.67E-05,0.04,0
4.68E-05,0.04,0
4.68E-05,0.04,-0.0024
4.69E-05,0.04,0.0032
4.69E-05,0.04,0
4.70E-05,0.08,0
4.70E-05,0.04,0
4.71E-05,0.04,0
4.71E-05,0.08,-0.0016
4.72E-05,0.08,0
4.72E-05,0.08,0
4.73E-05,0.08,0
4.73E-05,0.08,0
4.74E-05,0.08,-0.0016
4.74E-05,0.08,0
4.75E-05,0.08,0.0016
4.75E-05,0.08,-0.0016
4.76E-05,0.12,0.0016
4.76E-05,0.08,-0.0016
4.77E-05,0.12,0.004
4.77E-05,0.12,-0.0016
4.78E-05,0.08,0.0064
4.78E-05,0.12,-0.0016
4.79E-05,0.08,0.0016
4.79E-05,0.08,0
4.80E-05,0.08,0
4.80E-05,0.08,0.004
4.81E-05,0.08,0
4.81E-05,0.08,0.0016
4.82E-05,0.04,0
4.82E-05,0.04,0.0024
4.83E-05,0.04,0
4.83E-05,0,0
4.84E-05,0,0
4.84E-05,0,-0.0032
4.85E-05,-0.04,-0.0016
4.85E-05,-0.08,-0.0032
4.86E-05,-0.08,-0.0016
4.86E-05,-0.12,-0.0056
4.87E-05,-0.12,-0.0024
4.87E-05,-0.16,-0.0088
4.88E-05,-0.16,-0.0032
4.88E-05,-0.24,-0.0072
4.89E-05,-0.24,-0.0056
4.89E-05,-0.28,-0.0104
4.90E-05,-0.28,-0.0088
4.90E-05,-0.32,-0.0112
4.91E-05,-0.4,-0.0096
4.91E-05,-0.4,-0.012
4.92E-05,-0.44,-0.0152
4.92E-05,-0.48,-0.0128
4.93E-05,-0.48,-0.016
4.93E-05,-0.52,-0.0128
4.94E-05,-0.56,-0.0176
4.94E-05,-0.56,-0.0168
4.95E-05,-0.6,-0.0184
4.95E-05,-0.6,-0.0192
4.96E-05,-0.64,-0.0232
4.96E-05,-0.64,-0.0184
4.97E-05,-0.64,-0.0208
4.97E-05,-0.68,-0.0216
4.98E-05,-0.72,-0.0224
4.98E-05,-0.68,-0.0208
4.99E-05,-0.72,-0.0248
4.99E-05,-0.72,-0.0184
5.00E-05,-0.72,-0.0256
5.00E-05,-0.72,-0.0216
5.01E-05,-0.68,-0.024
5.01E-05,-0.64,-0.0216
5.02E-05,-0.64,-0.0192
5.02E-05,-0.6,-0.0216
5.03E-05,-0.6,-0.0208
5.03E-05,-0.56,-0.02
5.04E-05,-0.52,-0.0184
5.04E-05,-0.48,-0.0152
5.05E-05,-0.44,-0.016
5.05E-05,-0.4,-0.0152
5.06E-05,-0.32,-0.0128
5.06E-05,-0.24,-0.0128
5.07E-05,-0.2,-0.0096
0.0000507,-0.12,-0.0104
5.08E-05,-0.08,-0.0064
5.08E-05,0.04,-0.0064
5.09E-05,0.08,-0.004
5.09E-05,0.16,-0.0024
5.10E-05,0.24,0.0032
5.10E-05,0.32,0
5.11E-05,0.44,0.0064
5.11E-05,0.52,0.0048
5.12E-05,0.6,0.0104
5.12E-05,0.68,0.0112
5.13E-05,0.8,0.0168
5.13E-05,0.84,0.016
5.14E-05,0.96,0.0184
5.14E-05,1.04,0.024
5.15E-05,1.12,0.0264
5.15E-05,1.2,0.0296
5.16E-05,1.28,0.0304
5.16E-05,1.36,0.032
5.17E-05,1.44,0.0352
5.17E-05,1.48,0.0408
5.18E-05,1.56,0.0352
5.18E-05,1.64,0.044
5.19E-05,1.64,0.0392
5.19E-05,1.72,0.0416
5.20E-05,1.76,0.0456
5.20E-05,1.8,0.0432
5.21E-05,1.8,0.0448
5.21E-05,1.8,0.0488
5.22E-05,1.84,0.0448
5.22E-05,1.8,0.0456
5.23E-05,1.84,0.0504
5.23E-05,1.8,0.0488
5.24E-05,1.76,0.0448
5.24E-05,1.76,0.0504
5.25E-05,1.72,0.0448
5.25E-05,1.64,0.0496
5.26E-05,1.6,0.0464
5.26E-05,1.52,0.0456
5.27E-05,1.48,0.0464
5.27E-05,1.36,0.0432
5.28E-05,1.28,0.0312
5.28E-05,1.2,0.0592
5.29E-05,1.08,0.0096
5.29E-05,0.96,0.0528
5.30E-05,0.84,0.0264
5.30E-05,0.72,0.0208
5.31E-05,0.6,0.0352
5.31E-05,0.48,0.02
5.32E-05,0.36,0.008
5.32E-05,0.2,0.0264
5.33E-05,0.04,-0.0016
5.33E-05,-0.08,0.0112
5.34E-05,-0.2,0.0064
5.34E-05,-0.36,-0.0056
5.35E-05,-0.52,-0.0024
5.35E-05,-0.64,-0.0024
5.36E-05,-0.8,-0.0192
5.36E-05,-0.92,-0.0056
5.37E-05,-1.08,-0.0168
5.37E-05,-1.2,-0.0256
5.38E-05,-1.36,-0.0184
5.38E-05,-1.44,-0.0296
5.39E-05,-1.56,-0.0336
5.39E-05,-1.68,-0.032
5.40E-05,-1.76,-0.04
5.40E-05,-1.88,-0.0448
5.41E-05,-2,-0.0392
5.41E-05,-2.04,-0.0496
5.42E-05,-2.12,-0.0504
5.42E-05,-2.2,-0.0528
5.43E-05,-2.24,-0.0568
5.43E-05,-2.32,-0.056
5.44E-05,-2.36,-0.0632
5.44E-05,-2.36,-0.0632
5.45E-05,-2.4,-0.0592
5.45E-05,-2.4,-0.0624
5.46E-05,-2.4,-0.0664
5.46E-05,-2.36,-0.0664
5.47E-05,-2.4,-0.064
5.47E-05,-2.32,-0.064
5.48E-05,-2.28,-0.0608
5.48E-05,-2.24,-0.064
5.49E-05,-2.16,-0.0616
5.49E-05,-2.08,-0.0632
5.50E-05,-2.04,-0.0584
5.50E-05,-1.92,-0.064
5.51E-05,-1.84,-0.0496
5.51E-05,-1.72,-0.0608
5.52E-05,-1.6,-0.06
5.52E-05,-1.52,-0.0344
5.53E-05,-1.4,-0.0696
5.53E-05,-1.24,-0.0336
5.54E-05,-1.12,-0.0504
5.54E-05,-1,-0.0464
5.55E-05,-0.88,-0.0368
5.55E-05,-0.72,-0.0352
5.56E-05,-0.56,-0.0408
5.56E-05,-0.4,-0.0208
5.57E-05,-0.28,-0.0352
5.57E-05,-0.12,-0.0216
5.58E-05,0,-0.0152
5.58E-05,0.16,-0.0216
5.59E-05,0.28,-0.012
5.59E-05,0.4,-0.0096
5.60E-05,0.56,-0.0072
5.60E-05,0.68,-0.0048
5.61E-05,0.8,0.0096
5.61E-05,0.92,-0.0024
5.62E-05,1.08,0.0104
5.62E-05,1.16,0.0128
5.63E-05,1.28,0.0128
5.63E-05,1.36,0.0192
5.64E-05,1.44,0.0192
5.64E-05,1.52,0.0208
5.65E-05,1.6,0.0248
5.65E-05,1.64,0.028
5.66E-05,1.68,0.024
5.66E-05,1.76,0.0272
5.67E-05,1.8,0.032
5.67E-05,1.84,0.0304
5.68E-05,1.84,0.0336
5.68E-05,1.84,0.0392
5.69E-05,1.84,0.0328
5.69E-05,1.84,0.0392
5.70E-05,1.84,0.0448
5.70E-05,1.8,0.0432
5.71E-05,1.8,0.0384
5.71E-05,1.76,0.052
5.72E-05,1.72,0.0384
5.72E-05,1.68,0.0496
5.73E-05,1.6,0.0424
5.73E-05,1.52,0.0496
5.74E-05,1.48,0.032
5.74E-05,1.44,0.0488
5.75E-05,1.36,0.0552
5.75E-05,1.28,0.0016
5.76E-05,1.2,0.0816
5.76E-05,1.12,0.0104
5.77E-05,1,0.0392
5.77E-05,0.92,0.0416
5.78E-05,0.84,0.0304
5.78E-05,0.76,0.024
5.79E-05,0.68,0.0424
5.79E-05,0.56,0.0144
5.80E-05,0.48,0.032
5.80E-05,0.4,0.0264
5.81E-05,0.32,0.0192
5.81E-05,0.2,0.0256
5.82E-05,0.16,0.0232
5.82E-05,0.04,0.0136
5.83E-05,-0.04,0.0248
5.83E-05,-0.12,0.0136
5.84E-05,-0.16,0.0136
5.84E-05,-0.24,0.016
5.85E-05,-0.32,0.0112
5.85E-05,-0.4,0.0072
5.86E-05,-0.44,0.0112
5.86E-05,-0.48,0.0024
5.87E-05,-0.52,0.0064
5.87E-05,-0.56,0.0032
5.88E-05,-0.6,-0.0024
5.88E-05,-0.64,-0.0016
5.89E-05,-0.64,-0.0024
5.89E-05,-0.68,-0.0088
5.90E-05,-0.72,-0.0048
5.90E-05,-0.72,-0.0096
5.91E-05,-0.72,-0.0096
5.91E-05,-0.76,-0.0112
5.92E-05,-0.76,-0.0096
5.92E-05,-0.72,-0.0176
5.93E-05,-0.76,-0.0064
5.93E-05,-0.72,-0.0176
5.94E-05,-0.72,-0.0136
5.94E-05,-0.72,-0.0144
5.95E-05,-0.68,-0.016
5.95E-05,-0.64,-0.0128
5.96E-05,-0.64,-0.0168
5.96E-05,-0.6,-0.016
5.97E-05,-0.6,-0.012
5.97E-05,-0.56,-0.0248
5.98E-05,-0.52,-0.016
5.98E-05,-0.48,-0.0192
5.99E-05,-0.44,-0.0224
5.99E-05,-0.44,-0.0184
6.00E-05,-0.4,-0.0208
6.00E-05,-0.4,-0.024
6.01E-05,-0.32,-0.0176
6.01E-05,-0.28,-0.024
6.02E-05,-0.28,-0.0208
6.02E-05,-0.24,-0.024
6.03E-05,-0.2,-0.0192
6.03E-05,-0.16,-0.0224
6.04E-05,-0.16,-0.0176
6.04E-05,-0.12,-0.0216
6.05E-05,-0.08,-0.016
6.05E-05,-0.08,-0.0176
6.06E-05,-0.08,-0.016
6.06E-05,-0.04,-0.0152
6.07E-05,0,-0.0128
6.07E-05,0,-0.0152
6.08E-05,0,-0.0144
6.08E-05,0.04,-0.0144
6.09E-05,0.04,-0.012
6.09E-05,0.04,-0.012
6.10E-05,0.08,-0.012
6.10E-05,0.08,-0.0128
6.11E-05,0.08,-0.0096
6.11E-05,0.08,-0.0136
6.12E-05,0.08,-0.0096
6.12E-05,0.12,-0.0112
6.13E-05,0.12,-0.008
6.13E-05,0.12,-0.0096
6.14E-05,0.12,-0.0064
6.14E-05,0.12,-0.0056
6.15E-05,0.12,-0.0072
6.15E-05,0.12,-0.0016
6.16E-05,0.12,-0.0088
6.16E-05,0.12,0.0016
6.17E-05,0.12,-0.0032
6.17E-05,0.08,0.0016
6.18E-05,0.08,0
6.18E-05,0.08,0.0024
6.19E-05,0.08,0.0016
6.19E-05,0.08,0.0032
6.20E-05,0.08,0.004
6.20E-05,0.08,0.0032
6.21E-05,0.08,0.0064
6.21E-05,0.04,0.0016
6.22E-05,0.04,0.0048
6.22E-05,0.04,0.004
6.23E-05,0.04,0.0048
6.23E-05,0.04,0.0032
6.24E-05,0.04,0.0048
6.24E-05,0.04,0.004
6.25E-05,0.04,0.0064
6.25E-05,0.04,0.0056
6.26E-05,0.04,0.0048
6.26E-05,0,0.0064
6.27E-05,0,0.0072
6.27E-05,0.04,0.0048
6.28E-05,0,0.0072
6.28E-05,0,0.0072
6.29E-05,0,0.008
6.29E-05,0,0.0064
6.30E-05,0,0.0096
6.30E-05,0,0.0048
6.31E-05,0,0.0096
6.31E-05,0,0.004
6.32E-05,0,0.0064
6.32E-05,0,0.004
6.33E-05,0,0.0056
6.33E-05,0,0.0024
6.34E-05,0,0.004
6.34E-05,0,-0.0016
6.35E-05,0,0.004
6.35E-05,0,-0.0024
6.36E-05,0,0
6.36E-05,0,-0.0024
6.37E-05,0.04,0
6.37E-05,0,-0.0048
6.38E-05,0,0
6.38E-05,0,-0.0048
6.39E-05,0,0
6.39E-05,0,-0.0064
6.40E-05,0,-0.0024
6.40E-05,0,-0.0048
6.41E-05,0,-0.0024
6.41E-05,0,-0.0056
6.42E-05,0,-0.0048
6.42E-05,0,-0.0056
6.43E-05,0,-0.0056
6.43E-05,0,-0.0048
6.44E-05,0,-0.0072
6.44E-05,0,-0.0048
6.45E-05,0,-0.008
6.45E-05,0,-0.0072
6.46E-05,0,-0.008
6.46E-05,0,-0.0072
6.47E-05,0,-0.0056
6.47E-05,0,-0.0088
6.48E-05,0,-0.0064
6.48E-05,0,-0.0064
6.49E-05,0,-0.0064
6.49E-05,0,-0.0048
6.50E-05,0,-0.0048
6.50E-05,0,-0.0056
6.51E-05,0,-0.0048
6.51E-05,0,-0.0016
6.52E-05,0,-0.0048
6.52E-05,0,-0.0048
6.53E-05,0,-0.0024
6.53E-05,0,-0.0024
6.54E-05,0,0.0024
6.54E-05,0,-0.0032
6.55E-05,0,-0.0024
6.55E-05,0,-0.0024
6.56E-05,0,0
6.56E-05,0,-0.0016
6.57E-05,0,0
6.57E-05,0,-0.0016
6.58E-05,0,0
6.58E-05,0,0
6.59E-05,0,0.0032
6.59E-05,0,0.0032
6.60E-05,0.04,0
6.60E-05,0,0.0016
6.61E-05,0,0.0016
6.61E-05,0,0
6.62E-05,0,0.0032
6.62E-05,0,0.0016
6.63E-05,0,0.0016
6.63E-05,0,0
6.64E-05,0,0.0024
6.64E-05,0,0.0032
6.65E-05,0,0.0016
6.65E-05,0,0
6.66E-05,0,0.004
6.66E-05,0,-0.0024
6.67E-05,0,0.0016
6.67E-05,0,0
6.68E-05,0,0
6.68E-05,0,0
6.69E-05,0,0
6.69E-05,0,0
6.70E-05,0,-0.0016
6.70E-05,0,0
6.71E-05,0,-0.0016
6.71E-05,0,-0.0024
6.72E-05,0,0
6.72E-05,0,0
6.73E-05,0,0
6.73E-05,0.04,-0.0024
6.74E-05,0,-0.0024
6.74E-05,0,0
6.75E-05,0,-0.0024
6.75E-05,0,-0.0032
6.76E-05,0,-0.0032
6.76E-05,0,-0.0056
6.77E-05,0,0.0016
6.77E-05,0,-0.008
6.78E-05,0,-0.0048
6.78E-05,0,-0.004
6.79E-05,0,-0.0064
6.79E-05,0,-0.008
6.80E-05,0,-0.0064
6.80E-05,0,-0.0056
6.81E-05,0,-0.0032
6.81E-05,0,-0.0072
6.82E-05,0,-0.0048
6.82E-05,0,-0.0064
6.83E-05,0,-0.0048
6.83E-05,0,-0.0048
6.84E-05,0,-0.0064
6.84E-05,0,-0.0048
6.85E-05,0,-0.0048
6.85E-05,0,-0.0016
6.86E-05,0,-0.0056
6.86E-05,0,-0.0032
6.87E-05,0,-0.0032
6.87E-05,0,-0.0056
6.88E-05,0,-0.0048
6.88E-05,0,0
6.89E-05,0,-0.0048
6.89E-05,0,-0.0024
6.90E-05,0,-0.0024
6.90E-05,0,-0.0032
6.91E-05,0.04,-0.0016
6.91E-05,0,0
6.92E-05,0.04,-0.0024
6.92E-05,0,0
6.93E-05,0,-0.0016
6.93E-05,0,0.0032
6.94E-05,0,0
6.94E-05,0,0.0016
6.95E-05,0,-0.0024
6.95E-05,0,0.0032
6.96E-05,0,-0.0024
6.96E-05,0,0.0048
6.97E-05,0,0
6.97E-05,0,0.0056
6.98E-05,0,0
6.98E-05,0,0.0048
6.99E-05,0,-0.0016
6.99E-05,0,0
7.00E-05,0,0
7.00E-05,0,-0.0048
7.01E-05,0,0.004
7.01E-05,0,-0.004
7.02E-05,0,0.0048
7.02E-05,0,-0.0032
7.03E-05,0,0
7.03E-05,0,-0.0016
7.04E-05,0,-0.0016
7.04E-05,0,0
7.05E-05,0,0.0032
7.05E-05,0,-0.0024
7.06E-05,0,0
7.06E-05,0,0.0032
7.07E-05,0.04,0
7.07E-05,0,0
7.08E-05,0,0
7.08E-05,0,-0.0024
7.09E-05,0,0
7.09E-05,0,0
7.10E-05,0,-0.0024
7.10E-05,0,-0.0024
7.11E-05,0,-0.0016
7.11E-05,0,-0.0056
7.12E-05,0,-0.008
7.12E-05,0,0
7.13E-05,0,-0.0048
7.13E-05,0,-0.0088
7.14E-05,0,0
7.14E-05,0,-0.0096
7.15E-05,0,-0.0032
7.15E-05,0.04,0
7.16E-05,0,-0.0056
7.16E-05,0,-0.0064
7.17E-05,0,-0.0048
7.17E-05,0,0
7.18E-05,0,-0.004
7.18E-05,0,-0.0072
7.19E-05,0,0
7.19E-05,0,-0.0048
7.20E-05,0,-0.0104
7.20E-05,0,0.0024
7.21E-05,0,-0.0016
7.21E-05,0,-0.0056
7.22E-05,0,-0.0024
7.22E-05,0,0
7.23E-05,0,-0.0096
7.23E-05,0,0.004
7.24E-05,0,-0.0056
7.24E-05,0,-0.0024
7.25E-05,0,-0.0032
7.25E-05,0,-0.0016
7.26E-05,0,-0.0024
7.26E-05,0,0.0016
7.27E-05,0,-0.0032
7.27E-05,0,0
7.28E-05,0,0
7.28E-05,0,0
7.29E-05,0,0.0048
7.29E-05,0,-0.0016
7.30E-05,0,0.0016
7.30E-05,0,0.0024
7.31E-05,0,0.0016
7.31E-05,0,0.0064
7.32E-05,0,0.0016
7.32E-05,0,0
7.33E-05,0,0
7.33E-05,0,0.004
7.34E-05,0,0
7.34E-05,0,0
7.35E-05,0,0.0024
7.35E-05,0,-0.0024
7.36E-05,0,0
7.36E-05,0,0
7.37E-05,0,0
7.37E-05,0,0
7.38E-05,0,-0.0024
7.38E-05,0.04,0.0016
7.39E-05,0,0
7.39E-05,0,0.004
7.40E-05,0,-0.0048
7.40E-05,0,0.0024
7.41E-05,0,-0.0032
7.41E-05,0,0.0016
7.42E-05,0,0
7.42E-05,0,0
7.43E-05,0,-0.0056
7.43E-05,0,0
7.44E-05,0,-0.0064
7.44E-05,0,0.0016
7.45E-05,0,-0.0056
7.45E-05,0,-0.0016
7.46E-05,0,-0.0056
7.46E-05,0,-0.0032
7.47E-05,0,-0.0056
7.47E-05,0,-0.0048
7.48E-05,0,-0.0048
7.48E-05,0,-0.0064
7.49E-05,0,-0.0032
7.49E-05,0,-0.0056
7.50E-05,0,-0.0032
7.50E-05,0,-0.0048
7.51E-05,0,-0.0056
7.51E-05,0,-0.0048
7.52E-05,0,-0.0032
7.52E-05,0,-0.004
7.53E-05,0,0
7.53E-05,0,-0.008
7.54E-05,0.04,-0.0024
7.54E-05,0,-0.0056
7.55E-05,0,-0.0024
7.55E-05,0,-0.0032
7.56E-05,0,-0.0048
7.56E-05,0,-0.0048
7.57E-05,0,-0.0048
7.57E-05,0,-0.0016
7.58E-05,0,-0.0064
7.58E-05,0,-0.0024
7.59E-05,0,-0.004
7.59E-05,0,-0.0048
7.60E-05,0,-0.0032
7.60E-05,0,-0.0032
7.61E-05,0,0
7.61E-05,0,-0.0032
7.62E-05,0,0
7.62E-05,0,-0.0024
7.63E-05,0,0
7.63E-05,0,0
7.64E-05,0,0
7.64E-05,0,-0.0016
7.65E-05,0,0.0016
7.65E-05,0,0
7.66E-05,0,0.0032
7.66E-05,0,0
7.67E-05,0,0
7.67E-05,0,-0.0024
7.68E-05,0,0
7.68E-05,0,0
7.69E-05,0,0
7.69E-05,0,0.0016
7.70E-05,0,-0.0016
7.70E-05,0,0
7.71E-05,0,0
7.71E-05,0,0
7.72E-05,0,0
7.72E-05,0,-0.0024
7.73E-05,0,0.0016
7.73E-05,0,0
7.74E-05,0,0.0016
7.74E-05,0,-0.0024
7.75E-05,0,0
7.75E-05,0,-0.0016
7.76E-05,0,0
7.76E-05,0,0.0016
7.77E-05,0,0
7.77E-05,0,-0.0016
7.78E-05,0,0
7.78E-05,0,0
7.79E-05,0,-0.0016
7.79E-05,0,0
7.80E-05,0,0
7.80E-05,0.04,-0.0048
7.81E-05,0,0.0016
7.81E-05,0,-0.004
7.82E-05,0,0
7.82E-05,0,-0.004
7.83E-05,0,0
7.83E-05,0,-0.0056
7.84E-05,0,0
7.84E-05,0,-0.0032
7.85E-05,0,0
7.85E-05,0,-0.0032
7.86E-05,0,0
7.86E-05,0,-0.0032
7.87E-05,0,0.0024
7.87E-05,0,-0.0016
7.88E-05,0,0
7.88E-05,0,-0.0024
7.89E-05,0,0.0032
7.89E-05,0,-0.0016
7.90E-05,0,0.0032
7.90E-05,0,-0.0016
7.91E-05,0,0
7.91E-05,0,-0.0016
7.92E-05,0,-0.0024
7.92E-05,0,0.0016
7.93E-05,0,-0.0024
7.93E-05,0,0
7.94E-05,0,-0.0024
7.94E-05,0,0.0016
7.95E-05,0,-0.0032
7.95E-05,0,0
7.96E-05,0,-0.0024
7.96E-05,0,-0.0016
7.97E-05,0,0
7.97E-05,0,-0.0024
7.98E-05,0,0
7.98E-05,0,-0.0032
7.99E-05,0,0
7.99E-05,0,-0.0032
8.00E-05,0,-0.0024
8.00E-05,0,-0.0016
8.01E-05,0,0
8.01E-05,0,-0.0056
8.02E-05,0,-0.0048
8.02E-05,0,-0.004
8.03E-05,0,-0.0056
8.03E-05,0,-0.0016
8.04E-05,0,-0.008
8.04E-05,0,-0.0088
8.05E-05,0,-0.0072
8.05E-05,0,-0.0056
8.06E-05,0,-0.0112
8.06E-05,0,-0.008
8.07E-05,0,-0.0088
8.07E-05,0,-0.0104
8.08E-05,0,-0.0096
8.08E-05,0,-0.0096
8.09E-05,0,-0.0016
8.09E-05,0,-0.0168
8.10E-05,0,-0.0056
8.10E-05,0,-0.008
8.11E-05,0,-0.0096
8.11E-05,0,-0.0056
8.12E-05,0,-0.0088
8.12E-05,0,-0.0096
8.13E-05,0,-0.0088
8.13E-05,0,-0.0064
8.14E-05,0,-0.008
8.14E-05,0,-0.0064
8.15E-05,0,-0.008
8.15E-05,0,-0.0088
8.16E-05,0,-0.0048
8.16E-05,0,-0.0056
8.17E-05,0,-0.0032
8.17E-05,0,-0.0048
8.18E-05,0,-0.0024
8.18E-05,0,0
8.19E-05,0,0
8.19E-05,0,0.0016
8.20E-05,0,0
8.20E-05,0,0.0032
8.21E-05,0,0.004
8.21E-05,0,0.0048
8.22E-05,0,0.008
8.22E-05,0,0.0048
8.23E-05,0,0.0096
8.23E-05,0,0.0064
8.24E-05,0,0.0104
8.24E-05,0,0.0112
8.25E-05,0,0.0128
8.25E-05,0,0.0104
8.26E-05,0,0.0136
8.26E-05,0,0.0128
8.27E-05,0,0.0152
8.27E-05,0,0.016
8.28E-05,0,0.016
8.28E-05,0,0.0136
8.29E-05,0,0.0168
8.29E-05,0,0.0168
8.30E-05,0,0.0144
8.30E-05,0,0.016
8.31E-05,0,0.016
8.31E-05,0,0.0136
8.32E-05,0,0.0144
8.32E-05,0,0.0152
8.33E-05,0,0.016
8.33E-05,0,0.012
8.34E-05,0,0.0144
8.34E-05,0,0.0104
8.35E-05,0,0.0136
8.35E-05,0,0.0104
8.36E-05,0,0.0104
8.36E-05,0,0.0064
8.37E-05,0,0.0072
8.37E-05,0,0.0056
8.38E-05,0,0.0032
8.38E-05,0.04,0.0032
8.39E-05,0,-0.0024
8.39E-05,0,0
8.40E-05,0,-0.004
8.40E-05,0,-0.0016
8.41E-05,0,-0.0032
8.41E-05,0,-0.0048
8.42E-05,0,-0.0064
8.42E-05,0,-0.0064
8.43E-05,0,-0.0088
8.43E-05,0,-0.0096
8.44E-05,0,-0.0112
8.44E-05,0,-0.0128
8.45E-05,0,-0.0128
8.45E-05,0,-0.0152
8.46E-05,0,-0.0144
8.46E-05,0,-0.0176
8.47E-05,0,-0.0184
8.47E-05,0,-0.016
8.48E-05,0,-0.0208
8.48E-05,0,-0.0152
8.49E-05,0,-0.0168
8.49E-05,0,-0.0216
8.50E-05,0,-0.0184
8.50E-05,0,-0.0184
8.51E-05,0,-0.02
8.51E-05,0,-0.0176
8.52E-05,0,-0.0184
8.52E-05,0.04,-0.0184
8.53E-05,0,-0.016
8.53E-05,0,-0.0136
8.54E-05,0,-0.0168
8.54E-05,0,-0.0184
8.55E-05,0,-0.012
8.55E-05,0,-0.0144
8.56E-05,0,-0.0128
8.56E-05,0,-0.0104
8.57E-05,0,-0.012
8.57E-05,0,-0.0072
8.58E-05,0,-0.0128
8.58E-05,0,-0.0064
8.59E-05,0,-0.0064
8.59E-05,0,-0.0056
8.60E-05,0,-0.012
8.60E-05,0,-0.0048
8.61E-05,0,-0.0088
8.61E-05,0,-0.0088
8.62E-05,0,-0.0064
8.62E-05,0.04,-0.0096
8.63E-05,0,-0.012
8.63E-05,0,-0.0016
8.64E-05,0,-0.012
8.64E-05,0.04,-0.0088
8.65E-05,0,-0.0048
8.65E-05,0,-0.008
8.66E-05,0,-0.0128
8.66E-05,0,-0.0016
8.67E-05,0,-0.008
8.67E-05,0,-0.0088
8.68E-05,0,-0.0064
8.68E-05,0,-0.0056
8.69E-05,0,-0.008
8.69E-05,0,-0.008
8.70E-05,0.04,-0.008
8.70E-05,0,-0.008
8.71E-05,0,-0.0088
8.71E-05,0,-0.0096
8.72E-05,0,-0.0088
8.72E-05,0,-0.0088
8.73E-05,0,-0.0096
8.73E-05,0,-0.0088
8.74E-05,0,-0.0088
8.74E-05,0,-0.008
8.75E-05,0,-0.0072
8.75E-05,0,-0.0056
8.76E-05,0,-0.0064
8.76E-05,0,-0.0056
8.77E-05,0,-0.0048
8.77E-05,0,-0.0048
8.78E-05,0,-0.0024
8.78E-05,0,-0.0032
8.79E-05,0,0
8.79E-05,0,-0.0016
8.80E-05,0,0.004
8.80E-05,0,0.0016
8.81E-05,0,0.0056
8.81E-05,0.04,0.0064
8.82E-05,0,0.0064
8.82E-05,0,0.0088
8.83E-05,0,0.0112
8.83E-05,0,0.0112
8.84E-05,0,0.0136
8.84E-05,0,0.016
8.85E-05,0,0.0168
8.85E-05,0.04,0.0168
8.86E-05,0,0.0208
8.86E-05,0,0.0208
8.87E-05,0,0.0248
8.87E-05,0.04,0.024
8.88E-05,0,0.0296
8.88E-05,0,0.0296
8.89E-05,0,0.032
8.89E-05,0.04,0.0328
8.90E-05,0,0.0328
8.90E-05,0,0.0368
8.91E-05,0,0.036
8.91E-05,0,0.0384
8.92E-05,0,0.0368
8.92E-05,0,0.0392
8.93E-05,0,0.0368
8.93E-05,0,0.0392
8.94E-05,0,0.0368
8.94E-05,0,0.0376
8.95E-05,0,0.0368
8.95E-05,0,0.0368
8.96E-05,0,0.0336
8.96E-05,0,0.0344
8.97E-05,0,0.0328
8.97E-05,0,0.032
8.98E-05,0,0.0296
8.98E-05,0,0.0296
8.99E-05,0,0.0264
8.99E-05,0,0.0264
9.00E-05,0,0.0208
9.00E-05,0,0.0232
9.01E-05,0,0.02
9.01E-05,0.04,0.0152
9.02E-05,0,0.0136
9.02E-05,0,0.0128
9.03E-05,0,0.0072
9.03E-05,0,0.004
9.04E-05,0,0.0016
9.04E-05,0,-0.0024
9.05E-05,0,-0.0048
9.05E-05,0,-0.0088
9.06E-05,0,-0.0152
9.06E-05,0,-0.0128
9.07E-05,0,-0.0224
9.07E-05,0,-0.0216
9.08E-05,0,-0.0304
9.08E-05,0,-0.0272
9.09E-05,0,-0.036
9.09E-05,0,-0.032
9.10E-05,0,-0.0432
9.10E-05,0.04,-0.0384
9.11E-05,0,-0.044
9.11E-05,0,-0.0464
9.12E-05,0,-0.0472
9.12E-05,0,-0.0496
9.13E-05,0,-0.0504
9.13E-05,0,-0.0528
9.14E-05,0,-0.0536
9.14E-05,0,-0.0544
9.15E-05,0,-0.0544
9.15E-05,0,-0.0568
9.16E-05,0,-0.056
9.16E-05,0,-0.056
9.17E-05,0,-0.056
9.17E-05,0,-0.0544
9.18E-05,0,-0.0552
9.18E-05,0,-0.0504
9.19E-05,0,-0.0512
9.19E-05,0,-0.0472
9.20E-05,0,-0.0488
9.20E-05,0,-0.0408
9.21E-05,0,-0.0424
9.21E-05,0,-0.0352
9.22E-05,0,-0.0344
9.22E-05,0,-0.0296
9.23E-05,0,-0.0256
9.23E-05,0,-0.0232
9.24E-05,0,-0.0176
9.24E-05,0,-0.0152
9.25E-05,0,-0.0088
9.25E-05,0,-0.0088
9.26E-05,0,-0.0024
9.26E-05,0,0
9.27E-05,0,0.004
9.27E-05,0,0.008
9.28E-05,0,0.0088
9.28E-05,0,0.0136
9.29E-05,0,0.016
9.29E-05,0,0.0184
9.30E-05,0,0.0208
9.30E-05,0,0.0232
9.31E-05,0.04,0.0264
9.31E-05,0,0.0264
9.32E-05,0,0.032
9.32E-05,0,0.0304
9.33E-05,0,0.0352
9.33E-05,0,0.0336
9.34E-05,0,0.0352
9.34E-05,0,0.036
9.35E-05,0,0.0368
9.35E-05,0,0.036
9.36E-05,0,0.0352
9.36E-05,0,0.036
9.37E-05,0,0.0336
9.37E-05,0,0.0328
9.38E-05,0,0.0304
9.38E-05,0,0.028
9.39E-05,0,0.0272
9.39E-05,0,0.0232
9.40E-05,0,0.0192
9.40E-05,0,0.0176
9.41E-05,0,0.0168
9.41E-05,0,0.0104
9.42E-05,0,0.0104
9.42E-05,0,0.0048
9.43E-05,0,0.0064
9.43E-05,0,0
9.44E-05,0,0
9.44E-05,0,-0.0056
9.45E-05,0,-0.0032
9.45E-05,0,-0.0088
9.46E-05,0,-0.0096
9.46E-05,0,-0.012
9.47E-05,0,-0.0088
9.47E-05,0,-0.0184
9.48E-05,0,-0.0128
9.48E-05,0,-0.0192
9.49E-05,0,-0.0136
9.49E-05,0,-0.024
9.50E-05,0,-0.0168
9.50E-05,0,-0.0248
9.51E-05,0,-0.016
9.51E-05,0,-0.0248
9.52E-05,0,-0.0192
9.52E-05,0,-0.0216
9.53E-05,0,-0.0184
9.53E-05,0,-0.0176
9.54E-05,0,-0.016
9.54E-05,0,-0.0128
9.55E-05,0,-0.0128
9.55E-05,0,-0.0104
9.56E-05,0,-0.008
9.56E-05,0,-0.0024
9.57E-05,0,0
9.57E-05,0,0.0032
9.58E-05,0,0.0064
9.58E-05,0,0.008
9.59E-05,0,0.0144
9.59E-05,0,0.0096
9.60E-05,0,0.02
9.60E-05,0,0.0192
9.61E-05,0,0.0216
9.61E-05,0,0.02
9.62E-05,0,0.0248
9.62E-05,0,0.0264
9.63E-05,0,0.024
9.63E-05,0,0.0256
9.64E-05,0,0.0264
9.64E-05,0,0.0264
9.65E-05,0,0.032
9.65E-05,0,0.0224
9.66E-05,0,0.0288
9.66E-05,0,0.0256
9.67E-05,0,0.0288
9.67E-05,0,0.0232
9.68E-05,0,0.0256
9.68E-05,0,0.0224
9.69E-05,0,0.0264
9.69E-05,0,0.0168
9.70E-05,0,0.0184
9.70E-05,0,0.0168
9.71E-05,0,0.0112
9.71E-05,0,0.0136
9.72E-05,0,0.0056
9.72E-05,0,0.004
9.73E-05,0,0
9.73E-05,0,0
9.74E-05,0,-0.0088
9.74E-05,0,-0.008
9.75E-05,0,-0.0128
9.75E-05,0,-0.0176
9.76E-05,0,-0.0208
9.76E-05,0,-0.0216
9.77E-05,0,-0.0232
9.77E-05,0,-0.0256
9.78E-05,0,-0.0272
9.78E-05,0,-0.0304
9.79E-05,0,-0.0272
9.79E-05,0,-0.0304
9.80E-05,0,-0.0304
9.80E-05,0,-0.0312
9.81E-05,0,-0.0288
9.81E-05,0,-0.028
9.82E-05,0,-0.0304
9.82E-05,0,-0.0296
9.83E-05,0,-0.0288
9.83E-05,0,-0.0288
9.84E-05,0,-0.028
9.84E-05,0,-0.0224
9.85E-05,0,-0.024
9.85E-05,0,-0.0216
9.86E-05,0,-0.0192
9.86E-05,0,-0.0176
9.87E-05,0,-0.0128
9.87E-05,0,-0.0144
9.88E-05,0,-0.0064
9.88E-05,0,-0.0072
9.89E-05,0,-0.0016
9.89E-05,0,0
9.90E-05,0,0.0064
9.90E-05,0,0.008
9.91E-05,0,0.0128
9.91E-05,0,0.0128
9.92E-05,0,0.0192
9.92E-05,0,0.02
9.93E-05,0,0.0264
9.93E-05,0,0.0208
9.94E-05,0,0.0288
9.94E-05,0,0.0272
9.95E-05,0,0.0296
9.95E-05,0,0.0304
9.96E-05,0,0.0296
9.96E-05,0,0.0304
9.97E-05,0,0.032
9.97E-05,0,0.032
9.98E-05,0,0.0288
9.98E-05,0,0.0304
9.99E-05,0.04,0.0272
9.99E-05,0,0.0256
1.00E-04,0,0.0248
1.00E-04,0,0.0264
1.00E-04,0,0.0224
1.00E-04,0,0.0232
1.00E-04,0,0.016
1.00E-04,0,0.024
1.00E-04,0,0.0056
1.00E-04,0,0.012
1.00E-04,0,0.0152
1.00E-04,0,0
1.01E-04,0,0.0064
1.01E-04,0,-0.0016
1.01E-04,0,0
1.01E-04,0,-0.0088
1.01E-04,0,-0.0144
1.01E-04,0,-0.0152
1.01E-04,0,-0.016
1.01E-04,0,-0.0304
1.01E-04,0,-0.0248
1.01E-04,0,-0.0256
1.01E-04,0,-0.0376
1.01E-04,0,-0.0352
1.01E-04,0,-0.0352
1.01E-04,0,-0.0432
1.01E-04,0,-0.044
1.01E-04,0,-0.0472
1.01E-04,0,-0.0472
1.01E-04,0,-0.0512
1.01E-04,0,-0.0472
1.01E-04,0,-0.0552
1.02E-04,0,-0.0528
1.02E-04,0,-0.0568
1.02E-04,0,-0.0568
1.02E-04,0.04,-0.0544
1.02E-04,0,-0.0576
1.02E-04,0,-0.0576
1.02E-04,0,-0.0544
1.02E-04,0,-0.06
1.02E-04,0,-0.056
1.02E-04,0,-0.056
1.02E-04,0,-0.052
1.02E-04,0,-0.0528
1.02E-04,0,-0.0496
1.02E-04,0,-0.0496
1.02E-04,0,-0.0416
1.02E-04,0,-0.0408
1.02E-04,0,-0.0384
1.02E-04,0,-0.0336
1.02E-04,0,-0.0304
1.02E-04,0,-0.0272
1.03E-04,0,-0.02
1.03E-04,0,-0.016
1.03E-04,0,-0.0128
1.03E-04,0,-0.008
1.03E-04,0,-0.0048
1.03E-04,0,0.0024
1.03E-04,0,0.0056
1.03E-04,0,0.0096
1.03E-04,0,0.016
1.03E-04,0,0.0192
1.03E-04,0,0.0232
1.03E-04,0,0.0272
1.03E-04,0,0.032
1.03E-04,0,0.0336
1.03E-04,0,0.0376
1.03E-04,0,0.0424
1.03E-04,0,0.0464
1.03E-04,0,0.0488
1.03E-04,0,0.0512
1.03E-04,0,0.0552
1.04E-04,0,0.0544
1.04E-04,0,0.0592
1.04E-04,0,0.0608
1.04E-04,0,0.064
1.04E-04,0,0.0616
1.04E-04,0,0.064
1.04E-04,0,0.0648
1.04E-04,0,0.0624
1.04E-04,0,0.0624
1.04E-04,0,0.0592
1.04E-04,0,0.0592
1.04E-04,0,0.056
1.04E-04,0,0.0584
1.04E-04,0,0.0496
1.04E-04,0,0.0504
1.04E-04,0,0.0464
1.04E-04,0,0.0456
1.04E-04,0,0.044
1.04E-04,0,0.0408
1.04E-04,0,0.0392
1.05E-04,0,0.0336
1.05E-04,0,0.036
1.05E-04,0,0.0296
1.05E-04,0,0.0352
1.05E-04,0,0.0272
1.05E-04,0,0.0264
1.05E-04,0,0.0208
1.05E-04,0,0.0208
1.05E-04,0,0.0192
1.05E-04,0,0.0152
1.05E-04,0,0.0104
1.05E-04,0.04,0.008
1.05E-04,0,0.0032
1.05E-04,0,0
1.05E-04,0,-0.0056
1.05E-04,0,-0.0096
1.05E-04,0,-0.0112
1.05E-04,0,-0.0152
1.05E-04,0,-0.0184
1.05E-04,0,-0.0208
1.06E-04,0,-0.0248
1.06E-04,0,-0.0256
1.06E-04,0,-0.0248
1.06E-04,0,-0.024
1.06E-04,0,-0.0216
1.06E-04,0,-0.0224
1.06E-04,0,-0.0184
1.06E-04,0,-0.0168
1.06E-04,0,-0.0152
1.06E-04,0,-0.0128
1.06E-04,0,-0.012
1.06E-04,0,-0.012
1.06E-04,0,-0.0064
1.06E-04,0,-0.0104
1.06E-04,0,-0.0048
1.06E-04,0,-0.0128
1.06E-04,0,-0.0088
1.06E-04,0,-0.0136
1.06E-04,0,-0.0128
1.06E-04,0,-0.016
1.07E-04,0,-0.0144
1.07E-04,0,-0.0224
1.07E-04,0,-0.0224
1.07E-04,0.04,-0.0248
1.07E-04,0,-0.0224
1.07E-04,0,-0.0296
1.07E-04,0,-0.0256
1.07E-04,0,-0.0296
1.07E-04,0,-0.0248
1.07E-04,0,-0.0256
1.07E-04,0,-0.0248
1.07E-04,0,-0.024
1.07E-04,0,-0.0224
1.07E-04,0,-0.0224
1.07E-04,0,-0.0224
1.07E-04,0,-0.0184
1.07E-04,0,-0.0216
1.07E-04,0,-0.0216
1.07E-04,0,-0.0216
1.07E-04,0,-0.0248
1.08E-04,0,-0.0232
1.08E-04,0,-0.0272
1.08E-04,0,-0.028
1.08E-04,0,-0.032
1.08E-04,0,-0.0288
1.08E-04,0,-0.0384
1.08E-04,0,-0.0312
1.08E-04,0,-0.0408
1.08E-04,0,-0.0408
1.08E-04,0,-0.0376
1.08E-04,0,-0.0448
1.08E-04,0,-0.0368
1.08E-04,0,-0.044
1.08E-04,0,-0.0408
1.08E-04,0,-0.0352
1.08E-04,0,-0.0376
1.08E-04,0,-0.0368
1.08E-04,0,-0.0352
1.08E-04,0,-0.0328
1.08E-04,0,-0.0344
1.09E-04,0,-0.0344
1.09E-04,0,-0.0304
1.09E-04,0,-0.0304
1.09E-04,0,-0.0344
1.09E-04,0,-0.0288
1.09E-04,0,-0.0312
1.09E-04,0,-0.024
1.09E-04,0,-0.0272
1.09E-04,0,-0.0216
1.09E-04,0,-0.0256
1.09E-04,0,-0.0192
1.09E-04,0,-0.0152
1.09E-04,0,-0.0128
1.09E-04,0,-0.0112
1.09E-04,0,-0.0056
1.09E-04,0,-0.0056
1.09E-04,0,0.0048
1.09E-04,0,0.0048
1.09E-04,0,0.0096
1.09E-04,0,0.0144
1.10E-04,0,0.016
1.10E-04,0,0.0184
1.10E-04,0,0.024
1.10E-04,0,0.0272
1.10E-04,0,0.0264
1.10E-04,0,0.036
1.10E-04,0.04,0.0264
1.10E-04,0,0.04
1.10E-04,0,0.0352
1.10E-04,0,0.0416
1.10E-04,0.04,0.0336
1.10E-04,0,0.0432
1.10E-04,0,0.0368
1.10E-04,0,0.0464
1.10E-04,0,0.0416
1.10E-04,0,0.0432
1.10E-04,0,0.0456
1.10E-04,0,0.0448
1.10E-04,0,0.0464
1.10E-04,0,0.0488
1.11E-04,0,0.0472
1.11E-04,0,0.048
1.11E-04,0,0.048
1.11E-04,0,0.0488
1.11E-04,0,0.0464
1.11E-04,0,0.0456
1.11E-04,0,0.0448
1.11E-04,0.04,0.0416
1.11E-04,0,0.0424
1.11E-04,0,0.0384
1.11E-04,0,0.04
1.11E-04,0,0.0328
1.11E-04,0,0.0352
1.11E-04,0,0.0296
1.11E-04,0,0.0328
1.11E-04,0,0.0256
1.11E-04,0,0.0336
1.11E-04,0.04,0.0208
1.11E-04,0,0.0296
1.11E-04,0,0.0256
1.12E-04,0,0.0224
1.12E-04,0,0.0264
1.12E-04,0,0.0232
1.12E-04,0,0.02
1.12E-04,0.04,0.0232
1.12E-04,0,0.0232
1.12E-04,0,0.0136
1.12E-04,0,0.0216
1.12E-04,0,0.0136
1.12E-04,0,0.0128
1.12E-04,0,0.0088
1.12E-04,0,0.0112
1.12E-04,0,0.0048
1.12E-04,0,0.0032
1.12E-04,0,0
1.12E-04,0,-0.0024
1.12E-04,0,-0.0048
1.12E-04,0.04,-0.008
1.12E-04,0,-0.0088
1.12E-04,0.04,-0.0128
1.13E-04,0,-0.016
1.13E-04,0,-0.0152
1.13E-04,0,-0.0184
1.13E-04,0,-0.0192
1.13E-04,0,-0.0256
1.13E-04,0,-0.0248
1.13E-04,0,-0.028
1.13E-04,0,-0.0256
1.13E-04,0,-0.0288
1.13E-04,0,-0.0304
1.13E-04,0,-0.0336
1.13E-04,0,-0.0344
1.13E-04,0,-0.0384
1.13E-04,0,-0.0368
1.13E-04,0,-0.04
1.13E-04,0,-0.0432
1.13E-04,0,-0.0448
1.13E-04,0,-0.0448
1.13E-04,0,-0.0464
1.13E-04,0,-0.0472
1.14E-04,0,-0.0512
1.14E-04,0,-0.0504
1.14E-04,0,-0.0512
1.14E-04,0,-0.0488
1.14E-04,0,-0.0472
1.14E-04,0,-0.0504
1.14E-04,0,-0.0456
1.14E-04,0,-0.0472
1.14E-04,0,-0.0432
1.14E-04,0,-0.0432
1.14E-04,0,-0.0408
1.14E-04,0,-0.0408
1.14E-04,0,-0.0352
1.14E-04,0,-0.0344
1.14E-04,0,-0.0328
1.14E-04,0,-0.036
1.14E-04,0,-0.0256
1.14E-04,0,-0.0304
1.14E-04,0,-0.0256
1.14E-04,0,-0.024
1.15E-04,0,-0.0216
1.15E-04,0,-0.0224
1.15E-04,0,-0.0144
1.15E-04,0,-0.0176
1.15E-04,0,-0.0224
1.15E-04,0,-0.0096
1.15E-04,0.04,-0.0088
1.15E-04,0,-0.016
1.15E-04,0,-0.0048
1.15E-04,0,-0.0112
1.15E-04,0,-0.0064
1.15E-04,0,-0.008
1.15E-04,0,-0.0064
1.15E-04,0,-0.0056
1.15E-04,0,-0.0016
1.15E-04,0,-0.008
1.15E-04,0,-0.0056
1.15E-04,0,0.0016
1.15E-04,0,-0.0096
1.15E-04,0,-0.0024
1.16E-04,0,0
1.16E-04,0,-0.0048
1.16E-04,0,-0.004
1.16E-04,0,0
1.16E-04,0,-0.0024
1.16E-04,0,-0.0032
1.16E-04,0,0
1.16E-04,0,0
1.16E-04,0,0.0024
1.16E-04,0,0
1.16E-04,0,0.0024
1.16E-04,0,0.0048
1.16E-04,0,0.0064
1.16E-04,0,0.008
1.16E-04,0,0.0104
1.16E-04,0,0.0104
1.16E-04,0,0.0144
1.16E-04,0,0.0136
1.16E-04,0,0.0168
1.16E-04,0,0.02
1.17E-04,0,0.0192
1.17E-04,0,0.0224
1.17E-04,0,0.0232
1.17E-04,0,0.0264
1.17E-04,0,0.0272
1.17E-04,0,0.0288
1.17E-04,0,0.0328
1.17E-04,0.04,0.0312
1.17E-04,0,0.0368
1.17E-04,0,0.036
1.17E-04,0,0.0384
1.17E-04,0,0.0416
1.17E-04,0,0.0432
1.17E-04,0,0.0456
1.17E-04,0,0.0456
1.17E-04,0,0.0488
1.17E-04,0,0.0488
1.17E-04,0,0.0488
1.17E-04,0.04,0.0488
1.17E-04,0,0.0504
1.18E-04,0,0.0488
1.18E-04,0,0.048
1.18E-04,0,0.0488
1.18E-04,0,0.0456
1.18E-04,0,0.0464
1.18E-04,0,0.0416
1.18E-04,0,0.0432
1.18E-04,0,0.0384
1.18E-04,0,0.0392
1.18E-04,0,0.036
1.18E-04,0,0.0328
1.18E-04,0,0.0328
1.18E-04,0,0.0272
1.18E-04,0,0.028
1.18E-04,0,0.024
1.18E-04,0,0.0224
1.18E-04,0,0.0224
1.18E-04,0,0.0168
1.18E-04,0,0.0176
1.18E-04,0,0.0128
1.19E-04,0,0.0136
1.19E-04,0,0.008
1.19E-04,0,0.0096
1.19E-04,0,0.004
1.19E-04,0,0.0048
1.19E-04,0,0.0016
1.19E-04,0,0
1.19E-04,0,-0.0024
1.19E-04,0,-0.0048
1.19E-04,0,-0.0048
1.19E-04,0,-0.0096
1.19E-04,0,-0.0072
1.19E-04,0,-0.012
1.19E-04,0,-0.012
1.19E-04,0,-0.0144
1.19E-04,0,-0.016
1.19E-04,0,-0.0152
1.19E-04,0,-0.0184
1.19E-04,0,-0.0184
1.19E-04,0,-0.0208
1.20E-04,0,-0.0224
1.20E-04,0,-0.0208
1.20E-04,0,-0.0272
1.20E-04,0,-0.0232
1.20E-04,0,-0.0288
1.20E-04,0,-0.0272
1.20E-04,0,-0.032
1.20E-04,0,-0.0312
1.20E-04,0,-0.032
1.20E-04,0,-0.0352
1.20E-04,0,-0.0376
1.20E-04,0,-0.0376
1.20E-04,0,-0.04
1.20E-04,0,-0.044
1.20E-04,0,-0.0432
1.20E-04,0,-0.048
1.20E-04,0.04,-0.048
1.20E-04,0,-0.052
1.20E-04,0,-0.0528
1.20E-04,0,-0.056
1.21E-04,0,-0.056
1.21E-04,0,-0.0592
1.21E-04,0,-0.0584
1.21E-04,0,-0.0608
1.21E-04,0,-0.0608
1.21E-04,0,-0.0624
1.21E-04,0,-0.0608
1.21E-04,0,-0.0608
1.21E-04,0,-0.06
1.21E-04,0,-0.0592
1.21E-04,0,-0.0584
1.21E-04,0,-0.0568
1.21E-04,0,-0.056
1.21E-04,0,-0.0528
1.21E-04,0,-0.0464
1.21E-04,0,-0.0472
1.21E-04,0,-0.0432
1.21E-04,0,-0.0416
1.21E-04,0,-0.0392
1.21E-04,0,-0.0352
1.22E-04,0,-0.0368
1.22E-04,0,-0.0248
1.22E-04,0,-0.0248
1.22E-04,0,-0.0232
1.22E-04,0,-0.0216
1.22E-04,0,-0.012
1.22E-04,0,-0.0104
1.22E-04,0,-0.004
1.22E-04,0,0
1.22E-04,0,0.0016
1.22E-04,0,0.0064
1.22E-04,0,0.0112
1.22E-04,0.04,0.02
1.22E-04,0,0.0176
1.22E-04,0,0.0232
1.22E-04,0,0.0264
1.22E-04,0,0.0328
1.22E-04,0,0.0264
1.22E-04,0,0.0352
1.22E-04,0,0.036
1.23E-04,0,0.0336
1.23E-04,0,0.0352
1.23E-04,0,0.0368
1.23E-04,0,0.0328
1.23E-04,0,0.0368
1.23E-04,0,0.0336
1.23E-04,0.04,0.0336
1.23E-04,0,0.0328
1.23E-04,0,0.0368
1.23E-04,0,0.0336
1.23E-04,0,0.036
1.23E-04,0,0.0352
1.23E-04,0,0.0392
1.23E-04,0,0.0376
1.23E-04,0,0.0416
1.23E-04,0,0.04
1.23E-04,0.04,0.0464
1.23E-04,0,0.0416
1.23E-04,0,0.0456
1.23E-04,0,0.0448
1.24E-04,0,0.0448
1.24E-04,0,0.0448
1.24E-04,0,0.0424
1.24E-04,0,0.0376
1.24E-04,0,0.036
1.24E-04,0,0.032
1.24E-04,0,0.0288
1.24E-04,0,0.0256
1.24E-04,0,0.0232
1.24E-04,0,0.0176
1.24E-04,0,0.0128
1.24E-04,0,0.0128
1.24E-04,0,0.0088
1.24E-04,0,0.012
1.24E-04,0,0.0016
1.24E-04,0,0.0064
1.24E-04,0,0.0064
1.24E-04,0,0.0064
1.24E-04,0,0.0064
1.24E-04,0,0.0104
1.25E-04,0,0.0096
1.25E-04,0,0.008
1.25E-04,0,0.0152
1.25E-04,0,0.0104
1.25E-04,0,0.016
1.25E-04,0,0.0136
1.25E-04,0,0.016
1.25E-04,0,0.0168
1.25E-04,0,0.0168
1.25E-04,0,0.0112
1.25E-04,0,0.0144
1.25E-04,0,0.0144
1.25E-04,0,0.0104
1.25E-04,0,0.004
1.25E-04,0,0.012
1.25E-04,0,0.0064
1.25E-04,0,0.0192
1.25E-04,0,-0.0056
1.25E-04,0,0.0128
1.25E-04,0,0.0048
1.26E-04,0,0.0096
1.26E-04,0,0.004
1.26E-04,0,0.008
1.26E-04,0,0.008
1.26E-04,0,0.0144
1.26E-04,0,0.004
1.26E-04,0,0.0136
1.26E-04,0,0.0064
1.26E-04,0,0.0096
1.26E-04,0,0.0072
1.26E-04,0,0.0032
1.26E-04,0,0.0032
1.26E-04,0,-0.0032
1.26E-04,0,0.0024
1.26E-04,0,-0.0104
1.26E-04,0,-0.0048
1.26E-04,0,-0.0128
1.26E-04,0,-0.0128
1.26E-04,0,-0.0176
1.26E-04,0,-0.0152
1.27E-04,0,-0.0192
1.27E-04,0,-0.028
1.27E-04,0,-0.0192
1.27E-04,0,-0.0248
1.27E-04,0,-0.0224
1.27E-04,0,-0.024
1.27E-04,0,-0.028
1.27E-04,0.04,-0.0288
1.27E-04,0,-0.0296
1.27E-04,0,-0.028
1.27E-04,0,-0.0296
1.27E-04,0,-0.032
1.27E-04,0,-0.036
1.27E-04,0,-0.0352
1.27E-04,0,-0.0432
1.27E-04,0.04,-0.0376
1.27E-04,0,-0.0408
1.27E-04,0,-0.0448
1.27E-04,0,-0.0448
1.27E-04,0,-0.0456
1.28E-04,0,-0.0464
1.28E-04,0,-0.048
1.28E-04,0,-0.048
1.28E-04,0,-0.0496
1.28E-04,0,-0.0464
1.28E-04,0,-0.0472
1.28E-04,0,-0.0416
1.28E-04,0,-0.044
1.28E-04,0,-0.04
1.28E-04,0,-0.0384
1.28E-04,0,-0.0352
1.28E-04,0,-0.0312
1.28E-04,0,-0.0256
1.28E-04,0,-0.0288
1.28E-04,0,-0.02
1.28E-04,0,-0.0216
1.28E-04,0,-0.0168
1.28E-04,0,-0.0152
1.28E-04,0,-0.0144
1.28E-04,0,-0.0072
1.29E-04,0,-0.008
1.29E-04,0,-0.0016
1.29E-04,0,-0.0024
1.29E-04,0,0.0032
1.29E-04,0,0.0016
1.29E-04,0,0.008
1.29E-04,0,0.0048
1.29E-04,0,0.0144
1.29E-04,0,0.0128
1.29E-04,0.04,0.016
1.29E-04,0,0.0176
1.29E-04,0,0.0168
1.29E-04,0,0.0176
1.29E-04,0,0.0264
1.29E-04,0,0.0232
1.29E-04,0,0.0168
1.29E-04,0,0.0256
1.29E-04,0,0.0168
1.29E-04,0,0.0216
1.29E-04,0,0.0192
1.30E-04,0,0.0152
1.30E-04,0,0.0104
1.30E-04,0,0.0192
1.30E-04,0,0.0056
1.30E-04,0,0.0048
1.30E-04,0,0.0152
1.30E-04,0,0
1.30E-04,0,0.0048
1.30E-04,0,0.0064
1.30E-04,0,0
1.30E-04,0,-0.0024
1.30E-04,0,0
1.30E-04,0,-0.0016
1.30E-04,0,-0.0032
1.30E-04,0,0.0016
1.30E-04,0,-0.0048
1.30E-04,0,0
1.30E-04,0,-0.0048
1.30E-04,0,-0.0048
1.30E-04,0,-0.0024
1.31E-04,0,-0.0032
1.31E-04,0,-0.0064
1.31E-04,0,-0.0056
1.31E-04,0,-0.0056
1.31E-04,0,-0.0088
1.31E-04,0,-0.0064
1.31E-04,0,-0.0088
1.31E-04,0,-0.012
1.31E-04,0,-0.0088
1.31E-04,0,-0.0088
1.31E-04,0,-0.0128
1.31E-04,0,-0.0144
1.31E-04,0,-0.008
1.31E-04,0,-0.0112
1.31E-04,0,-0.0088
1.31E-04,0,-0.004
1.31E-04,0,-0.0056
1.31E-04,0,-0.0024
1.31E-04,0,-0.0024
1.31E-04,0,-0.0016
1.32E-04,0,0
1.32E-04,0,0.0048
1.32E-04,0,0
1.32E-04,0,0.0064
1.32E-04,0,0.0048
1.32E-04,0,0.0096
1.32E-04,0,0.0088
1.32E-04,0,0.0096
1.32E-04,0,0.0112
1.32E-04,0,0.0112
1.32E-04,0,0.0128
1.32E-04,0,0.016
1.32E-04,0,0.0168
1.32E-04,0,0.0192
1.32E-04,0,0.0192
1.32E-04,0,0.024
1.32E-04,0,0.024
1.32E-04,0.04,0.0288
1.32E-04,0,0.0288
1.32E-04,0,0.032
1.33E-04,0,0.032
1.33E-04,0,0.036
1.33E-04,0,0.0392
1.33E-04,0,0.0336
1.33E-04,0,0.0432
1.33E-04,0,0.0408
1.33E-04,0,0.0488
1.33E-04,0,0.0392
1.33E-04,0,0.0464
1.33E-04,0,0.0408
1.33E-04,0,0.0456
1.33E-04,0,0.0424
1.33E-04,0,0.044
1.33E-04,0,0.0456
1.33E-04,0,0.0424
1.33E-04,0.04,0.0464
1.33E-04,0,0.0448
1.33E-04,0,0.0464
1.33E-04,0,0.04
1.33E-04,0,0.0488
1.34E-04,0,0.0424
1.34E-04,0,0.0448
1.34E-04,0,0.0448
1.34E-04,0,0.0456
1.34E-04,0,0.0448
1.34E-04,0,0.0432
1.34E-04,0,0.0416
1.34E-04,0,0.04
1.34E-04,0,0.04
1.34E-04,0,0.04
1.34E-04,0,0.0352
1.34E-04,0,0.032
1.34E-04,0.04,0.0224
1.34E-04,0,0.04
1.34E-04,0,0.0152
1.34E-04,0,0.02
1.34E-04,0,0.0136
1.34E-04,0,0.0128
1.34E-04,0,0.0032
1.34E-04,0,0.0104
1.35E-04,0,-0.0024
1.35E-04,0,-0.0032
1.35E-04,0,-0.0104
1.35E-04,0,-0.0112
1.35E-04,0,-0.0216
1.35E-04,0,-0.0232
1.35E-04,0,-0.0304
1.35E-04,0,-0.036
1.35E-04,0,-0.04
1.35E-04,0,-0.0464
1.35E-04,0,-0.0512
1.35E-04,0,-0.0592
1.35E-04,0,-0.0624
1.35E-04,0,-0.0704
1.35E-04,0,-0.0752
1.35E-04,0,-0.0784
1.35E-04,0,-0.0832
1.35E-04,0,-0.0904
1.35E-04,0,-0.092
1.35E-04,0,-0.0976
1.36E-04,0,-0.1
1.36E-04,0,-0.1016
1.36E-04,0,-0.1016
1.36E-04,0,-0.1016
1.36E-04,0,-0.1016
1.36E-04,0,-0.1016
1.36E-04,0,-0.1016
1.36E-04,0,-0.1016
1.36E-04,0,-0.1016
1.36E-04,0,-0.1016
1.36E-04,0,-0.1016
1.36E-04,0,-0.1008
1.36E-04,0,-0.0976
1.36E-04,0,-0.096
1.36E-04,0,-0.0912
1.36E-04,0,-0.0912
1.36E-04,0,-0.0808
1.36E-04,0,-0.0816
1.36E-04,0,-0.0728
1.36E-04,0,-0.0736
1.37E-04,0,-0.0608
1.37E-04,0,-0.0608
1.37E-04,0,-0.048
1.37E-04,0,-0.0464
1.37E-04,0,-0.0368
1.37E-04,0,-0.032
1.37E-04,0,-0.024
1.37E-04,0,-0.016
1.37E-04,0,-0.0096
1.37E-04,0,-0.0024
1.37E-04,0,0.004
1.37E-04,0.04,0.0128
1.37E-04,0,0.0192
1.37E-04,0,0.0208
1.37E-04,0,0.0304
1.37E-04,0,0.0336
1.37E-04,0,0.0464
1.37E-04,0,0.0384
1.37E-04,0,0.0504
1.37E-04,0,0.048
1.38E-04,0,0.052
1.38E-04,0,0.0504
1.38E-04,0,0.0576
1.38E-04,0,0.0552
1.38E-04,0,0.0616
1.38E-04,0,0.0552
1.38E-04,0,0.0576
1.38E-04,0,0.0592
1.38E-04,0,0.0552
1.38E-04,0,0.0584
1.38E-04,0,0.0544
1.38E-04,0,0.0544
1.38E-04,0,0.0512
1.38E-04,0,0.0528
1.38E-04,0,0.0488
1.38E-04,0,0.0456
1.38E-04,0,0.0456
1.38E-04,0,0.0376
1.38E-04,0,0.04
1.38E-04,0,0.0352
1.39E-04,0,0.0304
1.39E-04,0,0.0256
1.39E-04,0,0.0264
1.39E-04,0,0.0208
1.39E-04,0,0.024
1.39E-04,0,0.0168
1.39E-04,0,0.0144
1.39E-04,0,0.016
1.39E-04,0,0.0072
1.39E-04,0,0.0096
1.39E-04,0,0.0128
1.39E-04,0.04,0.0096
1.39E-04,0,0.0096
1.39E-04,0,0.008
1.39E-04,0,0.0104
1.39E-04,0,0.0128
1.39E-04,0,0.0136
1.39E-04,0,0.016
1.39E-04,0,0.0192
1.39E-04,0,0.0208
1.40E-04,0,0.0216
1.40E-04,0,0.0272
1.40E-04,0.04,0.0312
1.40E-04,0,0.0336
1.40E-04,0,0.0392
1.40E-04,0.04,0.0408
1.40E-04,0,0.0456
1.40E-04,0,0.0496
1.40E-04,0,0.0528
1.40E-04,0,0.0584
1.40E-04,0,0.0592
1.40E-04,0,0.0656
1.40E-04,0,0.0704
1.40E-04,0,0.0712
1.40E-04,0,0.0784
1.40E-04,0,0.0776
1.40E-04,0,0.0824
1.40E-04,0,0.0832
1.40E-04,0,0.0872
1.40E-04,0,0.0896
1.41E-04,0,0.0904
1.41E-04,0,0.0944
1.41E-04,0,0.0912
1.41E-04,0,0.0944
1.41E-04,0,0.0936
1.41E-04,0,0.0912
1.41E-04,0,0.0896
1.41E-04,0,0.0872
1.41E-04,0,0.088
1.41E-04,0,0.0768
1.41E-04,0,0.0776
1.41E-04,0,0.0672
1.41E-04,0,0.064
1.41E-04,0,0.056
1.41E-04,0,0.0496
1.41E-04,0,0.0384
1.41E-04,0,0.032
1.41E-04,0,0.0208
1.41E-04,0,0.0128
1.41E-04,0,0.0024
1.42E-04,0,-0.008
1.42E-04,0,-0.0192
1.42E-04,0,-0.028
1.42E-04,0,-0.0416
1.42E-04,0,-0.0472
1.42E-04,0,-0.0592
1.42E-04,0,-0.0696
1.42E-04,0,-0.0784
1.42E-04,0,-0.088
1.42E-04,0,-0.1016
1.42E-04,0,-0.1016
1.42E-04,0,-0.1016
1.42E-04,0,-0.1016
1.42E-04,0,-0.1016
1.42E-04,0,-0.1016
1.42E-04,0,-0.1016
1.42E-04,0,-0.1016
1.42E-04,0,-0.1016
1.42E-04,0,-0.1016
1.42E-04,0,-0.1016
1.43E-04,0,-0.1016
1.43E-04,0,-0.1016
1.43E-04,0.04,-0.1016
1.43E-04,0,-0.1016
1.43E-04,0,-0.1016
1.43E-04,0,-0.1016
1.43E-04,0,-0.1016
1.43E-04,0,-0.1016
1.43E-04,0,-0.1016
1.43E-04,0,-0.1016
1.43E-04,0,-0.1016
1.43E-04,0,-0.1016
1.43E-04,0,-0.1016
1.43E-04,0,-0.1016
1.43E-04,0,-0.1016
1.43E-04,0,-0.1016
1.43E-04,0,-0.1016
1.43E-04,0,-0.1008
1.43E-04,0,-0.0848
1.43E-04,0,-0.0824
1.44E-04,0,-0.0656
1.44E-04,0,-0.048
1.44E-04,0,-0.0416
1.44E-04,0,-0.032
1.44E-04,0.04,-0.012
1.44E-04,0,-0.0096
1.44E-04,0,0.008
1.44E-04,0.04,0.0192
1.44E-04,0,0.032
1.44E-04,0,0.0408
1.44E-04,0,0.0576
1.44E-04,0,0.064
1.44E-04,0,0.072
1.44E-04,0,0.0912
1.44E-04,0,0.0904
1.44E-04,0,0.1008
1.44E-04,0,0.1016
1.44E-04,0,0.1016
1.44E-04,0,0.1016
1.44E-04,0,0.1016
1.45E-04,0,0.1016
1.45E-04,0,0.1016
1.45E-04,0,0.1016
1.45E-04,0,0.1016
1.45E-04,0.04,0.1016
1.45E-04,0,0.1016
1.45E-04,0,0.1016
1.45E-04,0,0.1016
1.45E-04,0,0.1016
1.45E-04,0,0.1016
1.45E-04,0,0.1016
1.45E-04,0,0.1016
1.45E-04,0,0.1
1.45E-04,0,0.0928
1.45E-04,0,0.0832
1.45E-04,0,0.0816
1.45E-04,0,0.068
1.45E-04,0,0.064
1.45E-04,0,0.0528
1.45E-04,0,0.0448
1.46E-04,0,0.036
1.46E-04,0,0.0256
1.46E-04,0,0.0224
1.46E-04,0,0.008
1.46E-04,0,0.004
1.46E-04,0,-0.0088
1.46E-04,0,-0.012
1.46E-04,0,-0.0216
1.46E-04,0,-0.0224
1.46E-04,0,-0.0344
1.46E-04,0,-0.0368
1.46E-04,0,-0.0408
1.46E-04,0,-0.0448
1.46E-04,0,-0.0448
1.46E-04,0,-0.0504
1.46E-04,0,-0.048
1.46E-04,0,-0.0496
1.46E-04,0,-0.0504
1.46E-04,0,-0.0448
1.46E-04,0,-0.0448
1.47E-04,0,-0.04
1.47E-04,0,-0.04
1.47E-04,0,-0.0312
1.47E-04,0,-0.028
1.47E-04,0,-0.0224
1.47E-04,0,-0.0168
1.47E-04,0,-0.0096
1.47E-04,0,-0.0016
1.47E-04,0,0.0096
1.47E-04,0,0.012
1.47E-04,0,0.0256
1.47E-04,0,0.0288
1.47E-04,0,0.0416
1.47E-04,0,0.048
1.47E-04,0,0.056
1.47E-04,0,0.064
1.47E-04,0,0.0728
1.47E-04,0,0.08
1.47E-04,0,0.0864
1.47E-04,0,0.096
1.48E-04,0,0.0992
1.48E-04,0,0.1016
1.48E-04,0,0.1016
1.48E-04,0,0.1016
1.48E-04,0,0.1016
1.48E-04,0,0.1016
1.48E-04,0,0.1016
1.48E-04,0,0.1016
1.48E-04,0,0.1016
1.48E-04,0,0.1016
1.48E-04,0,0.1016
1.48E-04,0,0.1016
1.48E-04,0,0.1016
1.48E-04,0,0.0976
1.48E-04,0,0.0872
1.48E-04,0,0.0808
1.48E-04,0,0.072
1.48E-04,0,0.0608
1.48E-04,0,0.0512
1.48E-04,0,0.0368
1.49E-04,0,0.0264
1.49E-04,0,0.0112
1.49E-04,0,-0.0032
1.49E-04,0,-0.0144
1.49E-04,0,-0.032
1.49E-04,0,-0.044
1.49E-04,0,-0.0624
1.49E-04,0,-0.0736
1.49E-04,0,-0.0896
1.49E-04,0,-0.1016
1.49E-04,0,-0.1016
1.49E-04,0,-0.1016
1.49E-04,0,-0.1016
1.49E-04,0,-0.1016
1.49E-04,0,-0.1016
1.49E-04,0,-0.1016
1.49E-04,0,-0.1016
1.49E-04,0,-0.1016
1.49E-04,0,-0.1016
1.49E-04,0,-0.1016
1.50E-04,0,-0.1016
1.50E-04,0,-0.1016
1.50E-04,0,-0.1016
1.50E-04,0,-0.1016
1.50E-04,0,-0.1016
1.50E-04,0,-0.1016
1.50E-04,0,-0.1016
1.50E-04,0,-0.1016
1.50E-04,0,-0.1016
1.50E-04,0,-0.1016
1.50E-04,0,-0.1016
1.50E-04,0,-0.1016
1.50E-04,0,-0.1016
1.50E-04,0,-0.1016
1.50E-04,0,-0.1016
1.50E-04,0,-0.1016
1.50E-04,0,-0.1016
1.50E-04,0,-0.1016
1.50E-04,0,-0.0864
1.50E-04,0,-0.0728
1.51E-04,0,-0.0544
1.51E-04,0,-0.0384
1.51E-04,0,-0.024
1.51E-04,0,-0.0032
1.51E-04,0,0.0128
0.0001507,0,0.0288
0.00015075,0,0.0464
0.0001508,0,0.0632
0.00015085,0,0.08
0.0001509,0,0.0936
0.00015095,0,0.1016
0.000151,0,0.1016
0.00015105,0,0.1016
0.0001511,0,0.1016
0.00015115,0,0.1016
0.0001512,0.04,0.1016
0.00015125,0,0.1016
0.0001513,0,0.1016
0.00015135,0,0.1016
0.0001514,0,0.1016
0.00015145,0,0.1016
0.0001515,0,0.1016
0.00015155,0,0.1016
0.0001516,0,0.1016
0.00015165,0,0.1016
0.0001517,0,0.1016
0.00015175,0,0.1016
0.0001518,0,0.1016
0.00015185,0,0.1016
0.0001519,0,0.1016
0.00015195,0,0.1016
0.000152,0,0.1016
0.00015205,0,0.1016
0.0001521,0,0.1016
0.00015215,0,0.1016
0.0001522,0,0.1016
0.00015225,0,0.0912
0.0001523,0,0.0752
0.00015235,0,0.0592
0.0001524,0,0.0424
0.00015245,0,0.0256
0.0001525,0,0.0072
0.00015255,0,-0.008
0.0001526,0,-0.0272
0.00015265,0,-0.04
0.0001527,0,-0.06
0.00015275,0,-0.0712
0.0001528,0,-0.0912
0.00015285,0,-0.0992
0.0001529,0,-0.1016
0.00015295,0,-0.1016
0.000153,0,-0.1016
0.00015305,0,-0.1016
0.0001531,0.04,-0.1016
0.00015315,0.04,-0.1016
0.0001532,0,-0.1016
0.00015325,0,-0.1016
0.0001533,0,-0.1016
0.00015335,0,-0.1016
0.0001534,0,-0.1016
0.00015345,0,-0.1016
0.0001535,0,-0.1016
0.00015355,0,-0.1016
0.0001536,0,-0.1016
0.00015365,0,-0.1016
0.0001537,0,-0.1016
0.00015375,0,-0.1016
0.0001538,0,-0.1016
0.00015385,0,-0.0944
0.0001539,0,-0.0816
0.00015395,0,-0.0664
0.000154,0,-0.0536
0.00015405,0,-0.0304
0.0001541,0,-0.0256
0.00015415,0,-0.0024
0.0001542,0,0.0104
0.00015425,0,0.0296
0.0001543,0,0.0416
0.00015435,0,0.0584
0.0001544,0,0.0776
0.00015445,0,0.0904
0.0001545,0,0.1008
0.00015455,0,0.1016
0.0001546,0,0.1016
0.00015465,0,0.1016
0.0001547,0,0.1016
0.00015475,0,0.1016
0.0001548,0,0.1016
0.00015485,0,0.1016
0.0001549,0,0.1016
0.00015495,0,0.1016
0.000155,0,0.1016
0.00015505,0,0.1016
0.0001551,0,0.1016
0.00015515,0,0.1016
0.0001552,0,0.1016
0.00015525,0,0.1016
0.0001553,0,0.1016
0.00015535,0,0.1016
0.0001554,0,0.1016
0.00015545,0,0.1016
0.0001555,0,0.1016
0.00015555,0,0.1008
0.0001556,0,0.084
0.00015565,0,0.0704
0.0001557,0,0.0528
0.00015575,0,0.036
0.0001558,0,0.0144
0.00015585,0,-0.0024
0.0001559,0,-0.0256
0.00015595,0,-0.0432
0.000156,0,-0.0608
0.00015605,0,-0.0816
0.0001561,0.04,-0.0992
0.00015615,0,-0.1016
0.0001562,0.04,-0.1016
0.00015625,0,-0.1016
0.0001563,0,-0.1016
0.00015635,0,-0.1016
0.0001564,0,-0.1016
0.00015645,0,-0.1016
0.0001565,0,-0.1016
0.00015655,0,-0.1016
0.0001566,0,-0.1016
0.00015665,0,-0.1016
0.0001567,0,-0.1016
0.00015675,0,-0.1016
0.0001568,0,-0.1016
0.00015685,0,-0.1016
0.0001569,0,-0.1016
0.00015695,0,-0.1016
0.000157,0,-0.1016
0.00015705,0,-0.1016
0.0001571,0,-0.1016
0.00015715,0,-0.1016
0.0001572,0,-0.1016
0.00015725,0,-0.1016
0.0001573,0,-0.1016
0.00015735,0,-0.1016
0.0001574,0,-0.1016
0.00015745,0,-0.0976
0.0001575,0,-0.0792
0.00015755,0,-0.0536
0.0001576,0,-0.0304
0.00015765,0,-0.008
0.0001577,0,0.016
0.00015775,0,0.0408
0.0001578,0,0.0632
0.00015785,0,0.0808
0.0001579,0.04,0.1016
0.00015795,0,0.1016
0.000158,0,0.1016
0.00015805,0,0.1016
0.0001581,0,0.1016
0.00015815,0,0.1016
0.0001582,0,0.1016
0.00015825,0,0.1016
0.0001583,0,0.1016
0.00015835,0,0.1016
0.0001584,0,0.1016
0.00015845,0,0.1016
0.0001585,0,0.1016
0.00015855,0,0.1016
0.0001586,0,0.1016
0.00015865,0.04,0.1016
0.0001587,0,0.1016
0.00015875,0,0.1016
0.0001588,0,0.1016
0.00015885,0,0.1016
0.0001589,0,0.1016
0.00015895,0,0.1016
0.000159,0,0.1016
0.00015905,0,0.1016
0.0001591,0,0.1016
0.00015915,0,0.1016
0.0001592,0,0.1016
0.00015925,0,0.1016
0.0001593,0,0.0712
0.00015935,0,0.0544
0.0001594,0,0.0256
0.00015945,0,0.004
0.0001595,0,-0.02
0.00015955,0,-0.048
0.0001596,0,-0.0728
0.00015965,0.04,-0.0968
0.0001597,0,-0.1016
0.00015975,0,-0.1016
0.0001598,0.04,-0.1016
0.00015985,0,-0.1016
0.0001599,0,-0.1016
0.00015995,0,-0.1016
0.00016,0,-0.1016
0.00016005,0.04,-0.1016
0.0001601,0,-0.1016
0.00016015,0,-0.1016
0.0001602,0,-0.1016
0.00016025,0,-0.1016
0.0001603,0,-0.1016
0.00016035,0,-0.1016
0.0001604,0,-0.1016
0.00016045,0,-0.1016
0.0001605,0,-0.1016
0.00016055,0,-0.1016
0.0001606,0,-0.1016
0.00016065,0,-0.1016
0.0001607,0,-0.1016
0.00016075,0,-0.1016
0.0001608,0,-0.1016
0.00016085,0,-0.1016
0.0001609,0,-0.1016
0.00016095,0,-0.1016
0.000161,0,-0.096
0.00016105,0,-0.0768
0.0001611,0,-0.0496
0.00016115,0,-0.028
0.0001612,0,-0.0032
0.00016125,0,0.0232
0.0001613,0,0.0456
0.00016135,0,0.0712
0.0001614,0,0.0912
0.00016145,0,0.1016
0.0001615,0,0.1016
0.00016155,0,0.1016
0.0001616,0,0.1016
0.00016165,0,0.1016
0.0001617,0,0.1016
0.00016175,0,0.1016
0.0001618,0,0.1016
0.00016185,0,0.1016
0.0001619,0,0.1016
0.00016195,0,0.1016
0.000162,0,0.1016
0.00016205,0,0.1016
0.0001621,0,0.1016
0.00016215,0,0.1016
0.0001622,0,0.1016
0.00016225,0,0.1016
0.0001623,0,0.1016
0.00016235,0,0.1016
0.0001624,0,0.1016
0.00016245,0,0.1016
0.0001625,0,0.1016
0.00016255,0.04,0.1016
0.0001626,0,0.1016
0.00016265,0,0.1016
0.0001627,0,0.1016
0.00016275,0,0.0912
0.0001628,0,0.0672
0.00016285,0,0.0496
0.0001629,0,0.0296
0.00016295,0,0.0064
0.000163,0,-0.0256
0.00016305,0,-0.0472
0.0001631,0,-0.0736
0.00016315,0,-0.092
0.0001632,0,-0.1016
0.00016325,0,-0.1016
0.0001633,0,-0.1016
0.00016335,0,-0.1016
0.0001634,0,-0.1016
0.00016345,0,-0.1016
0.0001635,0,-0.1016
0.00016355,0,-0.1016
0.0001636,0,-0.1016
0.00016365,0,-0.1016
0.0001637,0,-0.1016
0.00016375,0,-0.1016
0.0001638,0,-0.1016
0.00016385,0,-0.1016
0.0001639,0,-0.1016
0.00016395,0,-0.1016
0.000164,0,-0.1016
0.00016405,0,-0.1016
0.0001641,0,-0.1016
0.00016415,0,-0.1016
0.0001642,0,-0.1016
0.00016425,0,-0.1016
0.0001643,0,-0.1016
0.00016435,0,-0.1016
0.0001644,0,-0.1016
0.00016445,0,-0.1016
0.0001645,0,-0.0968
0.00016455,0,-0.0792
0.0001646,0,-0.0576
0.00016465,0,-0.0296
0.0001647,0,-0.012
0.00016475,0,0.016
0.0001648,0,0.0368
0.00016485,0,0.0608
0.0001649,0,0.08
0.00016495,0,0.1016
0.000165,0,0.1016
0.00016505,0,0.1016
0.0001651,0,0.1016
0.00016515,0,0.1016
0.0001652,0,0.1016
0.00016525,0,0.1016
0.0001653,0,0.1016
0.00016535,0,0.1016
0.0001654,0,0.1016
0.00016545,0.04,0.1016
0.0001655,0,0.1016
0.00016555,0,0.1016
0.0001656,0,0.1016
0.00016565,0,0.1016
0.0001657,0,0.1016
0.00016575,0,0.1016
0.0001658,0.04,0.1016
0.00016585,0,0.1016
0.0001659,0,0.1016
0.00016595,0,0.1016
0.000166,0,0.1016
0.00016605,0,0.1016
0.0001661,0,0.1016
0.00016615,0,0.1016
0.0001662,0,0.1016
0.00016625,0,0.0824
0.0001663,0,0.0672
0.00016635,0,0.0384
0.0001664,0,0.02
0.00016645,0,-0.0064
0.0001665,0,-0.032
0.00016655,0,-0.0568
0.0001666,0,-0.0784
0.00016665,0,-0.1016
0.0001667,0,-0.1016
0.00016675,0,-0.1016
0.0001668,0,-0.1016
0.00016685,0,-0.1016
0.0001669,0,-0.1016
0.00016695,0,-0.1016
0.000167,0,-0.1016
0.00016705,0,-0.1016
0.0001671,0.04,-0.1016
0.00016715,0,-0.1016
0.0001672,0,-0.1016
0.00016725,0,-0.1016
0.0001673,0,-0.1016
0.00016735,0,-0.1016
0.0001674,0,-0.1016
0.00016745,0,-0.1016
0.0001675,0,-0.1016
0.00016755,0,-0.1016
0.0001676,0,-0.1016
0.00016765,0,-0.1016
0.0001677,0,-0.1016
0.00016775,0,-0.1016
0.0001678,0,-0.1016
0.00016785,0,-0.1016
0.0001679,0,-0.1016
0.00016795,0,-0.1016
0.000168,0,-0.0856
0.00016805,0,-0.0656
0.0001681,0,-0.0352
0.00016815,0,-0.012
0.0001682,0,0.0192
0.00016825,0,0.044
0.0001683,0,0.0712
0.00016835,0,0.0976
0.0001684,0,0.1016
0.00016845,0,0.1016
0.0001685,0,0.1016
0.00016855,0,0.1016
0.0001686,0,0.1016
0.00016865,0,0.1016
0.0001687,0,0.1016
0.00016875,0,0.1016
0.0001688,0,0.1016
0.00016885,0,0.1016
0.0001689,0,0.1016
0.00016895,0,0.1016
0.000169,0,0.1016
0.00016905,0,0.1016
0.0001691,0,0.1016
0.00016915,0,0.1016
0.0001692,0,0.1016
0.00016925,0,0.1016
0.0001693,0,0.1016
0.00016935,0,0.1016
0.0001694,0,0.1016
0.00016945,0,0.1016
0.0001695,0,0.1016
0.00016955,0,0.1016
0.0001696,0,0.1016
0.00016965,0,0.1016
0.0001697,0,0.1016
0.00016975,0,0.1016
0.0001698,0,0.1016
0.00016985,0,0.0808
0.0001699,0,0.056
0.00016995,0,0.0256
0.00017,0,0
0.00017005,0,-0.028
0.0001701,0,-0.056
0.00017015,0,-0.08
0.0001702,0,-0.1016
0.00017025,0,-0.1016
0.0001703,0,-0.1016
0.00017035,0,-0.1016
0.0001704,0,-0.1016
0.00017045,0,-0.1016
0.0001705,0,-0.1016
0.00017055,0,-0.1016
0.0001706,0,-0.1016
0.00017065,0,-0.1016
0.0001707,0,-0.1016
0.00017075,0,-0.1016
0.0001708,0,-0.1016
0.00017085,0,-0.1016
0.0001709,0,-0.1016
0.00017095,0,-0.1016
0.000171,0,-0.1016
0.00017105,0,-0.1016
0.0001711,0,-0.1016
0.00017115,0,-0.1016
0.0001712,0,-0.1016
0.00017125,0,-0.1016
0.0001713,0,-0.1016
0.00017135,0,-0.1016
0.0001714,0,-0.1016
0.00017145,0,-0.1016
0.0001715,0,-0.1016
0.00017155,0,-0.1016
0.0001716,0,-0.1016
0.00017165,0,-0.1016
0.0001717,0,-0.08
0.00017175,0,-0.0568
0.0001718,0,-0.0344
0.00017185,0,-0.0032
0.0001719,0,0.02
0.00017195,0,0.0432
0.000172,0,0.0704
0.00017205,0,0.092
0.0001721,0,0.1016
0.00017215,0,0.1016
0.0001722,0,0.1016
0.00017225,0,0.1016
0.0001723,0,0.1016
0.00017235,0,0.1016
0.0001724,0,0.1016
0.00017245,0,0.1016
0.0001725,0.04,0.1016
0.00017255,0.04,0.1016
0.0001726,0,0.1016
0.00017265,0,0.1016
0.0001727,0,0.1016
0.00017275,0,0.1016
0.0001728,0,0.1016
0.00017285,0,0.1016
0.0001729,0,0.1016
0.00017295,0,0.1016
0.000173,0,0.1016
0.00017305,0,0.1016
0.0001731,0,0.1016
0.00017315,0,0.1016
0.0001732,0,0.1016
0.00017325,0,0.1016
0.0001733,0,0.0976
0.00017335,0,0.0776
0.0001734,0,0.056
0.00017345,0,0.0368
0.0001735,0,0.0136
0.00017355,0,-0.0064
0.0001736,0,-0.0288
0.00017365,0,-0.0472
0.0001737,0,-0.0704
0.00017375,0,-0.0856
0.0001738,0,-0.1016
0.00017385,0,-0.1016
0.0001739,0,-0.1016
0.00017395,0,-0.1016
0.000174,0,-0.1016
0.00017405,0,-0.1016
0.0001741,0,-0.1016
0.00017415,0,-0.1016
0.0001742,0,-0.1016
0.00017425,0,-0.1016
0.0001743,0,-0.1016
0.00017435,0,-0.1016
0.0001744,0,-0.1016
0.00017445,0,-0.1016
0.0001745,0,-0.1016
0.00017455,0,-0.1016
0.0001746,0,-0.1016
0.00017465,0,-0.1016
0.0001747,0,-0.1016
0.00017475,0,-0.1016
0.0001748,0,-0.1016
0.00017485,0,-0.1016
0.0001749,0,-0.1016
0.00017495,0,-0.0816
0.000175,0,-0.0608
0.00017505,0,-0.04
0.0001751,0,-0.0216
0.00017515,0,0
0.0001752,0,0.0232
0.00017525,0,0.0424
0.0001753,0,0.0648
0.00017535,0,0.0848
0.0001754,0,0.1016
0.00017545,0,0.1016
0.0001755,0,0.1016
0.00017555,0,0.1016
0.0001756,0,0.1016
0.00017565,0,0.1016
0.0001757,0.04,0.1016
0.00017575,0,0.1016
0.0001758,0,0.1016
0.00017585,0,0.1016
0.0001759,0,0.1016
0.00017595,0,0.1016
0.000176,0,0.1016
0.00017605,0,0.1016
0.0001761,0,0.1016
0.00017615,0,0.1016
0.0001762,0,0.1016
0.00017625,0,0.1016
0.0001763,0,0.1016
0.00017635,0,0.1016
0.0001764,0,0.1016
0.00017645,0,0.1016
0.0001765,0,0.1016
0.00017655,0,0.1016
0.0001766,0,0.1016
0.00017665,0,0.1016
0.0001767,0,0.1016
0.00017675,0,0.0928
0.0001768,0,0.0688
0.00017685,0,0.048
0.0001769,0,0.0232
0.00017695,0,0
0.000177,0,-0.0224
0.00017705,0,-0.0448
0.0001771,0,-0.0688
0.00017715,0,-0.0904
0.0001772,0.04,-0.1016
0.00017725,0,-0.1016
0.0001773,0,-0.1016
0.00017735,0,-0.1016
0.0001774,0,-0.1016
0.00017745,0,-0.1016
0.0001775,0,-0.1016
0.00017755,0,-0.1016
0.0001776,0,-0.1016
0.00017765,0,-0.1016
0.0001777,0,-0.1016
0.00017775,0,-0.1016
0.0001778,0,-0.1016
0.00017785,0,-0.1016
0.0001779,0,-0.1016
0.00017795,0,-0.1016
0.000178,0,-0.1016
0.00017805,0,-0.1016
0.0001781,0,-0.1016
0.00017815,0,-0.1016
0.0001782,0,-0.1016
0.00017825,0,-0.1016
0.0001783,0,-0.1016
0.00017835,0,-0.1016
0.0001784,0,-0.1016
0.00017845,0,-0.1016
0.0001785,0,-0.1016
0.00017855,0,-0.1016
0.0001786,0,-0.1016
0.00017865,0,-0.0904
0.0001787,0,-0.072
0.00017875,0,-0.0496
0.0001788,0,-0.0288
0.00017885,0,-0.0088
0.0001789,0,0.0136
0.00017895,0,0.0336
0.000179,0,0.0544
0.00017905,0,0.0744
0.0001791,0,0.0904
0.00017915,0,0.1016
0.0001792,0,0.1016
0.00017925,0,0.1016
0.0001793,0,0.1016
0.00017935,0,0.1016
0.0001794,0,0.1016
0.00017945,0,0.1016
0.0001795,0,0.1016
0.00017955,0,0.1016
0.0001796,0,0.1016
0.00017965,0,0.1016
0.0001797,0,0.1016
0.00017975,0,0.1016
0.0001798,0,0.1016
0.00017985,0,0.1016
0.0001799,0,0.1016
0.00017995,0,0.1016
0.00018,0,0.1016
0.00018005,0,0.1016
0.0001801,0,0.1016
0.00018015,0,0.1016
0.0001802,0,0.1016
0.00018025,0,0.1016
0.0001803,0,0.1016
0.00018035,0,0.0928
0.0001804,0,0.0736
0.00018045,0,0.0584
0.0001805,0,0.0384
0.00018055,0,0.0208
0.0001806,0,-0.0048
0.00018065,0,-0.0128
0.0001807,0,-0.0376
0.00018075,0,-0.0544
0.0001808,0,-0.0728
0.00018085,0,-0.092
0.0001809,0,-0.1008
0.00018095,0,-0.1016
0.000181,0,-0.1016
0.00018105,0,-0.1016
0.0001811,0,-0.1016
0.00018115,0,-0.1016
0.0001812,0,-0.1016
0.00018125,0,-0.1016
0.0001813,0,-0.1016
0.00018135,0,-0.1016
0.0001814,0,-0.1016
0.00018145,0,-0.1016
0.0001815,0,-0.1016
0.00018155,0,-0.1016
0.0001816,0,-0.1016
0.00018165,0,-0.1016
0.0001817,0,-0.1016
0.00018175,0,-0.1016
0.0001818,0,-0.1016
0.00018185,0,-0.1016
0.0001819,0,-0.1016
0.00018195,0,-0.1016
0.000182,0,-0.0984
0.00018205,0,-0.0736
0.0001821,0,-0.0664
0.00018215,0,-0.0424
0.0001822,0,-0.0272
0.00018225,0,-0.0056
0.0001823,0,0.0104
0.00018235,0,0.032
0.0001824,0,0.0496
0.00018245,0,0.064
0.0001825,0,0.0848
0.00018255,0,0.1008
0.0001826,0,0.1016
0.00018265,0,0.1016
0.0001827,0,0.1016
0.00018275,0,0.1016
0.0001828,0,0.1016
0.00018285,0,0.1016
0.0001829,0,0.1016
0.00018295,0,0.1016
0.000183,0,0.1016
0.00018305,0,0.1016
0.0001831,0,0.1016
0.00018315,0,0.1016
0.0001832,0,0.1016
0.00018325,0,0.1016
0.0001833,0,0.1016
0.00018335,0,0.1016
0.0001834,0,0.1016
0.00018345,0,0.1016
0.0001835,0,0.1016
0.00018355,0,0.1016
0.0001836,0,0.1016
0.00018365,0,0.1016
0.0001837,0,0.1016
0.00018375,0,0.1016
0.0001838,0,0.1016
0.00018385,0,0.1016
0.0001839,0,0.0984
0.00018395,0,0.084
0.000184,0,0.064
0.00018405,0,0.0456
0.0001841,0,0.0248
0.00018415,0,0.0056
0.0001842,0,-0.0144
0.00018425,0,-0.0344
0.0001843,0,-0.0504
0.00018435,0,-0.0752
0.0001844,0,-0.0888
0.00018445,0,-0.1016
0.0001845,0,-0.1016
0.00018455,0,-0.1016
0.0001846,0,-0.1016
0.00018465,0,-0.1016
0.0001847,0.04,-0.1016
0.00018475,0,-0.1016
0.0001848,0,-0.1016
0.00018485,0,-0.1016
0.0001849,0,-0.1016
0.00018495,0,-0.1016
0.000185,0,-0.1016
0.00018505,0,-0.1016
0.0001851,0,-0.1016
0.00018515,0,-0.1016
0.0001852,0,-0.1016
0.00018525,0,-0.1016
0.0001853,0,-0.1016
0.00018535,0,-0.1016
0.0001854,0,-0.1016
0.00018545,0,-0.1016
0.0001855,0,-0.1016
0.00018555,0,-0.1016
0.0001856,0,-0.1016
0.00018565,0,-0.1016
0.0001857,0,-0.1016
0.00018575,0,-0.1016
0.0001858,0,-0.1016
0.00018585,0,-0.1016
0.0001859,0,-0.0944
0.00018595,0,-0.0848
0.000186,0,-0.064
0.00018605,0,-0.0496
0.0001861,0,-0.028
0.00018615,0,-0.0184
0.0001862,0,0.004
0.00018625,0,0.0168
0.0001863,0,0.0328
0.00018635,0,0.048
0.0001864,0,0.0648
0.00018645,0,0.0776
0.0001865,0,0.0896
0.00018655,0,0.1016
0.0001866,0,0.1016
0.00018665,0,0.1016
0.0001867,0,0.1016
0.00018675,0,0.1016
0.0001868,0,0.1016
0.00018685,0,0.1016
0.0001869,0,0.1016
0.00018695,0,0.1016
0.000187,0,0.1016
0.00018705,0,0.1016
0.0001871,0,0.1016
0.00018715,0,0.1016
0.0001872,0,0.1016
0.00018725,0,0.1016
0.0001873,0,0.1016
0.00018735,0,0.1016
0.0001874,0,0.1016
0.00018745,0,0.1016
0.0001875,0,0.1016
0.00018755,0,0.1016
0.0001876,0,0.0976
0.00018765,0,0.0896
0.0001877,0,0.0744
0.00018775,0,0.068
0.0001878,0,0.0528
0.00018785,0,0.0424
0.0001879,0,0.028
0.00018795,0,0.02
0.000188,0,0.0072
0.00018805,0,-0.0064
0.0001881,0,-0.0208
0.00018815,0,-0.0288
0.0001882,0,-0.0408
0.00018825,0,-0.0504
0.0001883,0,-0.0608
0.00018835,0,-0.0688
0.0001884,0,-0.08
0.00018845,0,-0.084
0.0001885,0,-0.0896
0.00018855,0.04,-0.096
0.0001886,0,-0.0992
0.00018865,0,-0.1016
0.0001887,0,-0.1016
0.00018875,0,-0.1016
0.0001888,0,-0.1016
0.00018885,0,-0.1016
0.0001889,0,-0.1016
0.00018895,0,-0.0992
0.000189,0,-0.0992
0.00018905,0,-0.0904
0.0001891,0,-0.0856
0.00018915,0,-0.0824
0.0001892,0,-0.0704
0.00018925,0,-0.0592
0.0001893,0,-0.0512
0.00018935,0,-0.0432
0.0001894,0,-0.0352
0.00018945,0,-0.0208
0.0001895,0,-0.0104
0.00018955,0,0.0048
0.0001896,0,0.0168
0.00018965,0,0.0224
0.0001897,0.04,0.0368
0.00018975,0,0.0448
0.0001898,0,0.0608
0.00018985,0,0.0728
0.0001899,0,0.084
0.00018995,0,0.0904
0.00019,0,0.0968
0.00019005,0,0.1016
0.0001901,0,0.1016
0.00019015,0,0.1016
0.0001902,0,0.1016
0.00019025,0,0.1016
0.0001903,0,0.1016
0.00019035,0,0.1016
0.0001904,0,0.1016
0.00019045,0,0.1016
0.0001905,0,0.1016
0.00019055,0,0.1016
0.0001906,0,0.1016
0.00019065,0,0.1016
0.0001907,0,0.1016
0.00019075,0,0.1016
0.0001908,0,0.1016
0.00019085,0,0.1016
0.0001909,0,0.1016
0.00019095,0,0.1016
0.000191,0,0.1
0.00019105,0,0.0904
0.0001911,0,0.0744
0.00019115,0,0.0672
0.0001912,0,0.0528
0.00019125,0,0.0416
0.0001913,0,0.0232
0.00019135,0,0.0104
0.0001914,0,-0.0064
0.00019145,0,-0.0184
0.0001915,0.04,-0.0336
0.00019155,0,-0.0504
0.0001916,0.04,-0.064
0.00019165,0,-0.0792
0.0001917,0,-0.092
0.00019175,0,-0.1016
0.0001918,0,-0.1016
0.00019185,0,-0.1016
0.0001919,0,-0.1016
0.00019195,0,-0.1016
0.000192,0,-0.1016
0.00019205,0,-0.1016
0.0001921,0,-0.1016
0.00019215,0,-0.1016
0.0001922,0,-0.1016
0.00019225,0,-0.1016
0.0001923,0,-0.1016
0.00019235,0,-0.1016
0.0001924,0,-0.1016
0.00019245,0,-0.1016
0.0001925,0,-0.1016
0.00019255,0,-0.1016
0.0001926,0,-0.1016
0.00019265,0,-0.1016
0.0001927,0,-0.1016
0.00019275,0,-0.1016
0.0001928,0,-0.1016
0.00019285,0.04,-0.1016
0.0001929,0,-0.1016
0.00019295,0,-0.1016
0.000193,0,-0.1016
0.00019305,0,-0.1016
0.0001931,0,-0.0992
0.00019315,0,-0.096
0.0001932,0,-0.0736
0.00019325,0,-0.0624
0.0001933,0,-0.0392
0.00019335,0,-0.0336
0.0001934,0,-0.008
0.00019345,0,0
0.0001935,0,0.0192
0.00019355,0,0.0328
0.0001936,0,0.0488
0.00019365,0,0.0672
0.0001937,0,0.0752
0.00019375,0,0.0904
0.0001938,0,0.1016
0.00019385,0,0.1016
0.0001939,0,0.1016
0.00019395,0.04,0.1016
0.000194,0,0.1016
0.00019405,0,0.1016
0.0001941,0,0.1016
0.00019415,0,0.1016
0.0001942,0,0.1016
0.00019425,0,0.1016
0.0001943,0,0.1016
0.00019435,0,0.1016
0.0001944,0,0.1016
0.00019445,0,0.1016
0.0001945,0,0.1016
0.00019455,0,0.1016
0.0001946,0,0.1016
0.00019465,0,0.1016
0.0001947,0,0.1016
0.00019475,0,0.1016
0.0001948,0,0.1016
0.00019485,0,0.1016
0.0001949,0,0.1016
0.00019495,0,0.1016
0.000195,0,0.0944
0.00019505,0,0.0872
0.0001951,0,0.0704
0.00019515,0,0.0576
0.0001952,0,0.0472
0.00019525,0,0.032
0.0001953,0,0.016
0.00019535,0,0.0032
0.0001954,0,-0.008
0.00019545,0,-0.0248
0.0001955,0,-0.0336
0.00019555,0,-0.0504
0.0001956,0,-0.0608
0.00019565,0,-0.0704
0.0001957,0,-0.0808
0.00019575,0,-0.0928
0.0001958,0,-0.0976
0.00019585,0,-0.1016
0.0001959,0,-0.1016
0.00019595,0,-0.1016
0.000196,0,-0.1016
0.00019605,0,-0.1016
0.0001961,0,-0.1016
0.00019615,0,-0.1016
0.0001962,0,-0.1016
0.00019625,0,-0.1016
0.0001963,0.04,-0.1016
0.00019635,0,-0.1016
0.0001964,0,-0.1016
0.00019645,0,-0.1016
0.0001965,0,-0.1016
0.00019655,0,-0.0984
0.0001966,0,-0.0944
0.00019665,0,-0.0832
0.0001967,0,-0.0736
0.00019675,0,-0.0608
0.0001968,0,-0.0496
0.00019685,0,-0.0344
0.0001969,0,-0.028
0.00019695,0,-0.0096
0.000197,0,0.0016
0.00019705,0,0.0112
0.0001971,0,0.0304
0.00019715,0,0.0392
0.0001972,0,0.0512
0.00019725,0,0.0632
0.0001973,0,0.0744
0.00019735,0,0.0864
0.0001974,0,0.0928
0.00019745,0,0.1016
0.0001975,0,0.1016
0.00019755,0,0.1016
0.0001976,0,0.1016
0.00019765,0,0.1016
0.0001977,0,0.1016
0.00019775,0,0.1016
0.0001978,0,0.1016
0.00019785,0,0.1016
0.0001979,0,0.1016
0.00019795,0,0.1016
0.000198,0,0.1016
0.00019805,0,0.1016
0.0001981,0,0.1016
0.00019815,0,0.1016
0.0001982,0,0.1016
0.00019825,0,0.1016
0.0001983,0,0.1016
0.00019835,0,0.1
0.0001984,0,0.0896
0.00019845,0,0.0784
0.0001985,0,0.0648
0.00019855,0,0.0528
0.0001986,0,0.0392
0.00019865,0,0.0256
0.0001987,0,0.0144
0.00019875,0,-0.004
0.0001988,0,-0.016
0.00019885,0,-0.0312
0.0001989,0,-0.0448
0.00019895,0,-0.0592
0.000199,0,-0.072
0.00019905,0,-0.0888
0.0001991,0,-0.1016
0.00019915,0,-0.1016
0.0001992,0,-0.1016
0.00019925,0,-0.1016
0.0001993,0,-0.1016
0.00019935,0,-0.1016
0.0001994,0,-0.1016
0.00019945,0,-0.1016
0.0001995,0,-0.1016
0.00019955,0,-0.1016
0.0001996,0,-0.1016
0.00019965,0,-0.1016
0.0001997,0,-0.1016
0.00019975,0,-0.1016
0.0001998,0,-0.1016
0.00019985,0,-0.1016
0.0001999,0,-0.1016
0.00019995,0,-0.1016