design_id,bearing_model,rated_load,rated_speed,clearance,expected_life_hours,lubrication_method,design_risk_score,design_risk_level
BDES-00001,NJ306,25.6,5756,0.0329,30483,grease,0.0743,low
BDES-00002,NU205,26.6,4613,0.0323,41113,grease,0.0849,low
BDES-00003,NU205,27.12,4573,0.0296,19473,grease,0.0217,low
BDES-00004,6205,17.13,2500,0.025,30329,oil_mist,0.1357,low
BDES-00005,NU205,27.35,7821,0.012,29442,grease,0.3055,medium
BDES-00006,6205,23.99,6387,0.0422,26334,oil_mist,0.09,low
BDES-00007,NJ306,27.33,8396,0.0663,21396,grease,0.4369,medium
BDES-00008,NJ306,33.52,6426,0.0501,16598,oil_mist,0.2755,medium
BDES-00009,NJ306,38.72,5787,0.0232,21808,grease,0.0457,low
BDES-00010,NU205,30.75,2855,0.0163,19118,oil_bath,0.1157,low
BDES-00011,6306,15.83,6820,0.0357,26551,grease,0.2339,low
BDES-00012,6205,20.02,4502,0.034,36663,oil_mist,0.0818,low
BDES-00013,7206AC,35.94,6510,0.0175,21307,oil_bath,0.122,low
BDES-00014,NU205,23.82,8663,0.0188,17565,grease,0.3018,medium
BDES-00015,NJ306,25.44,7985,0.0123,29974,grease,0.2742,medium
BDES-00016,6205,25.81,7961,0.0207,17149,grease,0.227,low
BDES-00017,NJ306,30.02,6020,0.0127,25161,grease,0.1523,low
BDES-00018,6306,32.67,9555,0.0259,12613,grease,0.3044,medium
BDES-00019,6306,25.06,5456,0.0189,16687,grease,0.2028,low
BDES-00020,7206AC,27.15,4952,0.0507,35023,oil_bath,0.2145,low
BDES-00021,NU205,13.95,10443,0.0296,27702,grease,0.4325,medium
BDES-00022,7206AC,28.45,6297,0.026,19971,grease,0.0429,low
BDES-00023,NU205,28.93,9170,0.0204,24835,grease,0.2843,medium
BDES-00024,7206AC,23.45,5120,0.026,22234,grease,0.0279,low
BDES-00025,7206AC,31.15,6340,0.0565,11999,oil_bath,0.3566,medium
BDES-00026,7206AC,20.1,7891,0.03,27436,oil_mist,0.1362,low
BDES-00027,7206AC,36.95,4245,0.0395,31751,grease,0.1053,low
BDES-00028,NU205,32.17,6240,0.0239,21111,grease,0.1412,low
BDES-00029,NU205,17.95,6028,0.0412,23633,grease,0.2233,low
BDES-00030,NJ306,21.07,7198,0.0417,27765,grease,0.1863,low
BDES-00031,6306,21.7,6628,0.0238,32520,oil_mist,0.1496,low
BDES-00032,NU205,27.21,7620,0.0229,21901,grease,0.1431,low
BDES-00033,NJ306,32.78,4136,0.0203,26919,oil_bath,0.1121,low
BDES-00034,7206AC,37.69,8103,0.0333,33746,grease,0.106,low
BDES-00035,NU205,21.15,5416,0.0419,23071,oil_bath,0.1559,low
BDES-00036,7206AC,34.78,5347,0.0087,22857,oil_mist,0.2066,low
BDES-00037,NJ306,32.2,3970,0.0237,32630,grease,0.0574,low
BDES-00038,7206AC,20.73,6582,0.0212,21631,oil_mist,0.1815,low
BDES-00039,6205,28.47,4967,0.0358,15881,oil_mist,0.1136,low
BDES-00040,7206AC,33.9,6016,0.0284,21893,oil_mist,0.0516,low
BDES-00041,NU205,27.92,6827,0.0327,24449,grease,0.0492,low
BDES-00042,6205,20.78,7838,0.0368,19017,grease,0.2673,medium
BDES-00043,NU205,21.37,7078,0.0256,23701,oil_bath,0.1287,low
BDES-00044,NU205,26.17,5785,0.0376,19488,grease,0.0666,low
BDES-00045,6205,30.25,6763,0.0128,22771,grease,0.2809,medium
BDES-00046,NU205,26.52,6375,0.0332,19982,oil_bath,0.0309,low
BDES-00047,6205,21.93,7494,0.0317,24320,grease,0.1542,low
BDES-00048,7206AC,23.31,8271,0.0255,21186,grease,0.191,low
BDES-00049,6306,30.65,6890,0.0267,16413,oil_bath,0.1086,low
BDES-00050,6205,29.27,6350,0.0274,25812,grease,0.0168,low
BDES-00051,NU205,26.06,7739,0.0221,29392,grease,0.191,low
BDES-00052,6205,23.69,6594,0.0208,23542,oil_bath,0.1549,low
BDES-00053,6205,20.6,6285,0.0407,12183,grease,0.2726,medium
BDES-00054,6205,28.43,6623,0.0335,27158,grease,0.1002,low
BDES-00055,6205,36.32,7639,0.0102,25515,grease,0.3076,medium
BDES-00056,7206AC,32.53,9306,0.0213,14943,grease,0.3484,medium
BDES-00057,NU205,25.21,6338,0.0118,19428,grease,0.186,low
BDES-00058,7206AC,26.76,4960,0.0211,25985,grease,0.1721,low
BDES-00059,6306,18.56,7164,0.0454,39786,oil_mist,0.2928,medium
BDES-00060,NJ306,31.91,6104,0.0449,14771,grease,0.226,low
BDES-00061,6205,35.4,7868,0.0174,27036,oil_bath,0.201,low
BDES-00062,6306,29.7,5827,0.0335,24394,grease,0.0526,low
BDES-00063,6205,21.72,7285,0.0455,19657,oil_bath,0.2348,low
BDES-00064,NU205,27.45,6933,0.0313,19841,oil_bath,0.0403,low
BDES-00065,6205,24.09,5533,0.0428,34421,oil_mist,0.1328,low
BDES-00066,NJ306,20.85,8388,0.0261,26327,oil_mist,0.2521,medium
BDES-00067,NU205,24.29,4686,0.0466,26640,grease,0.1396,low
BDES-00068,7206AC,28.12,6423,0.0335,34391,grease,0.0677,low
BDES-00069,NU205,29.34,7763,0.0563,41036,oil_bath,0.3531,medium
BDES-00070,6205,22.48,6806,0.0372,29819,grease,0.1342,low
BDES-00071,NJ306,41.41,6176,0.0394,32908,grease,0.0251,low
BDES-00072,7206AC,30.33,3184,0.0195,19303,grease,0.1429,low
BDES-00073,NJ306,21.76,4772,0.0177,17624,grease,0.2164,low
BDES-00074,NJ306,24.57,7786,0.0414,28506,grease,0.2571,medium
BDES-00075,7206AC,32.8,5994,0.034,21532,grease,0.0344,low
BDES-00076,7206AC,35.25,5593,0.0461,19602,grease,0.2487,low
BDES-00077,7206AC,29.31,5229,0.0413,30469,oil_bath,0.0581,low
BDES-00078,NU205,20.97,5157,0.0277,31615,grease,0.0899,low
BDES-00079,NJ306,34.77,5156,0.0338,19229,oil_mist,0.0853,low
BDES-00080,6306,23.5,7489,0.0452,13982,grease,0.3055,medium
BDES-00081,7206AC,21.34,4766,0.0243,21510,oil_mist,0.1598,low
BDES-00082,6306,22.39,4849,0.0231,24800,grease,0.0929,low
BDES-00083,NU205,19.16,7805,0.0447,22691,grease,0.3471,medium
BDES-00084,NU205,20.0,5827,0.0289,28526,grease,0.1139,low
BDES-00085,NJ306,27.88,3449,0.0395,19848,grease,0.1578,low
BDES-00086,NJ306,31.97,5278,0.0653,21639,oil_bath,0.2889,medium
BDES-00087,6205,39.71,6417,0.0347,25521,oil_mist,0.0053,low
BDES-00088,7206AC,32.35,7245,0.0186,32888,oil_bath,0.1056,low
BDES-00089,6306,31.15,4265,0.0364,27484,grease,0.0823,low
BDES-00090,NJ306,28.58,7678,0.0226,38460,grease,0.0689,low
BDES-00091,NU205,30.14,5771,0.0244,9546,oil_bath,0.1927,low
BDES-00092,6205,29.74,7643,0.0449,26688,oil_mist,0.1997,low
BDES-00093,6205,26.95,9821,0.0293,28059,grease,0.2609,medium
BDES-00094,6306,16.84,5407,0.0304,20673,oil_bath,0.1799,low
BDES-00095,NJ306,29.86,6394,0.0212,26844,grease,0.1082,low
BDES-00096,6205,28.25,7484,0.029,14820,grease,0.1293,low
BDES-00097,6306,30.88,5204,0.0254,31645,oil_bath,0.0831,low
BDES-00098,7206AC,26.4,5507,0.0288,21989,grease,0.0,low
BDES-00099,NJ306,33.78,3540,0.0295,18417,oil_bath,0.0411,low
BDES-00100,7206AC,22.81,3815,0.0251,29757,grease,0.0485,low
BDES-00101,6306,32.35,7541,0.0166,18275,grease,0.1776,low
BDES-00102,7206AC,21.68,4934,0.0292,21344,oil_bath,0.0435,low
BDES-00103,6306,30.61,5403,0.0142,32399,grease,0.2061,low
BDES-00104,NU205,21.79,6918,0.0272,21594,grease,0.0651,low
BDES-00105,7206AC,31.43,7036,0.037,42000,grease,0.1137,low
BDES-00106,7206AC,34.43,6537,0.006,12621,oil_mist,0.3093,medium
BDES-00107,6205,22.76,9296,0.0334,21102,grease,0.282,medium
BDES-00108,7206AC,17.36,7040,0.0366,24429,grease,0.1848,low
BDES-00109,7206AC,31.08,6440,0.0317,19205,oil_mist,0.0459,low
BDES-00110,6306,30.95,5538,0.0265,16219,grease,0.07,low
BDES-00111,6306,25.48,10812,0.0181,28501,oil_bath,0.3687,medium
BDES-00112,NJ306,26.4,4547,0.0388,18906,oil_mist,0.1524,low
BDES-00113,NJ306,38.89,4561,0.0213,28510,grease,0.0371,low
BDES-00114,NU205,20.01,5336,0.0406,8390,grease,0.338,medium
BDES-00115,6306,12.77,6274,0.0088,23045,grease,0.4033,medium
BDES-00116,7206AC,34.99,5183,0.0223,23165,grease,0.0744,low
BDES-00117,6306,18.23,4281,0.0402,10715,grease,0.2992,medium
BDES-00118,6306,22.97,5726,0.04,28488,grease,0.1866,low
BDES-00119,6306,27.72,6586,0.046,33481,oil_bath,0.1964,low
BDES-00120,6205,41.5,5195,0.0405,17612,grease,0.142,low
BDES-00121,NJ306,24.12,5619,0.0348,23023,grease,0.0557,low
BDES-00122,7206AC,33.94,6126,0.0423,32740,oil_mist,0.1157,low
BDES-00123,6205,35.71,7179,0.0185,33014,oil_bath,0.1232,low
BDES-00124,NJ306,22.86,7093,0.0268,34801,grease,0.1262,low
BDES-00125,NJ306,26.68,5935,0.025,17589,oil_bath,0.142,low
BDES-00126,NJ306,35.53,5840,0.0219,22924,grease,0.115,low
BDES-00127,NU205,34.21,2843,0.0292,12184,oil_bath,0.0628,low
BDES-00128,6205,30.45,4752,0.0371,15623,grease,0.1776,low
BDES-00129,7206AC,27.5,2500,0.0244,27687,grease,0.0606,low
BDES-00130,NU205,35.28,6689,0.0181,23887,oil_bath,0.1674,low
BDES-00131,NU205,30.46,7368,0.0174,28167,grease,0.2066,low
BDES-00132,6306,35.05,6201,0.0404,19229,grease,0.2297,low
BDES-00133,7206AC,20.71,7715,0.0448,20182,oil_mist,0.3558,medium
BDES-00134,NU205,22.39,5663,0.006,22840,grease,0.2047,low
BDES-00135,6306,28.8,6284,0.034,20204,grease,0.0957,low
BDES-00136,NU205,21.57,8720,0.0184,28139,oil_bath,0.3543,medium
BDES-00137,NJ306,19.28,4739,0.0126,35184,grease,0.2505,medium
BDES-00138,6205,10.01,4935,0.0258,14915,grease,0.361,medium
BDES-00139,6306,36.1,6696,0.0279,20307,grease,0.0453,low
BDES-00140,6205,34.54,4118,0.0263,15947,grease,0.1069,low
BDES-00141,NU205,31.88,5276,0.0121,24373,grease,0.1567,low
BDES-00142,6205,32.37,5712,0.0298,34099,oil_bath,0.0117,low
BDES-00143,7206AC,34.64,5728,0.0249,21979,grease,0.0476,low
BDES-00144,7206AC,22.53,6095,0.0275,36265,grease,0.0356,low
BDES-00145,NU205,36.4,8113,0.0511,38694,grease,0.3352,medium
BDES-00146,NJ306,19.64,7368,0.0182,26013,grease,0.2986,medium
BDES-00147,NJ306,28.42,4091,0.037,32631,oil_bath,0.049,low
BDES-00148,NU205,41.06,4485,0.0221,21836,oil_bath,0.0686,low
BDES-00149,7206AC,37.16,8626,0.0149,21217,grease,0.2678,medium
BDES-00150,NJ306,20.5,7267,0.0255,33144,grease,0.1375,low
BDES-00151,NJ306,30.7,6981,0.0236,19165,oil_bath,0.0748,low
BDES-00152,NJ306,21.52,4895,0.037,24657,oil_bath,0.0832,low
BDES-00153,6205,27.42,5499,0.0196,11365,grease,0.2259,low
BDES-00154,NU205,32.61,8136,0.0402,26223,grease,0.1792,low
BDES-00155,NU205,29.41,6853,0.0197,22155,grease,0.1242,low
BDES-00156,NU205,25.2,6368,0.0154,32513,grease,0.0784,low
BDES-00157,7206AC,30.63,8669,0.0246,32027,grease,0.1993,low
BDES-00158,7206AC,43.68,6486,0.0386,28398,grease,0.0336,low
BDES-00159,7206AC,34.21,4257,0.0302,23680,grease,0.0,low
BDES-00160,NJ306,27.65,3285,0.0188,12437,grease,0.1988,low
BDES-00161,6205,25.3,4793,0.0155,22323,oil_mist,0.0796,low
BDES-00162,NU205,30.26,8944,0.0401,20531,oil_bath,0.2852,medium
BDES-00163,NJ306,33.84,2500,0.0542,18035,grease,0.3141,medium
BDES-00164,NJ306,28.83,7351,0.0325,35102,grease,0.0897,low
BDES-00165,NU205,29.48,7145,0.0354,18525,grease,0.1649,low
BDES-00166,NU205,29.53,6231,0.0383,17812,oil_bath,0.1334,low
BDES-00167,6205,10.4,5811,0.0377,26107,grease,0.3645,medium
BDES-00168,NJ306,27.51,5231,0.0301,31796,grease,0.048,low
BDES-00169,NJ306,27.82,6651,0.0448,23480,oil_bath,0.2297,low
BDES-00170,NJ306,30.72,4658,0.0325,14741,oil_bath,0.0534,low
BDES-00171,6205,40.93,4907,0.029,17037,grease,0.1242,low
BDES-00172,6306,29.71,5926,0.028,35830,oil_bath,0.0,low
BDES-00173,6306,22.46,7363,0.0366,23982,grease,0.1496,low
BDES-00174,7206AC,31.73,6331,0.0347,28142,oil_bath,0.0022,low
BDES-00175,7206AC,10.0,7108,0.0173,30499,oil_mist,0.4429,medium
BDES-00176,NJ306,29.31,7071,0.0158,30481,grease,0.2345,low
BDES-00177,NU205,26.16,7489,0.0399,22458,grease,0.1841,low
BDES-00178,7206AC,28.79,5316,0.0149,23445,grease,0.1538,low
BDES-00179,6306,23.52,7991,0.0369,20355,oil_mist,0.1646,low
BDES-00180,NJ306,32.92,5024,0.0389,23369,oil_mist,0.0958,low
BDES-00181,6205,12.45,7164,0.0249,15980,oil_mist,0.3247,medium
BDES-00182,6306,35.4,5027,0.035,38149,oil_bath,0.0093,low
BDES-00183,6306,29.72,4642,0.0386,28334,grease,0.0806,low
BDES-00184,6205,13.58,6283,0.0426,13632,grease,0.3986,medium
BDES-00185,NJ306,17.81,7766,0.0528,26315,grease,0.3894,medium
BDES-00186,6306,22.14,5231,0.0178,26078,oil_bath,0.1805,low
BDES-00187,NU205,30.28,5633,0.0461,27790,oil_bath,0.1612,low
BDES-00188,NJ306,36.66,6291,0.0349,24188,grease,0.0473,low
BDES-00189,NU205,34.87,3990,0.0289,35332,oil_mist,0.0478,low
BDES-00190,7206AC,28.43,4250,0.0392,35768,grease,0.0824,low
BDES-00191,6205,24.61,4439,0.0512,24768,oil_bath,0.226,low
BDES-00192,6306,37.42,5469,0.0396,31422,grease,0.0884,low
BDES-00193,NU205,20.48,6524,0.0119,18956,oil_bath,0.2968,medium
BDES-00194,NJ306,33.73,5580,0.031,24561,oil_bath,0.0,low
BDES-00195,7206AC,37.45,5909,0.0346,26833,oil_bath,0.0655,low
BDES-00196,6306,13.11,5075,0.0237,22403,oil_mist,0.2869,medium
BDES-00197,7206AC,24.99,5166,0.0171,19154,grease,0.1259,low
BDES-00198,7206AC,23.37,6750,0.0383,30246,oil_bath,0.1405,low
BDES-00199,NJ306,25.94,6187,0.0369,39490,oil_mist,0.1322,low
BDES-00200,6205,25.2,8218,0.0259,17087,oil_bath,0.2129,low
BDES-00201,NJ306,26.75,5717,0.0204,25743,oil_bath,0.0964,low
BDES-00202,6205,12.3,8047,0.0066,30839,grease,0.5454,high
BDES-00203,6306,36.1,7006,0.0201,23770,grease,0.1807,low
BDES-00204,NJ306,33.85,6663,0.0197,32660,grease,0.1032,low
BDES-00205,6306,34.53,6319,0.0133,30385,oil_bath,0.1267,low
BDES-00206,6205,36.27,6152,0.0229,31215,oil_bath,0.0501,low
BDES-00207,6306,22.66,5943,0.0374,29648,oil_bath,0.0718,low
BDES-00208,NU205,29.77,4243,0.044,23458,oil_bath,0.1512,low
BDES-00209,7206AC,19.42,7345,0.0395,35671,grease,0.1512,low
BDES-00210,7206AC,32.73,5878,0.0366,23882,grease,0.0871,low
BDES-00211,NU205,16.65,8312,0.0177,21182,oil_mist,0.3777,medium
BDES-00212,NJ306,40.12,4812,0.0445,23725,grease,0.1116,low
BDES-00213,7206AC,33.49,4776,0.0288,28856,grease,0.0193,low
BDES-00214,7206AC,31.94,3703,0.0332,35836,oil_bath,0.0083,low
BDES-00215,7206AC,15.68,7566,0.0291,35088,grease,0.2099,low
BDES-00216,7206AC,28.17,6198,0.0531,17009,oil_bath,0.2599,medium
BDES-00217,NJ306,28.57,3733,0.0148,29729,grease,0.1155,low
BDES-00218,NJ306,32.9,6088,0.044,21248,oil_bath,0.1594,low
BDES-00219,NU205,22.56,5004,0.0429,22228,grease,0.1918,low
BDES-00220,7206AC,25.66,8032,0.032,16507,grease,0.1346,low
BDES-00221,NJ306,37.79,7557,0.0253,17701,oil_mist,0.1688,low
BDES-00222,NJ306,35.58,7278,0.0311,27902,grease,0.0729,low
BDES-00223,6205,21.94,7855,0.0452,15640,oil_bath,0.3588,medium
BDES-00224,NJ306,25.72,8225,0.0348,20004,grease,0.2074,low
BDES-00225,6306,16.32,6882,0.0396,18841,oil_bath,0.208,low
BDES-00226,6306,32.88,6991,0.0163,13926,grease,0.2655,medium
BDES-00227,7206AC,21.65,7247,0.0221,33036,oil_bath,0.1732,low
BDES-00228,6205,26.42,5314,0.0444,22483,oil_bath,0.1383,low
BDES-00229,6306,30.58,5707,0.0223,12981,grease,0.1801,low
BDES-00230,7206AC,24.12,8005,0.0272,31159,oil_bath,0.1491,low
BDES-00231,6306,36.92,5100,0.0393,32778,grease,0.064,low
BDES-00232,6306,31.64,5675,0.0426,13970,grease,0.2037,low
BDES-00233,7206AC,26.73,5490,0.0158,19927,oil_mist,0.1892,low
BDES-00234,NJ306,23.37,5668,0.0162,16679,grease,0.1694,low
BDES-00235,NJ306,30.12,5698,0.0356,25393,grease,0.1105,low
BDES-00236,NJ306,48.0,5414,0.0566,16349,grease,0.3579,medium
BDES-00237,6205,19.93,5088,0.0235,24541,oil_bath,0.1636,low
BDES-00238,7206AC,34.34,6184,0.0253,26877,grease,0.0,low
BDES-00239,NU205,30.46,6256,0.0135,32072,grease,0.1509,low
BDES-00240,7206AC,13.01,3674,0.0348,18010,grease,0.2988,medium
BDES-00241,6306,27.56,7891,0.0367,25690,grease,0.138,low
BDES-00242,6205,29.8,4844,0.0161,25615,grease,0.1259,low
BDES-00243,6306,30.26,6692,0.0124,25547,grease,0.1914,low
BDES-00244,6205,20.67,6360,0.0438,26080,oil_bath,0.1702,low
BDES-00245,7206AC,27.17,4733,0.0295,25146,grease,0.0283,low
BDES-00246,6205,27.08,7191,0.0262,36225,oil_bath,0.1069,low
BDES-00247,7206AC,18.71,7115,0.035,26521,oil_bath,0.1134,low
BDES-00248,7206AC,26.59,4162,0.0276,32977,grease,0.09,low
BDES-00249,6306,32.27,6113,0.0382,34909,grease,0.0607,low
BDES-00250,NU205,34.61,4817,0.0323,25091,grease,0.0425,low
BDES-00251,6306,17.12,4691,0.0439,28963,oil_bath,0.3209,medium
BDES-00252,NJ306,21.94,6295,0.042,28426,grease,0.1349,low
BDES-00253,NU205,18.61,6783,0.0098,28897,oil_mist,0.3543,medium
BDES-00254,NJ306,35.67,5822,0.0365,19144,oil_bath,0.0696,low
BDES-00255,NU205,19.63,5642,0.0111,20505,grease,0.2748,medium
BDES-00256,6306,19.77,5467,0.0412,23305,oil_mist,0.1611,low
BDES-00257,NU205,26.35,5801,0.0303,19513,grease,0.0829,low
BDES-00258,7206AC,25.34,8688,0.0168,23584,grease,0.2527,medium
BDES-00259,6306,25.38,5489,0.0155,16572,grease,0.1751,low
BDES-00260,6205,37.27,4624,0.0221,16956,grease,0.1553,low
BDES-00261,6205,10.0,5109,0.0446,22440,grease,0.4045,medium
BDES-00262,6205,23.57,5289,0.0424,25300,grease,0.1705,low
BDES-00263,NJ306,25.82,3213,0.0079,31743,grease,0.2261,low
BDES-00264,NJ306,28.52,5188,0.0273,21482,grease,0.0567,low
BDES-00265,NJ306,18.37,5213,0.0186,35960,grease,0.1853,low
BDES-00266,NJ306,23.56,8019,0.0464,23968,grease,0.2467,low
BDES-00267,NJ306,22.73,5910,0.0256,22777,grease,0.0304,low
BDES-00268,6205,30.94,9075,0.0385,31228,grease,0.2306,low
BDES-00269,NU205,24.24,5979,0.0145,18526,oil_bath,0.1775,low
BDES-00270,6306,24.86,6156,0.0082,28348,grease,0.188,low
BDES-00271,7206AC,31.51,9256,0.0502,22691,oil_bath,0.4068,medium
BDES-00272,6205,20.65,7591,0.0395,26476,grease,0.2486,low
BDES-00273,NJ306,28.78,6666,0.0299,19049,grease,0.0306,low
BDES-00274,6306,40.73,5127,0.006,17411,oil_bath,0.2594,medium
BDES-00275,NU205,30.38,5842,0.021,24838,grease,0.0517,low
BDES-00276,NJ306,18.77,6896,0.0398,20207,oil_bath,0.1685,low
BDES-00277,6306,21.14,2700,0.0071,29631,oil_bath,0.2515,medium
BDES-00278,6306,30.87,5376,0.0554,22843,oil_bath,0.2533,medium
BDES-00279,7206AC,25.03,7531,0.0336,9538,grease,0.246,low
BDES-00280,NJ306,25.29,7444,0.0348,41129,oil_mist,0.0874,low
BDES-00281,6205,38.12,6753,0.0313,32859,grease,0.0148,low
BDES-00282,NJ306,29.45,8531,0.0324,18982,grease,0.1915,low
BDES-00283,NJ306,23.12,4729,0.0147,29308,oil_bath,0.1511,low
BDES-00284,6306,16.14,6098,0.0411,23967,oil_bath,0.2622,medium
BDES-00285,7206AC,33.49,6737,0.0394,22106,grease,0.0987,low
BDES-00286,7206AC,27.72,3148,0.039,23236,oil_bath,0.046,low
BDES-00287,6306,25.0,5912,0.006,35215,oil_bath,0.2175,low
BDES-00288,6205,25.32,5569,0.0368,17687,grease,0.1105,low
BDES-00289,6205,18.84,6312,0.0311,37696,grease,0.1434,low
BDES-00290,NJ306,33.4,3388,0.0133,28549,oil_bath,0.1784,low
BDES-00291,7206AC,29.3,5411,0.0325,15170,oil_mist,0.0991,low
BDES-00292,NU205,38.28,7012,0.0394,29066,grease,0.1158,low
BDES-00293,NU205,34.34,5288,0.0281,28107,oil_bath,0.0113,low
BDES-00294,6306,27.96,6365,0.0196,25480,grease,0.1382,low
BDES-00295,6306,32.72,7631,0.0322,13159,grease,0.2446,low
BDES-00296,6205,37.97,3891,0.0193,19636,oil_mist,0.0995,low
BDES-00297,6205,39.77,6479,0.0307,20604,grease,0.0449,low
BDES-00298,NJ306,30.31,7378,0.0213,21450,grease,0.2052,low
BDES-00299,6205,22.97,6541,0.034,17109,grease,0.1216,low
BDES-00300,NJ306,17.56,5668,0.0306,25987,grease,0.1538,low
BDES-00301,6306,26.05,5610,0.0285,23500,grease,0.0542,low
BDES-00302,6306,27.2,5606,0.0503,17365,grease,0.313,medium
BDES-00303,6306,35.81,8030,0.0412,18002,grease,0.3235,medium
BDES-00304,7206AC,29.39,7033,0.006,25713,oil_mist,0.2455,low
BDES-00305,6205,21.3,4933,0.0261,19361,grease,0.1016,low
BDES-00306,NU205,31.56,6596,0.0362,18666,oil_bath,0.0747,low
BDES-00307,6306,41.93,4909,0.0133,37556,grease,0.1166,low
BDES-00308,6306,36.7,6343,0.0303,31126,grease,0.0,low
BDES-00309,NU205,34.19,5186,0.034,24871,grease,0.0421,low
BDES-00310,6306,38.97,7096,0.0461,25472,grease,0.1394,low
BDES-00311,NJ306,28.13,4442,0.0389,24592,grease,0.0335,low
BDES-00312,6306,30.07,4361,0.0253,23477,grease,0.0,low
BDES-00313,NU205,22.55,7547,0.0193,31972,grease,0.2265,low
BDES-00314,7206AC,37.93,5178,0.0337,24216,oil_bath,0.0,low
BDES-00315,NJ306,22.4,6285,0.0366,18866,grease,0.1683,low
BDES-00316,NU205,27.68,7901,0.0302,30759,grease,0.0704,low
BDES-00317,6306,23.67,7960,0.0384,11649,grease,0.2339,low
BDES-00318,6306,48.0,6681,0.0205,30587,grease,0.1211,low
BDES-00319,7206AC,19.58,4933,0.0246,23758,oil_mist,0.1386,low
BDES-00320,7206AC,38.58,5760,0.0316,35000,grease,0.0806,low
BDES-00321,NJ306,29.63,7123,0.0383,23027,grease,0.1811,low
BDES-00322,NJ306,34.69,8797,0.0384,19643,oil_bath,0.2637,medium
BDES-00323,NU205,23.49,5504,0.0402,18809,oil_bath,0.1506,low
BDES-00324,7206AC,32.63,8368,0.0417,17162,oil_bath,0.2878,medium
BDES-00325,NU205,27.43,2500,0.0489,23205,grease,0.1917,low
BDES-00326,NJ306,31.52,8839,0.0165,32090,grease,0.2869,medium
BDES-00327,6306,34.29,5610,0.0163,19223,grease,0.2458,low
BDES-00328,NU205,24.64,2500,0.0212,38743,grease,0.031,low
BDES-00329,NU205,32.32,5698,0.0399,33100,grease,0.0661,low
BDES-00330,6205,31.05,8587,0.0385,14488,oil_mist,0.3545,medium
BDES-00331,NJ306,32.92,5654,0.0265,11176,oil_mist,0.1856,low
BDES-00332,7206AC,43.91,7682,0.0351,20640,grease,0.0932,low
BDES-00333,6306,31.86,2926,0.0077,25149,grease,0.1984,low
BDES-00334,6306,35.64,6072,0.0176,25329,grease,0.136,low
BDES-00335,6205,30.74,5395,0.0351,18978,oil_bath,0.1365,low
BDES-00336,6306,20.24,5221,0.0276,19410,grease,0.0662,low
BDES-00337,7206AC,26.56,4899,0.0291,16425,grease,0.0314,low
BDES-00338,6306,28.87,6795,0.052,20580,grease,0.2116,low
BDES-00339,7206AC,21.91,4433,0.031,21268,oil_bath,0.0401,low
BDES-00340,NJ306,27.25,4993,0.006,11903,grease,0.2704,medium
BDES-00341,7206AC,28.24,5735,0.006,24959,oil_bath,0.2152,low
BDES-00342,7206AC,35.27,8473,0.0265,25463,grease,0.1913,low
BDES-00343,NU205,18.54,5148,0.0301,14092,grease,0.1816,low
BDES-00344,6306,36.25,7021,0.0078,22899,grease,0.25,medium
BDES-00345,NU205,24.29,5247,0.0171,25216,oil_bath,0.1477,low
BDES-00346,NJ306,23.51,6701,0.0475,24564,grease,0.2001,low
BDES-00347,6205,10.0,7365,0.0351,30163,grease,0.4314,medium
BDES-00348,7206AC,21.2,5941,0.0413,21320,grease,0.1698,low
BDES-00349,6306,28.61,4625,0.0201,19285,grease,0.1654,low
BDES-00350,NJ306,16.54,8084,0.0595,29023,oil_mist,0.5912,high
BDES-00351,NJ306,23.23,8249,0.0368,24784,grease,0.159,low
BDES-00352,NU205,36.52,7064,0.0232,28987,oil_bath,0.0637,low
BDES-00353,7206AC,32.27,5491,0.0323,27864,grease,0.0757,low
BDES-00354,NU205,27.04,6008,0.0318,25355,grease,0.1024,low
BDES-00355,6306,21.81,6983,0.049,15181,grease,0.3849,medium
BDES-00356,NJ306,32.26,7430,0.0285,24043,grease,0.1017,low
BDES-00357,6205,23.85,4887,0.0268,12836,grease,0.083,low
BDES-00358,7206AC,25.76,5867,0.0337,26396,grease,0.0,low
BDES-00359,NJ306,30.37,2500,0.0364,10623,grease,0.1404,low
BDES-00360,6306,44.0,7980,0.0464,22860,grease,0.252,medium
BDES-00361,6306,28.64,5752,0.0327,26479,oil_mist,0.0515,low
BDES-00362,6306,25.49,6822,0.0258,17121,grease,0.1281,low
BDES-00363,7206AC,26.71,6781,0.0244,23733,grease,0.092,low
BDES-00364,6205,36.47,7907,0.024,23206,oil_bath,0.1361,low
BDES-00365,NJ306,21.96,6057,0.0171,20810,oil_bath,0.1442,low
BDES-00366,7206AC,26.95,7396,0.0091,23424,oil_mist,0.3337,medium
BDES-00367,6205,20.68,5738,0.0351,22504,oil_bath,0.1102,low
BDES-00368,7206AC,21.99,7787,0.0456,30822,grease,0.2454,low
BDES-00369,6205,25.65,3088,0.0394,20949,grease,0.0722,low
BDES-00370,7206AC,22.9,6068,0.0349,32630,oil_bath,0.0204,low
BDES-00371,NU205,35.59,4420,0.0696,25507,oil_mist,0.2824,medium
BDES-00372,7206AC,27.62,8123,0.0426,29712,oil_mist,0.2455,low
BDES-00373,6205,23.56,6807,0.0298,32489,oil_bath,0.0,low
BDES-00374,7206AC,17.28,7719,0.006,16191,oil_bath,0.548,high
BDES-00375,7206AC,38.01,7028,0.0385,14016,grease,0.1668,low
BDES-00376,6205,36.95,4507,0.0288,24719,grease,0.0696,low
BDES-00377,NU205,28.0,8906,0.031,22397,oil_mist,0.1261,low
BDES-00378,6205,36.41,7084,0.0233,13641,oil_mist,0.21,low
BDES-00379,7206AC,16.55,5600,0.0507,37466,grease,0.3714,medium
BDES-00380,NU205,27.16,2913,0.0357,19809,grease,0.1104,low
BDES-00381,NJ306,16.8,3956,0.0411,27338,grease,0.2442,low
BDES-00382,6205,26.53,5726,0.0276,25001,grease,0.0377,low
BDES-00383,6306,34.58,9497,0.0494,19428,grease,0.3715,medium
BDES-00384,6306,26.67,6655,0.0355,26593,grease,0.0305,low
BDES-00385,6306,34.06,6096,0.0261,21531,oil_bath,0.0352,low
BDES-00386,NU205,25.27,6178,0.0343,26011,grease,0.0517,low
BDES-00387,6205,18.09,5346,0.0309,30261,grease,0.168,low
BDES-00388,6205,23.04,5335,0.0557,21463,grease,0.3164,medium
BDES-00389,NU205,41.2,6240,0.0544,18667,grease,0.3293,medium
BDES-00390,6205,22.82,6742,0.013,17497,grease,0.3164,medium
BDES-00391,7206AC,32.21,4729,0.0278,22220,grease,0.07,low
BDES-00392,NU205,32.89,6815,0.0377,21320,oil_bath,0.1622,low
BDES-00393,NJ306,30.69,8180,0.0415,21006,grease,0.2206,low
BDES-00394,7206AC,20.16,5350,0.0381,26383,oil_bath,0.1643,low
BDES-00395,NU205,36.85,4136,0.0315,30423,oil_mist,0.0,low
BDES-00396,7206AC,24.55,7132,0.0402,33168,grease,0.1582,low
BDES-00397,6306,30.27,8399,0.0483,25897,grease,0.3289,medium
BDES-00398,6205,38.19,7068,0.0405,21462,grease,0.1821,low
BDES-00399,6205,33.75,6126,0.054,33800,grease,0.1478,low
BDES-00400,7206AC,28.39,4551,0.037,23160,oil_bath,0.0206,low
BDES-00401,6306,37.61,5922,0.023,25151,oil_bath,0.0581,low
BDES-00402,6306,18.99,8944,0.0067,23259,grease,0.5865,high
BDES-00403,NU205,24.26,5649,0.0244,14051,oil_bath,0.1631,low
BDES-00404,6205,24.98,8591,0.0201,25385,grease,0.1893,low
BDES-00405,7206AC,33.37,4896,0.0163,20734,grease,0.1115,low
BDES-00406,7206AC,30.31,4690,0.0301,19892,oil_bath,0.0911,low
BDES-00407,6306,48.0,7614,0.0127,29306,grease,0.2334,low
BDES-00408,7206AC,29.62,7226,0.0374,19418,oil_bath,0.1321,low
BDES-00409,NU205,24.21,5148,0.0353,27469,grease,0.0381,low
BDES-00410,NJ306,19.36,6685,0.0213,25073,grease,0.218,low
BDES-00411,6205,31.04,6852,0.0227,8383,oil_mist,0.2472,low
BDES-00412,6205,27.42,5420,0.0392,27828,grease,0.0771,low
BDES-00413,6205,24.92,5427,0.0272,23803,grease,0.0475,low
BDES-00414,6205,27.55,5908,0.0245,24518,grease,0.1065,low
BDES-00415,NU205,36.43,6891,0.046,29502,grease,0.1717,low
BDES-00416,6306,28.77,4422,0.029,25052,grease,0.0,low
BDES-00417,NJ306,24.36,6043,0.0353,22337,grease,0.0462,low
BDES-00418,6306,27.24,3022,0.0236,28089,oil_bath,0.0531,low
BDES-00419,7206AC,22.1,6262,0.032,20391,oil_bath,0.1108,low
BDES-00420,NJ306,39.95,5718,0.0211,27640,oil_mist,0.0466,low
BDES-00421,NU205,32.44,5457,0.0251,20944,grease,0.0532,low
BDES-00422,NJ306,34.76,3725,0.0217,36009,grease,0.1009,low
BDES-00423,6205,34.3,6277,0.0279,37978,grease,0.0,low
BDES-00424,6205,41.73,5353,0.0462,24096,grease,0.1458,low
BDES-00425,7206AC,30.1,7636,0.0338,33828,oil_bath,0.1251,low
BDES-00426,6306,36.77,8074,0.0409,12543,oil_bath,0.3244,medium
BDES-00427,NU205,18.77,5726,0.0307,19923,grease,0.154,low
BDES-00428,NJ306,38.4,7670,0.0369,32470,oil_bath,0.1373,low
BDES-00429,6205,23.99,7236,0.0262,14308,oil_bath,0.1238,low
BDES-00430,7206AC,25.12,4394,0.0275,23944,grease,0.066,low
BDES-00431,6306,26.45,5899,0.0461,24328,grease,0.1665,low
BDES-00432,NU205,33.35,5054,0.0316,23033,grease,0.0,low
BDES-00433,6205,29.92,4657,0.0325,20154,oil_bath,0.061,low
BDES-00434,6306,22.62,9058,0.0241,32147,grease,0.3017,medium
BDES-00435,6205,35.46,7329,0.0332,21318,grease,0.1139,low
BDES-00436,6205,23.79,4677,0.0231,17520,grease,0.1103,low
BDES-00437,6205,29.89,5489,0.0216,23241,oil_bath,0.0627,low
BDES-00438,NJ306,24.66,7287,0.0553,15062,grease,0.3934,medium
BDES-00439,NJ306,34.07,5871,0.0281,19894,grease,0.0137,low
BDES-00440,7206AC,18.35,5779,0.006,20146,grease,0.402,medium
BDES-00441,7206AC,26.81,5532,0.0311,32220,oil_bath,0.0006,low
BDES-00442,6306,36.11,4231,0.0318,18499,oil_bath,0.047,low
BDES-00443,6205,35.25,4736,0.04,19060,oil_bath,0.191,low
BDES-00444,6306,17.84,6169,0.0344,28527,oil_bath,0.1747,low
BDES-00445,6205,36.21,6455,0.0418,31109,oil_bath,0.137,low
BDES-00446,6306,17.39,4536,0.0205,24866,grease,0.189,low
BDES-00447,7206AC,30.01,5307,0.0075,26001,oil_mist,0.22,low
BDES-00448,6205,24.35,7852,0.0254,20368,grease,0.168,low
BDES-00449,6306,27.31,6587,0.0346,9939,grease,0.1566,low
BDES-00450,NJ306,25.55,4739,0.0406,32923,grease,0.0838,low
BDES-00451,6306,23.9,6814,0.0491,20112,grease,0.3005,medium
BDES-00452,6205,39.8,5324,0.0296,18465,oil_mist,0.0583,low
BDES-00453,NU205,20.21,4297,0.0558,25042,grease,0.342,medium
BDES-00454,NU205,29.84,2592,0.006,36206,grease,0.2452,low
BDES-00455,NJ306,18.2,7942,0.0405,27719,grease,0.2884,medium
BDES-00456,6205,31.93,4578,0.0409,21489,oil_bath,0.0951,low
BDES-00457,NJ306,13.49,4542,0.0081,29142,oil_mist,0.3958,medium
BDES-00458,6306,28.82,4711,0.0253,21453,grease,0.0777,low
BDES-00459,NU205,22.36,3442,0.0362,27094,grease,0.0394,low
BDES-00460,6205,28.15,5636,0.022,32836,grease,0.1595,low
BDES-00461,NJ306,24.86,4776,0.0395,10280,grease,0.2508,medium
BDES-00462,7206AC,16.67,3592,0.0445,20919,grease,0.2634,medium
BDES-00463,NJ306,36.64,7509,0.0327,27832,grease,0.074,low
BDES-00464,NJ306,29.38,5604,0.0294,18631,grease,0.0129,low
BDES-00465,7206AC,24.33,6670,0.0421,27452,grease,0.1471,low
BDES-00466,7206AC,10.0,4455,0.0258,26364,grease,0.2868,medium
BDES-00467,6205,28.64,5439,0.0145,23700,grease,0.1227,low
BDES-00468,7206AC,43.43,4519,0.0345,22411,oil_bath,0.0526,low
BDES-00469,7206AC,33.66,6127,0.0162,19349,oil_mist,0.2387,low
BDES-00470,6205,19.94,6352,0.0345,15488,oil_bath,0.1973,low
BDES-00471,6205,39.57,6798,0.0382,8395,grease,0.2451,low
BDES-00472,6205,24.08,6012,0.0226,24134,grease,0.1179,low
BDES-00473,6306,13.62,8149,0.0062,25194,oil_mist,0.5624,high
BDES-00474,NU205,36.91,7875,0.0323,23296,oil_bath,0.1048,low
BDES-00475,6306,28.19,4735,0.0337,18402,grease,0.0604,low
BDES-00476,NJ306,26.82,7947,0.0231,40940,grease,0.2104,low
BDES-00477,6205,27.58,7715,0.0384,37691,oil_mist,0.0742,low
BDES-00478,6205,29.6,6689,0.0371,27471,oil_bath,0.0754,low
BDES-00479,NJ306,21.48,8057,0.0379,20451,oil_bath,0.2738,medium
BDES-00480,NJ306,18.58,3833,0.0264,17951,oil_bath,0.1893,low
BDES-00481,NJ306,34.66,7353,0.0329,26467,oil_bath,0.0222,low
BDES-00482,NJ306,16.53,6108,0.0233,30349,grease,0.1827,low
BDES-00483,NU205,28.67,5972,0.0215,26104,grease,0.044,low
BDES-00484,NJ306,38.7,5576,0.0122,37596,grease,0.2081,low
BDES-00485,NJ306,29.65,8303,0.0212,25279,oil_bath,0.2106,low
BDES-00486,NJ306,26.14,3458,0.0315,23772,grease,0.0,low
BDES-00487,NJ306,25.43,6636,0.0624,24281,oil_mist,0.2922,medium
BDES-00488,6306,31.5,4470,0.0492,26050,grease,0.1159,low
BDES-00489,NJ306,23.37,4983,0.0399,21752,grease,0.0793,low
BDES-00490,7206AC,13.89,4937,0.0358,26581,oil_bath,0.2056,low
BDES-00491,6306,22.15,7040,0.0262,19960,oil_bath,0.0747,low
BDES-00492,NJ306,26.08,9141,0.02,11685,oil_bath,0.3764,medium
BDES-00493,6205,24.24,3975,0.0384,29594,grease,0.0422,low
BDES-00494,7206AC,44.73,4937,0.0329,34488,grease,0.0564,low
BDES-00495,6205,38.17,7511,0.0164,20692,oil_mist,0.2028,low
BDES-00496,NU205,18.49,4854,0.0249,19089,oil_bath,0.1472,low
BDES-00497,NU205,26.44,9512,0.0326,22405,oil_bath,0.2273,low
BDES-00498,6205,30.65,5239,0.0443,34479,grease,0.1446,low
BDES-00499,6306,19.9,7827,0.0272,23512,oil_bath,0.2329,low
BDES-00500,7206AC,25.48,7252,0.0165,25810,grease,0.2152,low
BDES-00501,NU205,25.73,6572,0.0249,26535,oil_bath,0.0275,low
BDES-00502,6205,24.79,7672,0.0327,39908,grease,0.1259,low
BDES-00503,7206AC,31.31,3817,0.0141,31136,oil_bath,0.1229,low
BDES-00504,7206AC,25.59,7972,0.0454,26165,grease,0.248,low
BDES-00505,6205,30.25,6156,0.006,22639,grease,0.2181,low
BDES-00506,7206AC,22.42,5628,0.0149,28525,grease,0.1325,low
BDES-00507,6306,37.79,6472,0.0339,14625,oil_mist,0.0718,low
BDES-00508,NJ306,17.98,7109,0.0286,17120,grease,0.2082,low
BDES-00509,7206AC,24.5,7879,0.017,29148,oil_mist,0.1905,low
BDES-00510,NJ306,24.2,5629,0.0262,29933,grease,0.0631,low
BDES-00511,6205,31.46,7327,0.0357,10815,oil_bath,0.2153,low
BDES-00512,6306,31.17,9169,0.031,12813,oil_bath,0.2763,medium
BDES-00513,6205,27.09,6469,0.0374,18067,oil_bath,0.1108,low
BDES-00514,7206AC,35.89,8002,0.0302,24584,grease,0.1015,low
BDES-00515,6205,19.71,6266,0.0486,21576,oil_mist,0.2377,low
BDES-00516,NU205,18.61,8192,0.0481,25062,oil_bath,0.3413,medium
BDES-00517,7206AC,17.14,6559,0.0439,17914,oil_bath,0.2512,medium
BDES-00518,6205,42.6,4503,0.0163,20064,oil_bath,0.0776,low
BDES-00519,NU205,29.13,5797,0.0332,24225,grease,0.0037,low
BDES-00520,NU205,31.94,6081,0.046,28002,grease,0.1819,low
BDES-00521,7206AC,22.93,4922,0.0455,26602,grease,0.1539,low
BDES-00522,NJ306,21.12,5026,0.032,24249,grease,0.1366,low
BDES-00523,6205,19.62,6796,0.0169,30918,oil_mist,0.1871,low
BDES-00524,NU205,38.44,8914,0.0292,23389,grease,0.1471,low
BDES-00525,NU205,21.39,5818,0.0353,20021,oil_mist,0.1048,low
BDES-00526,6205,28.38,5942,0.0519,28116,grease,0.2232,low
BDES-00527,6306,19.75,7678,0.008,9501,grease,0.5174,high
BDES-00528,NU205,30.35,7785,0.027,30563,oil_bath,0.1221,low
BDES-00529,NU205,46.4,6862,0.0318,29345,oil_bath,0.0369,low
BDES-00530,6205,30.48,6177,0.0351,23550,grease,0.0866,low
BDES-00531,NJ306,37.63,7447,0.0486,23005,grease,0.2566,medium
BDES-00532,6205,35.19,5724,0.0216,27551,grease,0.1304,low
BDES-00533,NJ306,29.83,6661,0.032,21324,grease,0.0384,low
BDES-00534,6205,19.35,5910,0.0188,31574,grease,0.2211,low
BDES-00535,NU205,20.66,3714,0.0308,25334,grease,0.0213,low
BDES-00536,7206AC,26.82,4595,0.0542,22021,oil_mist,0.2923,medium
BDES-00537,7206AC,39.09,6876,0.027,30925,grease,0.0713,low
BDES-00538,6205,24.88,8765,0.0484,22447,grease,0.3078,medium
BDES-00539,6306,24.38,3238,0.0318,35194,oil_bath,0.0071,low
BDES-00540,7206AC,35.13,7862,0.0206,30948,grease,0.2227,low
BDES-00541,6306,25.79,6840,0.0278,37582,oil_bath,0.06,low
BDES-00542,6306,19.74,7711,0.024,24970,grease,0.1692,low
BDES-00543,6306,37.66,5627,0.0247,31850,oil_mist,0.0878,low
BDES-00544,6205,20.46,8837,0.0239,26072,grease,0.3121,medium
BDES-00545,7206AC,25.7,4694,0.0376,27084,grease,0.0475,low
BDES-00546,6205,29.5,5286,0.0313,28163,oil_bath,0.0133,low
BDES-00547,7206AC,40.21,9766,0.0405,26155,grease,0.3636,medium
BDES-00548,7206AC,25.53,4532,0.0479,25123,oil_bath,0.2089,low
BDES-00549,6306,37.11,6632,0.0267,20465,oil_bath,0.0634,low
BDES-00550,NU205,31.79,6374,0.0277,21289,oil_bath,0.028,low
BDES-00551,NJ306,31.04,4190,0.0524,25952,grease,0.2863,medium
BDES-00552,6205,31.22,7340,0.0287,34481,oil_bath,0.0714,low
BDES-00553,7206AC,20.53,4105,0.0319,33021,oil_bath,0.0845,low
BDES-00554,NU205,45.01,4733,0.031,28789,grease,0.0058,low
BDES-00555,NJ306,38.66,6077,0.0554,20898,oil_bath,0.3015,medium
BDES-00556,6205,13.08,3804,0.0265,15854,grease,0.2671,medium
BDES-00557,NU205,38.73,6039,0.0304,21240,grease,0.0237,low
BDES-00558,6306,35.63,5279,0.0456,28902,oil_bath,0.0935,low
BDES-00559,NJ306,29.13,7449,0.0211,24622,grease,0.1751,low
BDES-00560,NU205,26.65,6522,0.0309,15882,oil_bath,0.0246,low
BDES-00561,NJ306,33.99,8203,0.0314,21366,grease,0.1615,low
BDES-00562,7206AC,21.96,7460,0.0456,24814,grease,0.188,low
BDES-00563,7206AC,28.41,9273,0.045,24893,oil_bath,0.3471,medium
BDES-00564,NU205,21.87,6149,0.0371,21283,oil_bath,0.0753,low
BDES-00565,6205,39.08,6681,0.016,22473,oil_bath,0.1751,low
BDES-00566,NU205,26.72,6016,0.031,12929,grease,0.0812,low
BDES-00567,7206AC,31.17,5184,0.0165,22612,grease,0.1091,low
BDES-00568,NJ306,30.33,5855,0.0334,25130,oil_bath,0.0948,low
BDES-00569,NU205,29.2,5209,0.0435,29332,oil_bath,0.1395,low
BDES-00570,NJ306,24.98,9336,0.0371,21061,grease,0.2949,medium
BDES-00571,6205,37.03,4738,0.0364,27987,grease,0.0638,low
BDES-00572,7206AC,20.89,8304,0.0405,20249,grease,0.2717,medium
BDES-00573,NJ306,37.18,5383,0.0255,31999,oil_bath,0.021,low
BDES-00574,6205,31.01,5451,0.0289,19914,grease,0.0955,low
BDES-00575,6205,26.33,5947,0.0181,33024,grease,0.109,low
BDES-00576,7206AC,30.53,8070,0.0152,29046,grease,0.2099,low
BDES-00577,7206AC,18.77,7954,0.0365,27241,grease,0.292,medium
BDES-00578,NJ306,23.84,7618,0.0273,19697,grease,0.1736,low
BDES-00579,7206AC,32.81,7620,0.025,15093,grease,0.2604,medium
BDES-00580,7206AC,30.54,5666,0.0158,23179,grease,0.1116,low
BDES-00581,NJ306,27.83,8487,0.031,26139,grease,0.1166,low
BDES-00582,6205,18.82,5261,0.0454,30768,grease,0.3047,medium
BDES-00583,NU205,25.16,7668,0.0402,20410,grease,0.2102,low
BDES-00584,NJ306,12.09,6472,0.0304,20578,grease,0.1689,low
BDES-00585,NJ306,13.21,6194,0.0218,25443,grease,0.2872,medium
BDES-00586,6306,34.34,8490,0.0227,31860,grease,0.2016,low
BDES-00587,6306,29.15,7722,0.0472,29313,grease,0.3062,medium
BDES-00588,NJ306,36.85,6101,0.059,25971,oil_bath,0.2878,medium
BDES-00589,6306,21.89,5559,0.0285,23091,oil_bath,0.0778,low
BDES-00590,NJ306,29.97,4448,0.0387,24300,grease,0.1348,low
BDES-00591,7206AC,28.96,6627,0.0381,32184,oil_bath,0.0702,low
BDES-00592,NU205,36.47,5277,0.0382,14591,grease,0.1721,low
BDES-00593,6306,28.93,5961,0.0479,25241,oil_mist,0.1605,low
BDES-00594,7206AC,33.96,7121,0.0288,17258,grease,0.1007,low
BDES-00595,6205,25.43,5903,0.0075,35621,grease,0.2763,medium
BDES-00596,7206AC,23.66,5268,0.0148,29634,oil_bath,0.2249,low
BDES-00597,NJ306,29.74,3531,0.022,23914,grease,0.1023,low
BDES-00598,NJ306,27.0,7041,0.0185,25698,grease,0.1408,low
BDES-00599,NJ306,33.25,8153,0.0241,23905,grease,0.2258,low
BDES-00600,NU205,26.39,5175,0.0312,30496,grease,0.0656,low
BDES-00601,NJ306,18.99,6768,0.0506,25875,oil_bath,0.2712,medium
BDES-00602,6306,42.1,6598,0.042,27261,oil_bath,0.1352,low
BDES-00603,7206AC,20.76,4963,0.0312,23114,grease,0.0395,low
BDES-00604,7206AC,22.06,7971,0.0444,24857,grease,0.2693,medium
BDES-00605,6306,39.57,4852,0.045,20048,oil_bath,0.2408,low
BDES-00606,NJ306,12.75,8118,0.0431,22136,grease,0.4589,medium
BDES-00607,6205,31.74,4414,0.0201,24499,oil_mist,0.1053,low
BDES-00608,6205,27.54,5900,0.0277,32434,grease,0.0,low
BDES-00609,6205,30.54,4665,0.0449,13415,oil_mist,0.2425,low
BDES-00610,6306,20.31,5041,0.0495,31791,grease,0.2379,low
BDES-00611,6306,16.85,4135,0.026,19771,grease,0.2511,medium
BDES-00612,6205,42.13,4387,0.0465,23577,grease,0.149,low
BDES-00613,6205,28.23,5802,0.0429,9220,grease,0.3016,medium
BDES-00614,6306,37.15,4646,0.0334,25333,grease,0.057,low
BDES-00615,NJ306,31.78,7576,0.0403,30048,oil_bath,0.1629,low
BDES-00616,6306,33.54,6613,0.0294,17958,oil_bath,0.0655,low
BDES-00617,7206AC,40.95,4429,0.0245,14909,oil_mist,0.1284,low
BDES-00618,NU205,36.19,5644,0.0405,23702,grease,0.1302,low
BDES-00619,6205,34.88,6446,0.0484,8000,grease,0.3706,medium
BDES-00620,6306,28.22,6794,0.0359,21623,grease,0.051,low
BDES-00621,NJ306,46.3,6308,0.0499,28181,oil_bath,0.229,low
BDES-00622,7206AC,17.94,5507,0.0194,13460,grease,0.3293,medium
BDES-00623,6306,22.71,6530,0.038,32291,grease,0.1091,low
BDES-00624,6306,25.34,7737,0.0191,22545,grease,0.2269,low
BDES-00625,NU205,31.36,6806,0.0195,15042,grease,0.1006,low
BDES-00626,7206AC,30.35,4898,0.0431,33910,grease,0.1415,low
BDES-00627,6205,19.96,6679,0.0358,27570,oil_mist,0.1542,low
BDES-00628,6205,27.98,5066,0.0473,33544,grease,0.169,low
BDES-00629,7206AC,17.53,4333,0.0262,21693,grease,0.1809,low
BDES-00630,6205,16.57,3990,0.0174,17575,oil_bath,0.3643,medium
BDES-00631,6205,34.5,4742,0.0228,16641,oil_bath,0.1364,low
BDES-00632,NU205,22.58,3272,0.0368,28184,oil_mist,0.0821,low
BDES-00633,NU205,28.46,4492,0.0459,8211,oil_bath,0.3177,medium
BDES-00634,NJ306,25.71,6189,0.0347,27456,grease,0.0432,low
BDES-00635,NU205,28.76,6592,0.035,9865,oil_bath,0.1579,low
BDES-00636,7206AC,21.25,5739,0.0442,20650,grease,0.2142,low
BDES-00637,6205,32.25,5373,0.028,20554,grease,0.0408,low
BDES-00638,7206AC,23.18,5498,0.0236,21625,grease,0.0679,low
BDES-00639,NJ306,28.57,5126,0.0191,30587,grease,0.0942,low
BDES-00640,NJ306,25.61,6078,0.0248,9797,grease,0.1595,low
BDES-00641,NJ306,25.99,5495,0.0311,25202,grease,0.0,low
BDES-00642,6205,27.26,6056,0.0464,20307,grease,0.2143,low
BDES-00643,NJ306,31.75,5002,0.0208,42000,grease,0.0741,low
BDES-00644,NJ306,18.45,3997,0.0338,15649,grease,0.1851,low
BDES-00645,NJ306,29.89,5877,0.0192,17196,grease,0.1955,low
BDES-00646,NJ306,23.3,5928,0.0359,26799,grease,0.1093,low
BDES-00647,NJ306,20.1,6185,0.029,22725,grease,0.0889,low
BDES-00648,7206AC,25.47,8373,0.0344,32676,grease,0.1456,low
BDES-00649,NU205,31.15,6037,0.0296,27437,oil_bath,0.0,low
BDES-00650,6306,27.98,7047,0.027,18810,grease,0.0782,low
BDES-00651,NJ306,21.9,7154,0.0189,27624,grease,0.2009,low
BDES-00652,6306,26.6,7340,0.032,30024,oil_mist,0.0744,low
BDES-00653,7206AC,28.48,4696,0.0266,37014,grease,0.0576,low
BDES-00654,6306,27.85,7946,0.0322,19508,oil_bath,0.1759,low
BDES-00655,6205,23.44,7989,0.0377,12420,grease,0.333,medium
BDES-00656,7206AC,27.55,7021,0.0468,22645,grease,0.1939,low
BDES-00657,7206AC,32.85,5763,0.0399,27601,grease,0.1174,low
BDES-00658,NU205,32.36,5130,0.052,8000,oil_bath,0.3578,medium
BDES-00659,6306,32.24,5306,0.045,21250,grease,0.1473,low
BDES-00660,NJ306,24.53,7527,0.0326,28568,oil_mist,0.1704,low
BDES-00661,NU205,18.31,8063,0.0234,23654,oil_bath,0.2982,medium
BDES-00662,NJ306,27.89,5460,0.0407,22141,grease,0.0883,low
BDES-00663,7206AC,19.11,6431,0.0122,24779,oil_bath,0.2382,low
BDES-00664,6205,26.12,9281,0.0181,39122,grease,0.3914,medium
BDES-00665,6306,25.38,5922,0.0316,26089,oil_mist,0.0,low
BDES-00666,6205,23.12,5654,0.0211,22251,grease,0.1389,low
BDES-00667,NU205,25.12,4185,0.0435,25304,grease,0.2142,low
BDES-00668,NU205,28.64,6177,0.0289,26380,oil_bath,0.0,low
BDES-00669,NU205,28.45,3734,0.0297,23272,grease,0.0,low
BDES-00670,6205,33.37,5065,0.0232,25522,grease,0.0026,low
BDES-00671,6306,32.53,6416,0.0271,13530,oil_mist,0.1135,low
BDES-00672,7206AC,31.19,5456,0.0261,17775,grease,0.0638,low
BDES-00673,7206AC,23.66,6242,0.0329,29307,oil_bath,0.0155,low
BDES-00674,6306,37.47,7457,0.0226,23047,grease,0.149,low
BDES-00675,6306,41.06,6585,0.0187,16511,oil_mist,0.2245,low
BDES-00676,6205,41.3,7538,0.0179,31205,grease,0.1819,low
BDES-00677,NU205,15.67,4297,0.0444,21990,oil_bath,0.3799,medium
BDES-00678,6205,31.64,5778,0.0464,29703,oil_mist,0.1686,low
BDES-00679,6306,22.66,4926,0.0261,20123,grease,0.0882,low
BDES-00680,NU205,25.32,7033,0.0227,14335,oil_bath,0.2821,medium
BDES-00681,NJ306,28.53,8528,0.0242,21410,grease,0.1469,low
BDES-00682,7206AC,26.31,5467,0.0225,27752,grease,0.0723,low
BDES-00683,NJ306,28.74,3590,0.0308,14269,grease,0.0447,low
BDES-00684,NU205,22.22,5321,0.014,26754,grease,0.2506,medium
BDES-00685,6306,25.33,7101,0.0255,36272,oil_bath,0.1156,low
BDES-00686,7206AC,33.88,3870,0.027,16922,oil_bath,0.0952,low
BDES-00687,6306,23.14,6242,0.0233,13118,grease,0.2123,low
BDES-00688,6306,35.23,6094,0.0261,8000,oil_mist,0.249,low
BDES-00689,6205,35.1,6970,0.0277,27698,grease,0.0347,low
BDES-00690,NJ306,23.09,5470,0.0542,16559,grease,0.3443,medium
BDES-00691,6205,24.47,3556,0.0471,27733,grease,0.17,low
BDES-00692,7206AC,18.54,7250,0.0283,27900,oil_bath,0.115,low
BDES-00693,7206AC,31.32,4717,0.0207,12795,oil_bath,0.1875,low
BDES-00694,6306,35.24,4819,0.0275,21427,oil_bath,0.0373,low
BDES-00695,7206AC,34.44,4575,0.0324,24723,oil_bath,0.0,low
BDES-00696,6205,44.13,6748,0.0359,21600,grease,0.1555,low
BDES-00697,NJ306,22.74,8923,0.0427,11879,oil_bath,0.3761,medium
BDES-00698,6205,31.12,3795,0.0247,28589,grease,0.0924,low
BDES-00699,NU205,37.26,7534,0.0168,25161,oil_bath,0.1685,low
BDES-00700,7206AC,16.57,6344,0.0354,22662,oil_bath,0.2125,low
BDES-00701,6306,18.9,4991,0.0368,27034,grease,0.1862,low
BDES-00702,NJ306,34.0,8705,0.0239,9142,oil_mist,0.3271,medium
BDES-00703,NJ306,32.13,6141,0.0456,17379,grease,0.1581,low
BDES-00704,7206AC,13.06,7049,0.0167,16928,grease,0.4307,medium
BDES-00705,6306,27.18,7524,0.006,8000,oil_bath,0.4741,medium
BDES-00706,NU205,30.6,5428,0.0284,25679,grease,0.0819,low
BDES-00707,6205,22.43,4787,0.0064,24299,grease,0.2627,medium
BDES-00708,7206AC,26.76,5850,0.0186,20277,grease,0.1112,low
BDES-00709,NJ306,25.23,7068,0.006,30245,oil_bath,0.3059,medium
BDES-00710,6205,34.41,7007,0.0335,16814,grease,0.1827,low
BDES-00711,6205,34.14,3980,0.0201,34330,oil_bath,0.0679,low
BDES-00712,NJ306,17.32,5002,0.0219,18736,grease,0.215,low
BDES-00713,NU205,24.52,6355,0.0362,26742,grease,0.0627,low
BDES-00714,NJ306,23.48,7188,0.0258,34891,grease,0.1392,low
BDES-00715,NU205,15.51,6028,0.0301,31333,grease,0.1662,low
BDES-00716,6205,24.34,3734,0.0375,25119,oil_bath,0.0786,low
BDES-00717,6205,24.52,4493,0.0099,38331,grease,0.1864,low
BDES-00718,7206AC,29.14,7606,0.0215,21231,grease,0.2041,low
BDES-00719,7206AC,44.28,5282,0.0392,18154,grease,0.0969,low
BDES-00720,NU205,33.92,5689,0.0439,22902,grease,0.168,low
BDES-00721,7206AC,28.66,6355,0.0275,19481,oil_bath,0.027,low
BDES-00722,NJ306,14.17,7299,0.0257,31518,grease,0.3366,medium
BDES-00723,6306,18.76,4732,0.0355,23805,oil_bath,0.1591,low
BDES-00724,NJ306,15.01,3767,0.0447,28144,grease,0.2242,low
BDES-00725,6306,21.91,6215,0.0442,35112,grease,0.1586,low
BDES-00726,NJ306,30.54,6784,0.0512,23075,grease,0.2329,low
BDES-00727,NJ306,12.95,6644,0.0379,25674,oil_bath,0.3344,medium
BDES-00728,NJ306,25.58,5828,0.0218,28488,grease,0.0469,low
BDES-00729,6306,30.84,5380,0.0437,24526,oil_mist,0.0998,low
BDES-00730,6306,29.63,7352,0.0252,35885,oil_bath,0.1033,low
BDES-00731,NJ306,23.8,8716,0.03,13868,grease,0.2013,low
BDES-00732,NU205,28.39,4203,0.0089,19723,grease,0.255,medium
BDES-00733,6306,23.13,6534,0.024,25374,grease,0.129,low
BDES-00734,7206AC,34.03,9650,0.0406,21648,oil_bath,0.3034,medium
BDES-00735,6306,33.24,5907,0.0496,30855,grease,0.2097,low
BDES-00736,7206AC,17.65,5906,0.0172,18675,oil_bath,0.3029,medium
BDES-00737,NJ306,22.87,5198,0.0116,37328,grease,0.1907,low
BDES-00738,7206AC,40.41,6871,0.006,32726,oil_bath,0.284,medium
BDES-00739,NU205,15.43,7469,0.0166,21984,grease,0.3523,medium
BDES-00740,7206AC,29.4,5555,0.0508,21536,grease,0.1776,low
BDES-00741,6205,25.69,6478,0.0562,33609,grease,0.2231,low
BDES-00742,6306,29.09,6283,0.0328,28393,grease,0.0685,low
BDES-00743,7206AC,26.69,7210,0.0407,34542,oil_bath,0.1664,low
BDES-00744,7206AC,37.2,4296,0.0388,25879,grease,0.0485,low
BDES-00745,7206AC,28.2,5245,0.0315,19758,grease,0.0,low
BDES-00746,6205,24.77,3496,0.0359,21725,oil_bath,0.0756,low
BDES-00747,NU205,27.83,4316,0.0123,27525,oil_bath,0.1039,low
BDES-00748,NU205,31.56,5341,0.0453,28025,grease,0.1887,low
BDES-00749,6306,19.32,5240,0.031,21946,grease,0.0879,low
BDES-00750,NU205,30.6,6144,0.0186,36529,grease,0.1347,low
BDES-00751,6306,30.42,5236,0.0385,27325,oil_bath,0.1029,low
BDES-00752,NU205,28.24,7488,0.0304,21284,grease,0.1073,low
BDES-00753,NJ306,41.28,4022,0.0092,19943,grease,0.2155,low
BDES-00754,NJ306,22.15,4735,0.0228,17408,grease,0.1691,low
BDES-00755,NU205,21.31,4317,0.0345,19529,oil_bath,0.197,low
BDES-00756,NJ306,25.41,5923,0.0315,23699,oil_bath,0.0014,low
BDES-00757,6306,31.15,4386,0.0274,23344,grease,0.0407,low
BDES-00758,7206AC,17.04,7646,0.0316,30175,grease,0.2523,medium
BDES-00759,NJ306,33.15,7299,0.0555,21094,oil_bath,0.3602,medium
BDES-00760,6205,16.55,6161,0.0228,19778,grease,0.2498,low
BDES-00761,7206AC,38.04,2500,0.0314,22455,oil_mist,0.0149,low
BDES-00762,NU205,33.04,4619,0.0315,20428,grease,0.0596,low
BDES-00763,NU205,30.61,5722,0.0171,24602,oil_mist,0.1603,low
BDES-00764,6205,33.86,4420,0.0289,24335,grease,0.0246,low
BDES-00765,6205,25.2,5813,0.0352,30604,grease,0.0984,low
BDES-00766,7206AC,26.49,8190,0.0226,20878,grease,0.1794,low
BDES-00767,NJ306,27.13,3705,0.0517,31415,grease,0.2162,low
BDES-00768,6306,26.24,7647,0.0256,28501,oil_bath,0.1123,low
BDES-00769,NU205,15.66,5359,0.0446,21433,grease,0.2567,medium
BDES-00770,7206AC,27.35,6777,0.0153,25420,grease,0.1553,low
BDES-00771,NU205,32.73,4514,0.0299,17797,grease,0.1145,low
BDES-00772,6306,29.53,7433,0.0178,24979,oil_bath,0.1848,low
BDES-00773,NU205,33.35,5355,0.0099,22579,oil_bath,0.2147,low
BDES-00774,NJ306,25.6,5496,0.028,15906,oil_mist,0.1085,low
BDES-00775,6205,25.08,4505,0.038,31766,grease,0.0548,low
BDES-00776,7206AC,28.48,5208,0.006,24104,oil_bath,0.2481,low
BDES-00777,7206AC,29.35,7803,0.0185,23185,oil_mist,0.1659,low
BDES-00778,NU205,29.68,10506,0.0329,14534,grease,0.2741,medium
BDES-00779,6205,48.0,5596,0.0234,21002,grease,0.0756,low
BDES-00780,NU205,23.11,6730,0.056,23398,oil_bath,0.2794,medium
BDES-00781,6306,18.25,5793,0.0271,30945,grease,0.106,low
BDES-00782,6205,23.79,6500,0.008,22348,grease,0.197,low
BDES-00783,NJ306,18.04,6052,0.006,14528,grease,0.4843,medium
BDES-00784,6205,28.62,6959,0.0264,22587,grease,0.0665,low
BDES-00785,NJ306,37.0,6154,0.0358,28406,oil_bath,0.0401,low
BDES-00786,NU205,27.27,6873,0.039,27836,oil_mist,0.0814,low
BDES-00787,NJ306,35.52,7241,0.0312,17128,grease,0.0747,low
BDES-00788,6205,28.09,5742,0.0263,26268,oil_bath,0.0632,low
BDES-00789,6306,35.65,4893,0.0421,39315,oil_bath,0.1017,low
BDES-00790,6205,27.71,6961,0.0273,25555,grease,0.0333,low
BDES-00791,NU205,40.09,8489,0.0497,17216,oil_mist,0.3389,medium
BDES-00792,NJ306,33.69,4268,0.0544,19997,grease,0.2667,medium
BDES-00793,7206AC,34.39,4247,0.0398,31805,grease,0.0988,low
BDES-00794,6306,27.42,8043,0.0486,15622,grease,0.3137,medium
BDES-00795,7206AC,25.12,5047,0.0438,25982,grease,0.1893,low
BDES-00796,6306,35.87,6516,0.0313,29588,oil_bath,0.0,low
BDES-00797,NJ306,14.95,6636,0.0088,20119,grease,0.3831,medium
BDES-00798,NU205,36.75,7658,0.0212,24252,oil_bath,0.1636,low
BDES-00799,6306,39.4,6422,0.0371,29233,oil_mist,0.0392,low
BDES-00800,6205,19.17,6262,0.0353,21890,oil_mist,0.1979,low
