manufacturing_batch_id,heat_treatment_temp,tempering_temp,grinding_quality,roundness_error,roughness,equipment_id,manufacturing_risk_score,manufacturing_risk_level
BMAN-00001,835.7,191.7,0.8014,0.54,0.085,EQ-GR-022,0.0937,low
BMAN-00002,833.8,212.1,0.7301,0.609,0.164,EQ-GR-038,0.21,low
BMAN-00003,784.5,170.2,0.8277,1.079,0.11,EQ-GR-027,0.3062,medium
BMAN-00004,836.5,197.4,0.7024,1.414,0.53,EQ-GR-091,0.3205,medium
BMAN-00005,877.3,197.1,0.8217,0.271,0.122,EQ-GR-066,0.3088,medium
BMAN-00006,847.9,167.9,0.6409,0.647,0.087,EQ-GR-081,0.1151,low
BMAN-00007,833.2,167.2,0.6878,0.734,0.199,EQ-GR-066,0.1302,low
BMAN-00008,778.4,152.9,0.5755,1.758,0.16,EQ-GR-019,0.4172,medium
BMAN-00009,859.8,153.1,0.5658,2.043,0.454,EQ-GR-021,0.3799,medium
BMAN-00010,827.8,154.5,0.8125,1.608,0.05,EQ-GR-045,0.2559,medium
BMAN-00011,823.6,164.5,0.4438,4.257,0.639,EQ-GR-046,0.4905,medium
BMAN-00012,792.3,158.2,0.5601,3.936,0.079,EQ-GR-116,0.4437,medium
BMAN-00013,830.0,173.4,0.6713,3.139,0.644,EQ-GR-070,0.2931,medium
BMAN-00014,851.0,170.2,0.8118,1.754,1.25,EQ-GR-066,0.4533,medium
BMAN-00015,788.3,171.4,0.821,2.417,0.485,EQ-GR-044,0.4422,medium
BMAN-00016,889.4,189.8,0.7636,0.334,0.135,EQ-GR-113,0.3597,medium
BMAN-00017,900.0,208.3,0.3219,1.643,0.274,EQ-GR-004,0.6238,high
BMAN-00018,800.7,155.5,0.6935,0.527,0.767,EQ-GR-108,0.4334,medium
BMAN-00019,789.9,178.0,0.6187,1.291,0.511,EQ-GR-076,0.4534,medium
BMAN-00020,802.4,140.2,0.853,1.028,0.272,EQ-GR-015,0.3328,medium
BMAN-00021,864.4,199.3,0.5736,0.558,0.102,EQ-GR-059,0.248,low
BMAN-00022,832.3,180.1,0.7258,0.903,0.108,EQ-GR-102,0.1441,low
BMAN-00023,853.2,171.6,0.7117,1.914,0.341,EQ-GR-041,0.2842,medium
BMAN-00024,871.5,185.0,0.8272,3.961,0.11,EQ-GR-107,0.313,medium
BMAN-00025,824.2,193.2,0.5262,3.667,0.28,EQ-GR-088,0.3759,medium
BMAN-00026,838.8,185.8,0.7828,3.06,0.448,EQ-GR-050,0.2591,medium
BMAN-00027,821.5,199.3,0.9173,3.355,0.145,EQ-GR-028,0.2329,low
BMAN-00028,832.2,165.0,0.4734,0.343,0.609,EQ-GR-021,0.3487,medium
BMAN-00029,862.1,176.9,0.653,2.119,0.218,EQ-GR-094,0.2695,medium
BMAN-00030,772.8,168.3,0.67,1.787,0.493,EQ-GR-033,0.4689,medium
BMAN-00031,845.2,157.6,0.8149,1.344,0.164,EQ-GR-011,0.2214,low
BMAN-00032,817.7,197.5,0.6933,0.2,0.269,EQ-GR-075,0.286,medium
BMAN-00033,844.0,167.6,0.8532,1.961,0.05,EQ-GR-054,0.1179,low
BMAN-00034,877.9,140.8,0.6447,3.935,0.323,EQ-GR-103,0.5319,high
BMAN-00035,836.8,153.0,0.7256,1.853,0.271,EQ-GR-096,0.1869,low
BMAN-00036,833.4,161.7,0.7217,4.381,0.316,EQ-GR-089,0.3204,medium
BMAN-00037,890.1,140.5,0.6587,1.137,0.295,EQ-GR-068,0.399,medium
BMAN-00038,848.6,158.2,0.7734,0.835,0.311,EQ-GR-116,0.2219,low
BMAN-00039,849.9,202.3,0.7776,4.777,0.05,EQ-GR-064,0.2966,medium
BMAN-00040,848.9,159.4,0.7772,0.489,0.163,EQ-GR-112,0.1644,low
BMAN-00041,859.6,211.6,0.6453,3.788,0.846,EQ-GR-071,0.5563,high
BMAN-00042,806.5,186.2,0.7978,3.572,0.05,EQ-GR-089,0.3246,medium
BMAN-00043,817.8,180.8,0.543,0.641,0.068,EQ-GR-106,0.2365,low
BMAN-00044,869.0,182.9,0.5767,2.77,0.296,EQ-GR-052,0.4118,medium
BMAN-00045,815.5,163.1,0.7261,1.157,0.052,EQ-GR-032,0.2315,low
BMAN-00046,844.6,162.6,0.7657,0.22,0.246,EQ-GR-061,0.1357,low
BMAN-00047,839.3,199.4,0.7147,2.702,0.789,EQ-GR-093,0.348,medium
BMAN-00048,842.3,168.0,0.8261,0.575,0.188,EQ-GR-007,0.1973,low
BMAN-00049,832.1,176.8,0.5044,3.569,0.316,EQ-GR-116,0.2111,low
BMAN-00050,841.2,180.9,0.821,4.434,0.221,EQ-GR-051,0.2808,medium
BMAN-00051,871.9,194.5,0.76,0.812,0.475,EQ-GR-050,0.388,medium
BMAN-00052,800.1,153.2,0.9757,2.758,1.032,EQ-GR-061,0.5156,high
BMAN-00053,828.5,162.3,0.7418,0.676,0.183,EQ-GR-111,0.149,low
BMAN-00054,832.5,169.2,0.68,0.741,0.281,EQ-GR-072,0.1923,low
BMAN-00055,850.1,186.8,0.7675,4.168,0.136,EQ-GR-078,0.2774,medium
BMAN-00056,830.9,200.9,0.714,2.281,1.019,EQ-GR-094,0.4627,medium
BMAN-00057,817.5,184.7,0.8659,1.412,0.49,EQ-GR-078,0.3145,medium
BMAN-00058,828.7,157.7,0.3,1.156,0.239,EQ-GR-083,0.2936,medium
BMAN-00059,797.4,170.8,0.7111,2.302,0.169,EQ-GR-106,0.3916,medium
BMAN-00060,840.9,164.9,0.518,2.148,0.165,EQ-GR-068,0.2528,medium
BMAN-00061,829.5,169.0,0.604,1.085,0.811,EQ-GR-026,0.4147,medium
BMAN-00062,832.4,172.6,0.6505,1.036,0.253,EQ-GR-046,0.1835,low
BMAN-00063,825.4,177.1,0.7676,5.382,0.208,EQ-GR-011,0.2765,medium
BMAN-00064,837.7,193.4,0.9382,2.613,0.134,EQ-GR-003,0.1673,low
BMAN-00065,824.8,132.0,0.7897,3.597,0.189,EQ-GR-070,0.3408,medium
BMAN-00066,803.2,190.6,0.7393,4.546,0.406,EQ-GR-095,0.4057,medium
BMAN-00067,820.2,173.5,0.5784,0.925,0.577,EQ-GR-028,0.3161,medium
BMAN-00068,851.9,166.7,0.9274,2.768,0.477,EQ-GR-111,0.2735,medium
BMAN-00069,848.4,164.1,0.7511,3.06,0.583,EQ-GR-031,0.3383,medium
BMAN-00070,803.0,186.7,0.8739,0.576,0.231,EQ-GR-118,0.1965,low
BMAN-00071,857.1,174.4,0.809,1.322,0.649,EQ-GR-038,0.2815,medium
BMAN-00072,879.0,164.4,0.6602,1.643,0.726,EQ-GR-109,0.4447,medium
BMAN-00073,816.2,205.9,0.7674,3.135,0.416,EQ-GR-095,0.3616,medium
BMAN-00074,823.4,198.7,0.8002,7.923,0.22,EQ-GR-047,0.3889,medium
BMAN-00075,832.8,163.3,0.6123,1.518,0.439,EQ-GR-093,0.2915,medium
BMAN-00076,817.0,161.2,0.6105,3.109,0.145,EQ-GR-061,0.3254,medium
BMAN-00077,805.1,156.7,0.9604,4.745,0.695,EQ-GR-040,0.3995,medium
BMAN-00078,842.4,169.5,0.7016,0.393,0.501,EQ-GR-112,0.1663,low
BMAN-00079,809.1,192.1,0.7467,1.295,0.179,EQ-GR-055,0.3292,medium
BMAN-00080,820.1,188.3,0.8766,1.475,0.442,EQ-GR-070,0.2664,medium
BMAN-00081,833.3,171.5,0.6083,2.596,0.075,EQ-GR-103,0.278,medium
BMAN-00082,803.0,181.2,0.8195,3.443,0.409,EQ-GR-036,0.3803,medium
BMAN-00083,862.0,174.2,0.7982,4.309,0.411,EQ-GR-031,0.3684,medium
BMAN-00084,797.2,181.6,0.6816,0.804,0.671,EQ-GR-015,0.363,medium
BMAN-00085,817.6,137.4,0.7919,0.528,0.248,EQ-GR-012,0.2816,medium
BMAN-00086,866.4,145.8,0.7607,5.342,0.081,EQ-GR-008,0.4412,medium
BMAN-00087,832.6,168.6,0.3859,3.597,0.178,EQ-GR-026,0.2708,medium
BMAN-00088,840.2,165.4,0.6184,2.094,0.164,EQ-GR-036,0.2113,low
BMAN-00089,812.1,172.7,0.7824,2.848,0.447,EQ-GR-060,0.295,medium
BMAN-00090,874.9,154.4,0.8828,2.021,0.328,EQ-GR-053,0.3034,medium
BMAN-00091,856.3,166.2,0.913,3.973,0.178,EQ-GR-015,0.2648,medium
BMAN-00092,816.5,192.7,0.7169,2.676,0.767,EQ-GR-048,0.403,medium
BMAN-00093,831.9,156.3,0.6116,2.502,0.073,EQ-GR-120,0.1688,low
BMAN-00094,831.6,166.4,0.7635,3.125,0.526,EQ-GR-096,0.2988,medium
BMAN-00095,847.4,164.1,0.6866,0.918,0.161,EQ-GR-012,0.2281,low
BMAN-00096,858.0,176.7,0.7858,2.044,0.688,EQ-GR-036,0.3627,medium
BMAN-00097,832.1,168.3,0.8444,3.287,1.25,EQ-GR-062,0.3261,medium
BMAN-00098,811.7,185.4,0.72,0.991,0.675,EQ-GR-091,0.335,medium
BMAN-00099,863.9,171.7,0.9099,0.844,0.187,EQ-GR-008,0.2279,low
BMAN-00100,828.8,160.1,0.6181,4.592,0.266,EQ-GR-108,0.3073,medium
BMAN-00101,835.0,204.1,0.5882,6.241,0.178,EQ-GR-116,0.3486,medium
BMAN-00102,833.0,183.8,0.8867,8.085,0.198,EQ-GR-073,0.2865,medium
BMAN-00103,839.1,203.3,0.7944,2.216,0.063,EQ-GR-045,0.148,low
BMAN-00104,858.2,164.8,0.7756,1.091,0.166,EQ-GR-116,0.2553,medium
BMAN-00105,801.8,181.4,0.8563,3.24,0.3,EQ-GR-095,0.4116,medium
BMAN-00106,785.7,216.2,0.7469,2.681,0.05,EQ-GR-071,0.4439,medium
BMAN-00107,832.0,188.6,0.682,2.911,0.643,EQ-GR-095,0.3364,medium
BMAN-00108,826.1,143.5,0.8916,3.272,0.372,EQ-GR-090,0.2942,medium
BMAN-00109,821.8,179.7,0.7466,3.485,0.632,EQ-GR-008,0.3771,medium
BMAN-00110,805.4,179.3,0.8827,0.231,0.401,EQ-GR-088,0.1824,low
BMAN-00111,881.3,169.7,0.6371,4.862,0.211,EQ-GR-074,0.5213,high
BMAN-00112,816.7,167.8,0.7903,3.029,0.135,EQ-GR-044,0.2992,medium
BMAN-00113,807.6,183.3,0.8225,2.238,0.356,EQ-GR-090,0.3072,medium
BMAN-00114,837.6,169.1,0.4611,2.571,0.531,EQ-GR-117,0.3173,medium
BMAN-00115,820.2,189.5,0.7139,1.155,0.286,EQ-GR-006,0.2658,medium
BMAN-00116,826.3,168.2,0.8536,2.951,0.184,EQ-GR-086,0.2027,low
BMAN-00117,820.3,175.1,0.846,5.295,0.474,EQ-GR-065,0.3104,medium
BMAN-00118,830.7,173.3,0.4018,0.973,0.263,EQ-GR-101,0.2584,medium
BMAN-00119,804.8,181.9,0.7929,3.084,0.295,EQ-GR-098,0.3281,medium
BMAN-00120,841.8,140.0,0.8821,5.085,0.448,EQ-GR-021,0.3403,medium
BMAN-00121,833.8,196.2,0.8422,5.366,0.561,EQ-GR-119,0.3844,medium
BMAN-00122,808.3,188.6,0.9143,4.004,0.395,EQ-GR-119,0.3392,medium
BMAN-00123,898.4,205.2,0.9414,0.294,0.291,EQ-GR-043,0.4291,medium
BMAN-00124,830.1,166.2,0.4101,3.671,0.201,EQ-GR-118,0.3277,medium
BMAN-00125,871.8,188.1,0.7997,1.983,0.398,EQ-GR-068,0.3956,medium
BMAN-00126,824.0,184.5,0.7033,3.758,0.45,EQ-GR-110,0.3037,medium
BMAN-00127,835.0,150.0,0.6289,2.855,0.616,EQ-GR-055,0.3396,medium
BMAN-00128,830.6,166.8,0.7069,6.874,0.313,EQ-GR-012,0.4079,medium
BMAN-00129,812.7,166.2,0.963,1.099,0.06,EQ-GR-023,0.1619,low
BMAN-00130,829.1,185.2,0.7438,1.038,0.56,EQ-GR-090,0.2458,low
BMAN-00131,837.4,160.8,0.7832,4.414,0.639,EQ-GR-080,0.3405,medium
BMAN-00132,807.6,174.7,0.6421,3.797,0.241,EQ-GR-043,0.2935,medium
BMAN-00133,847.2,200.2,0.6956,3.56,0.299,EQ-GR-091,0.2707,medium
BMAN-00134,818.4,193.8,0.7353,3.283,0.301,EQ-GR-006,0.3519,medium
BMAN-00135,860.3,173.7,0.7932,0.922,0.246,EQ-GR-057,0.2449,low
BMAN-00136,833.3,187.4,0.7467,3.922,0.05,EQ-GR-113,0.2218,low
BMAN-00137,831.5,157.8,0.567,0.372,0.247,EQ-GR-001,0.2547,medium
BMAN-00138,822.6,180.4,0.6653,4.784,0.604,EQ-GR-004,0.3884,medium
BMAN-00139,825.6,156.8,0.8913,3.129,0.155,EQ-GR-087,0.2348,low
BMAN-00140,837.8,217.9,0.8171,3.037,0.599,EQ-GR-114,0.3036,medium
BMAN-00141,865.1,182.2,0.3,3.92,0.496,EQ-GR-013,0.6004,high
BMAN-00142,828.8,185.2,0.7461,2.859,0.277,EQ-GR-084,0.2985,medium
BMAN-00143,839.1,185.5,0.7747,4.741,0.074,EQ-GR-116,0.2353,low
BMAN-00144,862.7,184.4,0.6776,7.555,0.205,EQ-GR-003,0.4128,medium
BMAN-00145,827.6,194.0,0.8211,2.12,0.121,EQ-GR-022,0.16,low
BMAN-00146,864.5,126.4,0.6524,1.45,0.156,EQ-GR-025,0.4073,medium
BMAN-00147,858.1,160.0,0.7507,1.948,0.351,EQ-GR-015,0.3065,medium
BMAN-00148,839.1,193.0,0.9424,4.939,0.05,EQ-GR-058,0.1897,low
BMAN-00149,851.2,180.2,0.3583,2.951,0.18,EQ-GR-033,0.3712,medium
BMAN-00150,835.9,166.7,0.4409,0.526,0.098,EQ-GR-080,0.2156,low
BMAN-00151,820.2,132.6,0.8173,4.517,0.118,EQ-GR-042,0.3856,medium
BMAN-00152,837.6,175.1,0.8515,5.923,0.128,EQ-GR-051,0.255,medium
BMAN-00153,827.3,138.1,0.4741,0.97,0.964,EQ-GR-031,0.4664,medium
BMAN-00154,850.1,155.1,0.836,2.12,0.225,EQ-GR-031,0.2717,medium
BMAN-00155,831.8,173.0,0.8057,1.687,0.302,EQ-GR-009,0.21,low
BMAN-00156,846.5,165.3,0.9448,1.464,0.311,EQ-GR-023,0.1808,low
BMAN-00157,835.4,194.3,0.3,4.676,0.357,EQ-GR-102,0.413,medium
BMAN-00158,815.4,187.5,0.7645,1.245,0.339,EQ-GR-025,0.2982,medium
BMAN-00159,843.4,163.5,0.6344,1.662,0.144,EQ-GR-065,0.2482,low
BMAN-00160,864.7,208.5,0.5353,1.486,0.294,EQ-GR-109,0.4217,medium
BMAN-00161,850.1,182.3,0.8745,4.167,0.175,EQ-GR-112,0.222,low
BMAN-00162,852.2,163.8,0.9384,6.775,0.314,EQ-GR-021,0.3516,medium
BMAN-00163,859.6,179.7,0.874,1.882,0.123,EQ-GR-092,0.1922,low
BMAN-00164,842.5,191.4,0.6672,1.581,0.244,EQ-GR-095,0.2522,medium
BMAN-00165,838.5,177.9,0.8105,1.605,0.176,EQ-GR-086,0.1331,low
BMAN-00166,855.2,170.6,0.6219,2.738,0.176,EQ-GR-014,0.2596,medium
BMAN-00167,820.9,166.4,0.8853,1.493,0.34,EQ-GR-044,0.1928,low
BMAN-00168,877.6,177.1,0.9181,4.573,0.31,EQ-GR-038,0.3296,medium
BMAN-00169,832.6,175.6,0.6436,1.899,0.741,EQ-GR-047,0.3239,medium
BMAN-00170,822.9,172.2,0.4403,7.305,0.604,EQ-GR-111,0.4944,medium
BMAN-00171,772.2,173.0,0.7017,1.492,0.357,EQ-GR-083,0.3683,medium
BMAN-00172,804.3,194.0,0.7026,8.902,1.126,EQ-GR-062,0.684,high
BMAN-00173,822.3,186.0,0.8973,1.875,0.897,EQ-GR-046,0.3426,medium
BMAN-00174,838.6,196.4,0.7075,4.365,0.461,EQ-GR-100,0.3207,medium
BMAN-00175,859.2,161.2,0.6245,0.468,0.946,EQ-GR-099,0.414,medium
BMAN-00176,826.2,170.7,0.5666,0.553,0.45,EQ-GR-035,0.2474,low
BMAN-00177,823.3,151.9,0.3552,3.118,0.276,EQ-GR-006,0.3878,medium
BMAN-00178,818.6,145.6,0.38,0.923,0.675,EQ-GR-029,0.4977,medium
BMAN-00179,865.9,170.9,0.9081,1.565,0.466,EQ-GR-079,0.2929,medium
BMAN-00180,823.0,174.9,0.9807,0.538,0.107,EQ-GR-044,0.0651,low
BMAN-00181,842.0,169.8,0.6104,0.32,0.763,EQ-GR-052,0.3647,medium
BMAN-00182,819.1,179.4,0.877,3.401,0.291,EQ-GR-030,0.239,low
BMAN-00183,813.1,168.7,0.8251,2.387,0.083,EQ-GR-105,0.2027,low
BMAN-00184,824.3,147.3,0.4142,0.343,0.3,EQ-GR-043,0.3741,medium
BMAN-00185,818.9,157.4,0.7678,0.921,0.377,EQ-GR-034,0.2452,low
BMAN-00186,859.8,156.8,0.8586,3.096,0.204,EQ-GR-075,0.2722,medium
BMAN-00187,845.5,163.9,0.6916,0.746,0.29,EQ-GR-052,0.2752,medium
BMAN-00188,833.3,171.4,0.3845,3.529,0.689,EQ-GR-116,0.404,medium
BMAN-00189,856.8,174.8,0.8996,3.897,0.144,EQ-GR-042,0.2101,low
BMAN-00190,809.1,174.4,0.7239,1.255,0.739,EQ-GR-075,0.3131,medium
BMAN-00191,816.4,205.3,0.5842,4.827,0.221,EQ-GR-082,0.4596,medium
BMAN-00192,828.8,150.9,0.6627,1.609,0.225,EQ-GR-106,0.1906,low
BMAN-00193,826.8,146.8,0.9408,0.2,0.263,EQ-GR-025,0.2478,low
BMAN-00194,818.5,165.2,0.8539,3.29,0.474,EQ-GR-087,0.3292,medium
BMAN-00195,853.4,139.3,0.6994,0.484,0.503,EQ-GR-077,0.4376,medium
BMAN-00196,879.9,170.5,0.9181,2.309,0.337,EQ-GR-104,0.3578,medium
BMAN-00197,833.1,186.2,0.9362,0.494,0.467,EQ-GR-056,0.1945,low
BMAN-00198,836.6,169.3,0.7198,3.218,0.287,EQ-GR-116,0.2679,medium
BMAN-00199,828.6,184.7,0.6836,3.22,0.133,EQ-GR-022,0.2149,low
BMAN-00200,845.0,190.4,0.5446,2.576,0.944,EQ-GR-010,0.4234,medium
BMAN-00201,835.7,171.6,0.9482,1.088,0.318,EQ-GR-088,0.0879,low
BMAN-00202,822.7,195.6,0.5122,1.523,0.145,EQ-GR-100,0.3068,medium
BMAN-00203,815.5,207.3,0.5,2.368,0.719,EQ-GR-011,0.4969,medium
BMAN-00204,832.3,171.9,0.7269,6.191,0.102,EQ-GR-075,0.2448,low
BMAN-00205,823.2,186.7,0.6955,1.213,0.257,EQ-GR-072,0.2754,medium
BMAN-00206,827.1,180.3,0.8317,1.762,0.226,EQ-GR-116,0.1837,low
BMAN-00207,842.1,194.5,0.7313,1.996,0.395,EQ-GR-003,0.3174,medium
BMAN-00208,838.6,175.3,0.644,0.84,0.156,EQ-GR-105,0.1644,low
BMAN-00209,825.9,157.0,0.8733,1.469,0.452,EQ-GR-023,0.2253,low
BMAN-00210,829.8,222.6,0.6741,1.825,0.296,EQ-GR-065,0.3862,medium
BMAN-00211,887.9,181.6,0.7388,4.418,0.709,EQ-GR-047,0.6036,high
BMAN-00212,890.0,176.8,0.5235,0.2,0.266,EQ-GR-088,0.3774,medium
BMAN-00213,842.1,158.8,0.7709,0.234,0.776,EQ-GR-109,0.254,medium
BMAN-00214,835.1,198.4,0.4805,2.571,0.287,EQ-GR-025,0.4149,medium
BMAN-00215,851.8,187.6,0.6805,2.036,0.188,EQ-GR-044,0.217,low
BMAN-00216,814.3,191.1,0.3631,2.13,0.555,EQ-GR-038,0.471,medium
BMAN-00217,849.6,184.8,0.6714,2.623,0.156,EQ-GR-043,0.2045,low
BMAN-00218,874.0,142.0,0.4788,1.427,0.979,EQ-GR-099,0.6216,high
BMAN-00219,854.6,177.2,0.7361,4.143,0.706,EQ-GR-096,0.3645,medium
BMAN-00220,819.6,140.3,0.5618,2.682,0.128,EQ-GR-086,0.343,medium
BMAN-00221,834.7,203.4,0.6754,6.684,0.106,EQ-GR-018,0.3314,medium
BMAN-00222,857.6,180.6,0.8474,3.566,0.051,EQ-GR-091,0.2587,medium
BMAN-00223,844.6,194.1,0.565,2.791,0.1,EQ-GR-116,0.2579,medium
BMAN-00224,830.3,218.0,0.5812,1.579,0.442,EQ-GR-078,0.357,medium
BMAN-00225,835.2,140.5,0.7639,2.607,0.301,EQ-GR-117,0.2514,medium
BMAN-00226,829.3,171.8,0.8815,5.988,0.331,EQ-GR-082,0.2934,medium
BMAN-00227,836.0,169.1,0.922,2.872,1.016,EQ-GR-113,0.273,medium
BMAN-00228,839.5,161.4,0.7288,1.85,0.256,EQ-GR-076,0.2404,low
BMAN-00229,794.4,155.9,0.6204,2.033,0.271,EQ-GR-102,0.4305,medium
BMAN-00230,878.1,179.8,0.7845,3.639,0.242,EQ-GR-021,0.3806,medium
BMAN-00231,850.0,162.9,0.7884,2.422,0.149,EQ-GR-069,0.2244,low
BMAN-00232,830.0,160.3,0.6984,0.642,0.265,EQ-GR-033,0.1721,low
BMAN-00233,851.9,146.1,0.9047,2.021,0.107,EQ-GR-116,0.2901,medium
BMAN-00234,862.0,175.8,0.6603,2.472,0.197,EQ-GR-006,0.2938,medium
BMAN-00235,808.7,186.3,0.8339,2.284,0.084,EQ-GR-084,0.2778,medium
BMAN-00236,791.0,172.2,0.5125,0.413,0.303,EQ-GR-020,0.3926,medium
BMAN-00237,835.1,193.7,0.6401,3.978,0.232,EQ-GR-104,0.2685,medium
BMAN-00238,811.9,173.2,0.7352,3.044,0.066,EQ-GR-047,0.1975,low
BMAN-00239,842.2,165.9,0.6184,1.747,0.459,EQ-GR-021,0.2747,medium
BMAN-00240,875.9,165.1,0.6849,0.2,0.193,EQ-GR-052,0.345,medium
BMAN-00241,829.2,167.2,0.6302,1.943,0.249,EQ-GR-103,0.2572,medium
BMAN-00242,840.2,186.1,0.8795,0.388,0.05,EQ-GR-099,0.1268,low
BMAN-00243,862.3,162.3,0.6789,2.239,0.189,EQ-GR-070,0.3751,medium
BMAN-00244,869.4,195.2,0.6227,0.721,0.398,EQ-GR-084,0.3871,medium
BMAN-00245,826.3,145.3,0.7021,3.701,0.939,EQ-GR-033,0.498,medium
BMAN-00246,853.9,189.8,0.8514,0.564,0.188,EQ-GR-076,0.1775,low
BMAN-00247,811.4,173.3,0.866,0.272,0.295,EQ-GR-069,0.2012,low
BMAN-00248,838.2,166.1,0.5312,0.907,0.092,EQ-GR-047,0.1661,low
BMAN-00249,805.9,148.5,0.6369,1.773,0.119,EQ-GR-077,0.364,medium
BMAN-00250,834.6,158.5,0.6868,3.021,0.266,EQ-GR-024,0.3238,medium
BMAN-00251,822.3,204.9,0.4365,1.21,0.442,EQ-GR-042,0.4115,medium
BMAN-00252,771.8,183.3,0.8478,2.752,0.526,EQ-GR-001,0.5066,high
BMAN-00253,900.0,171.6,0.7215,7.717,0.079,EQ-GR-071,0.5247,high
BMAN-00254,805.1,143.8,0.8596,3.317,0.22,EQ-GR-077,0.4348,medium
BMAN-00255,831.0,173.4,0.8168,0.779,0.22,EQ-GR-015,0.1297,low
BMAN-00256,841.0,163.3,0.7878,1.148,0.356,EQ-GR-047,0.2503,medium
BMAN-00257,835.5,186.3,0.5894,3.841,0.17,EQ-GR-032,0.2747,medium
BMAN-00258,842.0,198.3,0.7937,3.238,0.168,EQ-GR-005,0.2952,medium
BMAN-00259,826.2,181.0,0.7066,1.945,0.943,EQ-GR-103,0.3325,medium
BMAN-00260,824.0,178.4,0.7378,1.862,0.236,EQ-GR-001,0.2749,medium
BMAN-00261,865.8,185.0,0.936,5.587,0.11,EQ-GR-117,0.3006,medium
BMAN-00262,855.1,183.8,0.5465,2.106,0.209,EQ-GR-061,0.359,medium
BMAN-00263,843.4,191.8,0.5463,2.862,0.261,EQ-GR-117,0.3194,medium
BMAN-00264,799.8,160.6,0.3798,0.277,0.536,EQ-GR-055,0.4583,medium
BMAN-00265,796.9,154.1,0.9185,4.2,0.417,EQ-GR-089,0.4273,medium
BMAN-00266,853.8,165.9,0.6131,1.584,0.115,EQ-GR-066,0.2607,medium
BMAN-00267,836.2,202.1,0.6343,1.733,0.161,EQ-GR-032,0.254,medium
BMAN-00268,849.8,185.3,0.477,0.536,0.118,EQ-GR-046,0.2169,low
BMAN-00269,819.6,152.9,0.7481,1.528,0.466,EQ-GR-061,0.3229,medium
BMAN-00270,854.7,148.2,0.7696,4.841,0.18,EQ-GR-090,0.322,medium
BMAN-00271,806.1,150.3,0.9012,1.645,0.477,EQ-GR-014,0.3952,medium
BMAN-00272,871.6,183.3,0.7399,2.554,0.264,EQ-GR-016,0.3548,medium
BMAN-00273,845.5,150.6,0.8916,3.611,0.56,EQ-GR-090,0.3198,medium
BMAN-00274,801.6,162.1,0.912,1.482,0.563,EQ-GR-056,0.3459,medium
BMAN-00275,820.0,139.2,0.701,1.088,0.05,EQ-GR-043,0.3363,medium
BMAN-00276,837.8,176.2,0.8676,0.338,0.647,EQ-GR-070,0.187,low
BMAN-00277,830.2,144.4,0.5741,2.225,0.12,EQ-GR-071,0.3276,medium
BMAN-00278,799.1,173.5,0.735,0.236,0.053,EQ-GR-078,0.2751,medium
BMAN-00279,833.5,189.4,0.6534,4.236,0.162,EQ-GR-038,0.2718,medium
BMAN-00280,801.8,169.9,0.8401,1.763,0.234,EQ-GR-086,0.2554,medium
BMAN-00281,896.0,175.2,0.5992,3.992,0.21,EQ-GR-077,0.483,medium
BMAN-00282,818.6,188.6,0.7386,4.593,0.05,EQ-GR-059,0.2433,low
BMAN-00283,783.5,153.4,0.634,1.26,0.068,EQ-GR-001,0.4345,medium
BMAN-00284,875.3,177.5,0.8923,0.669,0.382,EQ-GR-026,0.2667,medium
BMAN-00285,846.8,164.1,0.8612,1.856,0.104,EQ-GR-120,0.2454,low
BMAN-00286,859.0,203.6,0.7902,1.065,0.15,EQ-GR-024,0.3143,medium
BMAN-00287,881.6,179.2,0.6411,0.837,0.084,EQ-GR-050,0.3361,medium
BMAN-00288,866.4,200.6,0.6261,3.578,0.221,EQ-GR-006,0.451,medium
BMAN-00289,821.3,155.8,0.6168,1.016,0.142,EQ-GR-079,0.266,medium
BMAN-00290,786.4,199.6,0.6671,1.798,0.24,EQ-GR-040,0.4643,medium
BMAN-00291,821.0,151.9,0.8998,1.074,0.171,EQ-GR-008,0.2106,low
BMAN-00292,835.7,187.5,0.7182,0.719,0.167,EQ-GR-011,0.1382,low
BMAN-00293,804.4,166.7,0.3,0.224,0.42,EQ-GR-008,0.3958,medium
BMAN-00294,855.5,179.6,0.8353,4.01,0.451,EQ-GR-072,0.2811,medium
BMAN-00295,832.3,156.7,0.7261,2.158,0.185,EQ-GR-012,0.2107,low
BMAN-00296,865.8,197.1,0.7452,1.597,0.458,EQ-GR-067,0.4595,medium
BMAN-00297,893.2,160.8,0.9511,1.275,0.7,EQ-GR-023,0.4211,medium
BMAN-00298,843.3,161.9,0.7668,2.69,0.468,EQ-GR-052,0.3407,medium
BMAN-00299,871.6,215.1,0.3084,5.518,0.134,EQ-GR-032,0.5739,high
BMAN-00300,828.8,162.9,0.8999,1.36,0.542,EQ-GR-095,0.2699,medium
BMAN-00301,802.8,166.8,0.6107,1.147,0.33,EQ-GR-006,0.3926,medium
BMAN-00302,834.2,161.6,0.7951,3.171,0.3,EQ-GR-014,0.2323,low
BMAN-00303,838.8,190.4,0.5829,0.83,0.28,EQ-GR-027,0.2761,medium
BMAN-00304,882.5,161.0,0.6974,2.757,0.212,EQ-GR-039,0.4504,medium
BMAN-00305,857.8,159.4,0.6644,2.097,0.131,EQ-GR-075,0.2607,medium
BMAN-00306,842.6,145.2,0.6956,3.323,0.528,EQ-GR-003,0.3918,medium
BMAN-00307,828.4,165.8,0.5802,2.515,0.275,EQ-GR-082,0.2958,medium
BMAN-00308,821.6,192.7,0.3295,2.03,1.135,EQ-GR-002,0.5033,high
BMAN-00309,826.9,180.7,0.8682,4.251,0.384,EQ-GR-024,0.2604,medium
BMAN-00310,860.4,144.5,0.509,1.302,0.119,EQ-GR-108,0.3491,medium
BMAN-00311,827.2,187.9,0.6398,0.904,0.389,EQ-GR-036,0.1951,low
BMAN-00312,807.7,161.9,0.5025,3.405,0.299,EQ-GR-059,0.4525,medium
BMAN-00313,827.8,190.9,0.8743,1.91,0.127,EQ-GR-117,0.1891,low
BMAN-00314,832.7,179.9,0.8882,4.857,0.491,EQ-GR-073,0.1978,low
BMAN-00315,786.2,153.5,0.8579,1.021,0.295,EQ-GR-119,0.4284,medium
BMAN-00316,884.5,185.4,0.6527,5.52,0.602,EQ-GR-101,0.5584,high
BMAN-00317,843.2,160.1,0.8009,3.651,0.634,EQ-GR-049,0.3604,medium
BMAN-00318,800.1,161.8,0.7453,1.816,0.282,EQ-GR-112,0.351,medium
BMAN-00319,821.4,199.1,0.5705,0.2,0.255,EQ-GR-099,0.2745,medium
BMAN-00320,800.6,188.8,0.7198,1.27,0.338,EQ-GR-061,0.352,medium
BMAN-00321,848.8,159.7,0.7159,0.804,0.214,EQ-GR-007,0.2546,medium
BMAN-00322,849.4,204.6,0.7508,3.812,0.178,EQ-GR-073,0.3655,medium
BMAN-00323,854.4,158.3,0.458,3.813,0.195,EQ-GR-084,0.3871,medium
BMAN-00324,816.7,168.9,0.6889,2.028,0.506,EQ-GR-050,0.2954,medium
BMAN-00325,842.2,183.1,0.588,2.287,0.081,EQ-GR-100,0.2751,medium
BMAN-00326,840.7,172.2,0.6362,4.396,0.51,EQ-GR-027,0.3707,medium
BMAN-00327,822.0,157.8,0.8588,3.181,0.739,EQ-GR-090,0.4241,medium
BMAN-00328,825.3,178.5,0.6883,3.531,0.314,EQ-GR-025,0.2784,medium
BMAN-00329,827.6,189.3,0.75,2.673,0.307,EQ-GR-076,0.2538,medium
BMAN-00330,832.0,172.5,0.6503,5.864,0.381,EQ-GR-055,0.3084,medium
BMAN-00331,809.7,182.2,0.6179,0.302,0.482,EQ-GR-048,0.3518,medium
BMAN-00332,829.6,165.8,0.9381,7.338,0.244,EQ-GR-118,0.2836,medium
BMAN-00333,813.1,149.2,0.8621,5.026,1.0,EQ-GR-036,0.4948,medium
BMAN-00334,811.0,181.3,0.6772,0.689,0.156,EQ-GR-039,0.2277,low
BMAN-00335,834.5,183.1,0.8767,2.294,0.215,EQ-GR-120,0.1083,low
BMAN-00336,862.3,183.8,0.6894,7.308,0.278,EQ-GR-041,0.4422,medium
BMAN-00337,837.5,200.6,0.7244,5.272,0.138,EQ-GR-051,0.3472,medium
BMAN-00338,824.5,164.1,0.522,1.218,0.141,EQ-GR-110,0.1716,low
BMAN-00339,839.8,198.6,0.5531,2.134,0.251,EQ-GR-101,0.3154,medium
BMAN-00340,780.0,201.4,0.7439,0.909,0.289,EQ-GR-104,0.4971,medium
BMAN-00341,822.6,169.2,0.7713,1.727,0.322,EQ-GR-113,0.2442,low
BMAN-00342,859.1,181.2,0.8181,1.139,0.089,EQ-GR-042,0.2101,low
BMAN-00343,877.9,178.5,0.3684,6.597,0.312,EQ-GR-006,0.5273,high
BMAN-00344,830.5,178.4,0.8393,1.72,0.119,EQ-GR-032,0.1361,low
BMAN-00345,813.4,171.8,0.6039,4.823,0.09,EQ-GR-095,0.3051,medium
BMAN-00346,831.0,183.7,0.7215,1.902,0.413,EQ-GR-118,0.2223,low
BMAN-00347,854.0,182.3,0.4393,1.344,0.107,EQ-GR-025,0.2551,medium
BMAN-00348,841.6,162.5,0.8173,0.484,0.247,EQ-GR-043,0.2106,low
BMAN-00349,820.9,161.6,0.7162,5.561,0.079,EQ-GR-039,0.2892,medium
BMAN-00350,821.5,162.9,0.8754,4.746,0.181,EQ-GR-116,0.2978,medium
BMAN-00351,830.8,172.3,0.7029,1.948,0.178,EQ-GR-018,0.2117,low
BMAN-00352,860.4,169.2,0.9892,3.759,0.518,EQ-GR-089,0.3218,medium
BMAN-00353,842.7,179.7,0.7789,0.762,0.328,EQ-GR-037,0.1734,low
BMAN-00354,841.6,155.0,0.9828,0.691,0.12,EQ-GR-024,0.1714,low
BMAN-00355,805.5,164.2,0.7818,2.961,0.305,EQ-GR-089,0.3526,medium
BMAN-00356,793.7,154.7,0.7657,0.501,0.174,EQ-GR-013,0.2987,medium
BMAN-00357,825.5,191.6,0.6117,0.328,0.131,EQ-GR-045,0.2497,low
BMAN-00358,869.5,125.8,0.7366,1.234,0.277,EQ-GR-090,0.4213,medium
BMAN-00359,819.5,159.8,0.6796,5.139,0.292,EQ-GR-070,0.4076,medium
BMAN-00360,841.6,184.9,0.8366,3.684,0.268,EQ-GR-019,0.2528,medium
BMAN-00361,803.2,187.3,0.8289,4.498,0.168,EQ-GR-054,0.348,medium
BMAN-00362,869.7,187.4,0.7539,3.289,0.598,EQ-GR-082,0.4339,medium
BMAN-00363,825.8,171.7,0.5001,0.969,0.323,EQ-GR-118,0.2469,low
BMAN-00364,819.7,169.3,0.8745,3.538,0.302,EQ-GR-015,0.2719,medium
BMAN-00365,833.1,173.2,0.7084,0.768,0.213,EQ-GR-056,0.138,low
BMAN-00366,859.0,191.4,0.5145,6.677,0.085,EQ-GR-045,0.4702,medium
BMAN-00367,823.6,190.6,0.7862,2.841,0.222,EQ-GR-111,0.2288,low
BMAN-00368,817.2,184.4,0.7205,2.065,0.281,EQ-GR-058,0.3025,medium
BMAN-00369,828.1,170.9,0.7623,2.083,0.182,EQ-GR-115,0.2143,low
BMAN-00370,843.2,157.7,0.7049,2.209,0.391,EQ-GR-109,0.3356,medium
BMAN-00371,838.5,152.0,0.5829,1.068,0.158,EQ-GR-024,0.2988,medium
BMAN-00372,831.0,153.9,0.3,0.249,0.351,EQ-GR-020,0.3366,medium
BMAN-00373,855.9,198.7,0.4585,0.792,0.404,EQ-GR-079,0.3847,medium
BMAN-00374,866.8,157.7,0.708,3.064,0.235,EQ-GR-014,0.444,medium
BMAN-00375,827.1,190.6,0.6001,3.143,0.114,EQ-GR-091,0.2913,medium
BMAN-00376,845.5,150.2,0.7555,1.688,0.25,EQ-GR-002,0.2881,medium
BMAN-00377,871.5,196.8,0.7529,0.307,1.103,EQ-GR-024,0.4391,medium
BMAN-00378,830.7,162.6,0.7661,4.661,0.471,EQ-GR-026,0.39,medium
BMAN-00379,835.9,170.4,0.6949,2.474,0.432,EQ-GR-052,0.1669,low
BMAN-00380,814.2,141.5,0.876,4.88,0.195,EQ-GR-026,0.3542,medium
BMAN-00381,847.9,168.1,0.8936,5.676,0.618,EQ-GR-076,0.4009,medium
BMAN-00382,832.7,182.4,0.9283,2.431,0.374,EQ-GR-118,0.1705,low
BMAN-00383,795.1,163.2,0.6224,3.925,0.404,EQ-GR-081,0.4815,medium
BMAN-00384,823.2,158.4,0.881,4.346,0.638,EQ-GR-096,0.3897,medium
BMAN-00385,812.8,159.1,0.858,0.6,0.246,EQ-GR-032,0.2859,medium
BMAN-00386,843.2,176.1,0.8724,7.03,0.304,EQ-GR-068,0.3457,medium
BMAN-00387,861.2,185.7,0.7188,3.416,0.347,EQ-GR-037,0.3848,medium
BMAN-00388,834.0,155.0,0.8818,3.449,0.259,EQ-GR-046,0.2855,medium
BMAN-00389,819.5,180.0,0.7424,3.906,0.331,EQ-GR-117,0.2808,medium
BMAN-00390,838.2,155.4,0.6105,0.429,0.163,EQ-GR-076,0.2526,medium
BMAN-00391,838.4,173.5,0.9234,3.439,0.076,EQ-GR-071,0.1879,low
BMAN-00392,830.5,139.4,0.765,1.844,0.247,EQ-GR-006,0.2451,low
BMAN-00393,790.6,158.6,0.6462,0.965,0.136,EQ-GR-117,0.3336,medium
BMAN-00394,840.5,170.9,0.4137,0.492,0.43,EQ-GR-002,0.2804,medium
BMAN-00395,841.4,151.2,0.7466,5.23,0.203,EQ-GR-105,0.3052,medium
BMAN-00396,843.0,192.0,0.9261,4.928,0.176,EQ-GR-084,0.2363,low
BMAN-00397,848.6,181.2,0.558,3.047,1.041,EQ-GR-016,0.4813,medium
BMAN-00398,806.9,174.0,0.4842,0.541,0.304,EQ-GR-007,0.3176,medium
BMAN-00399,820.7,158.1,0.6818,1.405,0.134,EQ-GR-103,0.2101,low
BMAN-00400,836.7,151.6,0.9627,3.664,0.156,EQ-GR-007,0.2544,medium
BMAN-00401,871.3,166.6,0.7214,2.657,0.218,EQ-GR-056,0.3171,medium
BMAN-00402,836.8,195.1,0.904,5.622,0.776,EQ-GR-023,0.3816,medium
BMAN-00403,803.9,191.4,0.3775,0.621,0.609,EQ-GR-112,0.4643,medium
BMAN-00404,795.3,176.3,0.8783,1.521,0.349,EQ-GR-054,0.3482,medium
BMAN-00405,847.7,204.2,0.9054,4.812,0.366,EQ-GR-112,0.3967,medium
BMAN-00406,827.5,178.6,0.94,1.558,0.542,EQ-GR-062,0.2353,low
BMAN-00407,818.3,174.6,0.9043,1.279,0.856,EQ-GR-107,0.2997,medium
BMAN-00408,805.6,139.4,0.6384,9.0,0.399,EQ-GR-053,0.6165,high
BMAN-00409,814.7,179.1,0.6519,1.892,0.401,EQ-GR-092,0.3337,medium
BMAN-00410,850.5,206.2,0.9334,2.975,0.267,EQ-GR-082,0.2861,medium
BMAN-00411,824.7,206.5,0.7705,1.552,0.296,EQ-GR-058,0.269,medium
BMAN-00412,831.2,187.1,0.6961,0.761,0.05,EQ-GR-024,0.1985,low
BMAN-00413,833.5,197.6,0.5383,1.066,0.129,EQ-GR-113,0.2235,low
BMAN-00414,854.3,189.9,0.5644,2.452,0.489,EQ-GR-084,0.3739,medium
BMAN-00415,846.7,178.7,0.4356,0.891,0.301,EQ-GR-071,0.2273,low
BMAN-00416,831.0,188.0,0.8376,1.15,0.29,EQ-GR-090,0.1874,low
BMAN-00417,826.1,170.8,0.5314,1.479,0.442,EQ-GR-091,0.2672,medium
BMAN-00418,857.1,190.1,0.855,2.277,0.375,EQ-GR-100,0.3362,medium
BMAN-00419,813.3,181.0,0.9847,2.721,0.092,EQ-GR-099,0.1323,low
BMAN-00420,834.1,172.5,0.9193,2.008,0.261,EQ-GR-022,0.1206,low
BMAN-00421,820.2,168.9,0.8157,3.779,0.083,EQ-GR-015,0.2132,low
BMAN-00422,837.4,162.8,0.9829,0.874,0.215,EQ-GR-042,0.0846,low
BMAN-00423,801.0,209.5,0.8185,7.491,0.368,EQ-GR-093,0.5507,high
BMAN-00424,847.3,182.0,0.8821,3.321,0.152,EQ-GR-095,0.2385,low
BMAN-00425,803.4,151.5,0.7368,2.123,0.443,EQ-GR-031,0.411,medium
BMAN-00426,850.5,169.5,0.5367,5.943,0.166,EQ-GR-055,0.3744,medium
BMAN-00427,825.6,178.3,0.9097,1.065,0.318,EQ-GR-097,0.146,low
BMAN-00428,821.5,198.3,0.5822,0.744,0.262,EQ-GR-105,0.253,medium
BMAN-00429,865.9,158.1,0.8634,0.2,0.185,EQ-GR-101,0.18,low
BMAN-00430,871.2,144.6,0.666,3.729,0.211,EQ-GR-032,0.3919,medium
BMAN-00431,820.2,206.8,0.3,2.12,0.364,EQ-GR-102,0.4121,medium
BMAN-00432,842.9,180.7,0.8419,3.124,0.33,EQ-GR-065,0.1991,low
BMAN-00433,847.9,147.1,0.7882,8.071,0.329,EQ-GR-091,0.456,medium
BMAN-00434,878.1,201.1,0.8234,2.858,0.287,EQ-GR-107,0.3793,medium
BMAN-00435,824.0,206.7,0.7851,1.562,0.145,EQ-GR-118,0.2436,low
BMAN-00436,820.1,161.3,0.852,0.682,0.295,EQ-GR-019,0.1787,low
BMAN-00437,846.8,168.6,0.7064,0.628,0.074,EQ-GR-084,0.2253,low
BMAN-00438,830.0,201.8,0.841,1.351,0.154,EQ-GR-106,0.2223,low
BMAN-00439,827.8,172.5,0.4623,1.211,0.152,EQ-GR-025,0.2332,low
BMAN-00440,841.3,178.9,0.9453,3.734,0.357,EQ-GR-098,0.247,low
BMAN-00441,884.8,181.3,0.5088,1.223,0.05,EQ-GR-054,0.39,medium
BMAN-00442,830.2,177.1,0.5232,1.154,0.441,EQ-GR-112,0.2704,medium
BMAN-00443,803.8,165.9,0.4728,1.467,0.452,EQ-GR-005,0.4144,medium
BMAN-00444,813.3,180.9,0.6751,0.715,0.477,EQ-GR-119,0.3651,medium
BMAN-00445,818.7,159.6,0.841,0.525,0.058,EQ-GR-038,0.2033,low
BMAN-00446,818.1,151.9,0.7116,5.815,0.409,EQ-GR-002,0.4497,medium
BMAN-00447,864.4,144.5,0.7168,3.274,0.561,EQ-GR-112,0.4381,medium
BMAN-00448,860.7,175.3,0.62,2.871,0.666,EQ-GR-077,0.3586,medium
BMAN-00449,813.6,181.7,0.6175,2.087,0.452,EQ-GR-066,0.269,medium
BMAN-00450,891.0,176.2,0.6421,3.525,0.164,EQ-GR-031,0.4471,medium
BMAN-00451,821.6,172.0,0.4522,2.473,0.05,EQ-GR-040,0.2711,medium
BMAN-00452,793.4,189.0,0.5446,4.328,0.257,EQ-GR-023,0.5112,high
BMAN-00453,823.2,193.3,0.7933,3.358,0.241,EQ-GR-042,0.3149,medium
BMAN-00454,816.1,183.6,0.6557,2.679,0.165,EQ-GR-042,0.2981,medium
BMAN-00455,867.5,197.4,0.8195,3.779,0.583,EQ-GR-073,0.4894,medium
BMAN-00456,804.1,133.9,0.8374,3.657,0.75,EQ-GR-064,0.5774,high
BMAN-00457,844.2,152.3,0.629,4.011,0.264,EQ-GR-041,0.35,medium
BMAN-00458,833.0,158.4,0.7746,0.2,0.38,EQ-GR-098,0.1908,low
BMAN-00459,852.4,174.8,0.9152,5.389,0.262,EQ-GR-054,0.2252,low
BMAN-00460,818.0,164.9,0.8426,3.063,0.242,EQ-GR-092,0.2262,low
BMAN-00461,820.3,168.7,0.968,1.634,0.46,EQ-GR-102,0.1809,low
BMAN-00462,874.6,193.7,0.7007,0.796,0.3,EQ-GR-020,0.4472,medium
BMAN-00463,867.9,189.9,0.6624,2.733,0.235,EQ-GR-040,0.4328,medium
BMAN-00464,855.4,160.5,0.6316,2.905,0.05,EQ-GR-084,0.247,low
BMAN-00465,813.8,162.4,0.7577,2.378,0.528,EQ-GR-003,0.3566,medium
BMAN-00466,844.1,160.8,0.49,4.114,0.201,EQ-GR-003,0.3797,medium
BMAN-00467,835.9,172.2,0.7419,2.271,0.063,EQ-GR-007,0.1449,low
BMAN-00468,821.6,172.1,0.7352,3.029,0.252,EQ-GR-096,0.1836,low
BMAN-00469,815.6,176.9,0.7323,2.367,0.668,EQ-GR-113,0.3546,medium
BMAN-00470,833.9,171.5,0.8633,3.559,0.108,EQ-GR-030,0.2208,low
BMAN-00471,845.2,171.9,0.6332,3.567,0.219,EQ-GR-033,0.3034,medium
BMAN-00472,839.7,221.0,0.5722,3.304,0.314,EQ-GR-061,0.4334,medium
BMAN-00473,860.7,210.9,0.4947,0.549,0.624,EQ-GR-117,0.4498,medium
BMAN-00474,810.4,171.0,0.7655,1.863,0.151,EQ-GR-015,0.2665,medium
BMAN-00475,827.0,169.9,0.4126,9.0,0.452,EQ-GR-075,0.4611,medium
BMAN-00476,847.3,165.5,0.733,5.234,0.523,EQ-GR-054,0.3852,medium
BMAN-00477,862.3,179.5,0.8051,2.415,0.121,EQ-GR-060,0.2651,medium
BMAN-00478,855.3,174.6,0.529,1.86,0.315,EQ-GR-091,0.2964,medium
BMAN-00479,833.9,145.1,0.7494,4.088,0.588,EQ-GR-062,0.3637,medium
BMAN-00480,832.2,140.4,0.9037,3.979,0.05,EQ-GR-047,0.2372,low
BMAN-00481,864.5,174.2,0.8196,1.047,0.97,EQ-GR-032,0.4205,medium
BMAN-00482,847.4,169.8,0.7332,6.33,0.302,EQ-GR-002,0.3619,medium
BMAN-00483,855.7,160.1,0.8951,2.516,0.66,EQ-GR-025,0.3293,medium
BMAN-00484,840.1,171.8,0.8364,1.607,0.16,EQ-GR-002,0.1041,low
BMAN-00485,813.1,185.4,0.8261,0.658,0.172,EQ-GR-077,0.2243,low
BMAN-00486,847.7,159.6,0.7452,1.75,0.234,EQ-GR-113,0.2347,low
BMAN-00487,832.3,156.7,0.7478,2.609,0.498,EQ-GR-018,0.3133,medium
BMAN-00488,823.8,177.6,0.4807,2.202,0.595,EQ-GR-023,0.3673,medium
BMAN-00489,789.3,147.0,0.4202,0.672,0.102,EQ-GR-043,0.441,medium
BMAN-00490,838.6,152.1,0.3965,0.727,0.389,EQ-GR-050,0.2974,medium
BMAN-00491,833.3,194.4,0.6225,0.823,0.204,EQ-GR-062,0.2585,medium
BMAN-00492,862.3,178.6,0.645,1.225,0.155,EQ-GR-045,0.233,low
BMAN-00493,879.8,198.0,0.9594,3.699,0.163,EQ-GR-048,0.3646,medium
BMAN-00494,850.0,151.1,0.8846,0.66,0.249,EQ-GR-104,0.2443,low
BMAN-00495,814.8,176.8,0.8706,0.674,0.829,EQ-GR-088,0.2838,medium
BMAN-00496,827.3,201.2,0.7442,3.53,0.12,EQ-GR-038,0.3396,medium
BMAN-00497,864.4,194.7,0.7546,0.565,0.384,EQ-GR-111,0.3023,medium
BMAN-00498,841.9,176.2,0.6365,6.507,0.461,EQ-GR-059,0.3748,medium
BMAN-00499,837.7,187.7,0.7472,0.599,0.05,EQ-GR-011,0.1463,low
BMAN-00500,845.7,162.1,0.7183,0.604,0.218,EQ-GR-054,0.2095,low
BMAN-00501,835.1,182.5,0.5663,1.585,0.224,EQ-GR-006,0.2177,low
BMAN-00502,843.6,185.3,0.9043,4.897,0.282,EQ-GR-114,0.2709,medium
BMAN-00503,825.8,180.3,0.9291,7.343,0.265,EQ-GR-007,0.28,medium
BMAN-00504,834.2,155.7,0.473,9.0,0.689,EQ-GR-108,0.5209,high
BMAN-00505,824.2,203.3,0.5751,3.552,0.267,EQ-GR-084,0.3567,medium
BMAN-00506,828.1,197.4,0.9187,8.319,0.301,EQ-GR-024,0.3486,medium
BMAN-00507,826.3,170.5,0.7748,1.255,0.451,EQ-GR-075,0.1886,low
BMAN-00508,862.5,179.1,0.7914,1.364,0.338,EQ-GR-017,0.2814,medium
BMAN-00509,858.2,178.4,0.6033,1.726,0.287,EQ-GR-030,0.3057,medium
BMAN-00510,838.2,170.9,0.8205,0.783,0.205,EQ-GR-026,0.078,low
BMAN-00511,854.2,178.4,0.9025,3.46,0.735,EQ-GR-026,0.3458,medium
BMAN-00512,837.0,170.7,0.7109,3.768,0.636,EQ-GR-093,0.3272,medium
BMAN-00513,859.1,183.7,0.9612,2.852,0.206,EQ-GR-048,0.2644,medium
BMAN-00514,790.7,165.4,0.5531,3.271,0.202,EQ-GR-074,0.4482,medium
BMAN-00515,801.6,156.9,0.5589,2.96,0.192,EQ-GR-050,0.3831,medium
BMAN-00516,801.1,156.6,0.5452,0.539,0.05,EQ-GR-027,0.3081,medium
BMAN-00517,863.0,189.8,0.6812,0.311,0.372,EQ-GR-110,0.3215,medium
BMAN-00518,854.9,204.7,0.7592,1.616,0.117,EQ-GR-004,0.3287,medium
BMAN-00519,852.9,170.0,0.7657,4.158,0.683,EQ-GR-109,0.3344,medium
BMAN-00520,836.6,175.5,0.7608,1.833,0.177,EQ-GR-112,0.1581,low
BMAN-00521,824.9,184.1,0.4235,3.629,0.254,EQ-GR-040,0.387,medium
BMAN-00522,827.1,181.6,0.7113,5.94,0.163,EQ-GR-014,0.2908,medium
BMAN-00523,846.5,170.3,0.8523,1.678,0.137,EQ-GR-111,0.1411,low
BMAN-00524,823.9,215.9,0.6998,1.746,0.059,EQ-GR-082,0.3839,medium
BMAN-00525,877.4,138.9,0.8592,0.904,0.232,EQ-GR-047,0.3349,medium
BMAN-00526,847.1,193.1,0.4437,2.127,0.256,EQ-GR-119,0.3457,medium
BMAN-00527,852.1,175.5,0.5766,0.961,0.529,EQ-GR-022,0.3211,medium
BMAN-00528,821.4,181.8,0.5923,3.881,0.062,EQ-GR-070,0.2813,medium
BMAN-00529,834.5,154.6,0.6585,0.2,0.123,EQ-GR-079,0.1094,low
BMAN-00530,846.6,189.5,0.9357,1.948,0.159,EQ-GR-050,0.1558,low
BMAN-00531,805.8,184.8,0.834,1.885,0.341,EQ-GR-071,0.2958,medium
BMAN-00532,809.4,147.5,0.8474,2.034,0.363,EQ-GR-086,0.3123,medium
BMAN-00533,853.1,176.6,0.6395,4.828,0.316,EQ-GR-005,0.3841,medium
BMAN-00534,809.3,173.8,0.6314,1.712,0.05,EQ-GR-087,0.2979,medium
BMAN-00535,817.6,152.9,0.7466,3.902,0.261,EQ-GR-055,0.3359,medium
BMAN-00536,862.8,165.6,0.6301,1.023,0.601,EQ-GR-083,0.3585,medium
BMAN-00537,835.2,167.5,0.8687,1.871,0.172,EQ-GR-041,0.1549,low
BMAN-00538,832.7,177.6,0.8221,1.896,0.141,EQ-GR-089,0.1551,low
BMAN-00539,828.3,173.3,0.7008,5.477,0.197,EQ-GR-034,0.3343,medium
BMAN-00540,828.6,159.6,0.8171,1.083,0.05,EQ-GR-059,0.1292,low
BMAN-00541,843.0,155.4,0.5637,1.599,0.793,EQ-GR-067,0.4413,medium
BMAN-00542,827.1,192.3,0.5766,3.279,0.069,EQ-GR-055,0.2889,medium
BMAN-00543,809.5,189.8,0.439,4.853,0.221,EQ-GR-085,0.4328,medium
BMAN-00544,821.0,193.9,0.8393,1.682,0.094,EQ-GR-016,0.2836,medium
BMAN-00545,803.0,214.4,0.7448,0.49,0.339,EQ-GR-027,0.3983,medium
BMAN-00546,867.2,169.6,0.7365,3.294,0.636,EQ-GR-072,0.4219,medium
BMAN-00547,813.8,168.7,0.7426,4.395,0.225,EQ-GR-070,0.3347,medium
BMAN-00548,811.3,155.6,0.8192,5.072,0.075,EQ-GR-002,0.2975,medium
BMAN-00549,862.5,169.3,0.9535,2.256,0.16,EQ-GR-057,0.2141,low
BMAN-00550,849.5,163.5,0.9194,5.609,0.174,EQ-GR-078,0.3288,medium
BMAN-00551,809.9,177.5,0.7061,2.107,0.423,EQ-GR-039,0.3329,medium
BMAN-00552,849.2,166.2,0.6832,4.706,0.269,EQ-GR-066,0.31,medium
BMAN-00553,830.6,177.5,0.8593,0.286,0.149,EQ-GR-072,0.0661,low
BMAN-00554,845.7,147.5,0.6105,0.88,0.822,EQ-GR-089,0.3843,medium
BMAN-00555,775.5,180.6,0.544,2.979,0.222,EQ-GR-059,0.4285,medium
BMAN-00556,820.5,184.9,0.3516,3.825,0.32,EQ-GR-079,0.4295,medium
BMAN-00557,860.6,204.1,0.6675,1.34,0.257,EQ-GR-042,0.4063,medium
BMAN-00558,828.1,182.4,0.5685,5.789,0.05,EQ-GR-067,0.389,medium
BMAN-00559,851.7,168.9,0.6005,3.556,1.25,EQ-GR-095,0.4844,medium
BMAN-00560,810.5,158.9,0.4197,2.89,0.106,EQ-GR-035,0.4293,medium
BMAN-00561,852.9,147.6,0.575,1.802,0.671,EQ-GR-014,0.4413,medium
BMAN-00562,855.2,203.9,0.9537,0.536,0.433,EQ-GR-058,0.2457,low
BMAN-00563,884.8,199.9,0.8522,0.564,0.432,EQ-GR-115,0.4314,medium
BMAN-00564,868.0,160.3,0.8161,1.083,0.196,EQ-GR-058,0.2559,medium
BMAN-00565,825.5,205.9,0.8765,6.697,0.162,EQ-GR-078,0.4315,medium
BMAN-00566,803.2,179.4,0.8747,1.333,0.382,EQ-GR-011,0.2672,medium
BMAN-00567,820.8,190.9,0.814,1.894,0.056,EQ-GR-056,0.2458,low
BMAN-00568,852.7,192.4,0.5777,3.576,0.302,EQ-GR-068,0.3735,medium
BMAN-00569,825.5,164.9,0.7425,0.635,0.143,EQ-GR-097,0.1702,low
BMAN-00570,861.1,182.2,0.583,2.168,0.408,EQ-GR-096,0.3896,medium
BMAN-00571,833.7,194.6,0.388,1.978,0.072,EQ-GR-098,0.2681,medium
BMAN-00572,843.4,172.8,0.9185,1.554,0.218,EQ-GR-106,0.1257,low
BMAN-00573,843.1,169.1,0.3648,6.483,0.09,EQ-GR-049,0.3453,medium
BMAN-00574,832.1,174.7,0.8998,2.675,0.483,EQ-GR-116,0.287,medium
BMAN-00575,832.0,156.2,0.5837,5.07,0.193,EQ-GR-035,0.283,medium
BMAN-00576,824.0,177.6,0.47,0.443,0.05,EQ-GR-015,0.2129,low
BMAN-00577,832.4,147.8,0.7129,1.375,0.833,EQ-GR-013,0.3259,medium
BMAN-00578,805.3,175.3,0.7969,3.557,0.319,EQ-GR-062,0.3277,medium
BMAN-00579,856.5,172.8,0.7387,3.059,0.486,EQ-GR-043,0.3482,medium
BMAN-00580,817.4,199.3,0.4217,3.886,0.214,EQ-GR-069,0.4883,medium
BMAN-00581,817.7,145.1,0.747,3.577,0.172,EQ-GR-051,0.3313,medium
BMAN-00582,850.3,180.0,0.7529,1.387,0.157,EQ-GR-073,0.2023,low
BMAN-00583,839.3,163.5,0.8472,2.154,0.319,EQ-GR-001,0.1526,low
BMAN-00584,818.8,158.7,0.859,3.187,0.06,EQ-GR-109,0.2264,low
BMAN-00585,823.9,190.1,0.4753,8.09,0.05,EQ-GR-009,0.4067,medium
BMAN-00586,815.3,189.5,0.7276,2.705,0.429,EQ-GR-017,0.3598,medium
BMAN-00587,839.4,147.2,0.7104,1.549,0.174,EQ-GR-065,0.1933,low
BMAN-00588,856.2,163.8,0.8823,2.949,0.095,EQ-GR-094,0.2302,low
BMAN-00589,844.8,189.8,0.8442,0.253,0.996,EQ-GR-102,0.3349,medium
BMAN-00590,831.6,143.9,0.6577,0.2,0.356,EQ-GR-017,0.2822,medium
BMAN-00591,851.9,169.1,0.744,2.377,0.08,EQ-GR-096,0.2713,medium
BMAN-00592,800.9,149.6,0.7829,1.223,1.25,EQ-GR-057,0.4979,medium
BMAN-00593,798.8,172.5,0.8343,1.494,0.43,EQ-GR-102,0.3552,medium
BMAN-00594,815.2,164.8,0.5333,1.523,0.474,EQ-GR-014,0.3455,medium
BMAN-00595,862.7,180.1,0.6407,1.138,0.65,EQ-GR-053,0.3334,medium
BMAN-00596,779.5,169.1,0.6339,1.465,0.359,EQ-GR-031,0.4594,medium
BMAN-00597,847.0,178.2,0.7825,2.893,0.318,EQ-GR-054,0.2317,low
BMAN-00598,812.0,142.7,0.7855,1.94,0.207,EQ-GR-029,0.3748,medium
BMAN-00599,832.9,190.8,0.6143,3.587,0.519,EQ-GR-071,0.3193,medium
BMAN-00600,814.6,173.1,0.4689,4.101,1.25,EQ-GR-003,0.4815,medium
BMAN-00601,864.2,165.0,0.5583,1.701,0.066,EQ-GR-106,0.321,medium
BMAN-00602,770.0,173.6,0.6533,0.259,0.222,EQ-GR-081,0.3332,medium
BMAN-00603,818.2,178.9,0.818,1.274,0.282,EQ-GR-021,0.154,low
BMAN-00604,848.0,135.9,0.966,2.979,0.627,EQ-GR-086,0.3369,medium
BMAN-00605,840.6,197.5,0.9371,1.346,0.166,EQ-GR-017,0.1755,low
BMAN-00606,818.5,183.0,0.5025,1.799,0.373,EQ-GR-023,0.3481,medium
BMAN-00607,858.7,166.7,0.5831,0.622,0.176,EQ-GR-035,0.3104,medium
BMAN-00608,838.5,167.1,0.4166,3.975,0.144,EQ-GR-052,0.3243,medium
BMAN-00609,886.0,210.3,0.8407,1.066,0.196,EQ-GR-095,0.3828,medium
BMAN-00610,835.6,156.9,0.5721,1.547,0.3,EQ-GR-105,0.2783,medium
BMAN-00611,888.2,150.8,0.6298,0.386,0.34,EQ-GR-085,0.4639,medium
BMAN-00612,851.3,160.5,0.8322,1.219,0.336,EQ-GR-096,0.1694,low
BMAN-00613,833.7,168.3,0.6988,3.068,0.812,EQ-GR-119,0.378,medium
BMAN-00614,811.8,152.9,0.9803,0.2,0.135,EQ-GR-003,0.1342,low
BMAN-00615,830.2,159.9,0.7945,3.938,0.476,EQ-GR-041,0.3144,medium
BMAN-00616,830.3,180.0,0.5697,1.099,0.112,EQ-GR-114,0.1605,low
BMAN-00617,799.5,178.8,0.8458,0.669,0.469,EQ-GR-007,0.2584,medium
BMAN-00618,825.0,145.6,0.8864,3.388,0.229,EQ-GR-018,0.3385,medium
BMAN-00619,843.5,169.1,0.526,0.437,0.331,EQ-GR-110,0.2479,low
BMAN-00620,805.7,161.6,0.9053,1.756,0.17,EQ-GR-093,0.3185,medium
BMAN-00621,834.2,161.3,0.4093,0.797,0.487,EQ-GR-117,0.2861,medium
BMAN-00622,861.0,173.8,0.6992,1.289,0.205,EQ-GR-043,0.2863,medium
BMAN-00623,851.8,146.8,0.4418,3.832,0.489,EQ-GR-030,0.5219,high
BMAN-00624,829.4,173.7,0.9177,1.873,0.501,EQ-GR-029,0.2087,low
BMAN-00625,870.7,170.9,0.8236,4.286,0.244,EQ-GR-068,0.3095,medium
BMAN-00626,851.1,189.3,0.8408,3.611,0.692,EQ-GR-016,0.4005,medium
BMAN-00627,836.7,170.8,0.9354,1.774,0.289,EQ-GR-026,0.1687,low
BMAN-00628,810.2,174.2,0.7819,2.552,0.144,EQ-GR-018,0.2503,medium
BMAN-00629,897.5,190.1,0.6676,2.537,0.21,EQ-GR-040,0.461,medium
BMAN-00630,843.2,170.2,0.7754,3.066,0.444,EQ-GR-037,0.3087,medium
BMAN-00631,875.3,196.8,0.85,1.949,0.345,EQ-GR-049,0.3655,medium
BMAN-00632,855.4,207.4,0.9183,6.095,0.073,EQ-GR-033,0.3924,medium
BMAN-00633,870.3,173.4,0.8301,4.772,0.597,EQ-GR-053,0.4864,medium
BMAN-00634,854.1,192.1,0.8811,0.945,1.01,EQ-GR-117,0.3511,medium
BMAN-00635,847.5,168.3,0.8547,4.884,0.166,EQ-GR-092,0.2612,medium
BMAN-00636,825.9,171.9,0.676,3.076,0.121,EQ-GR-099,0.1662,low
BMAN-00637,823.3,191.6,0.8801,1.143,0.337,EQ-GR-067,0.2141,low
BMAN-00638,838.9,190.1,0.8912,1.363,0.278,EQ-GR-103,0.2437,low
BMAN-00639,828.6,182.0,0.668,1.647,0.265,EQ-GR-090,0.2023,low
BMAN-00640,841.0,178.3,0.8635,0.2,0.068,EQ-GR-097,0.0972,low
BMAN-00641,837.6,171.0,0.6596,1.549,0.386,EQ-GR-107,0.2191,low
BMAN-00642,832.0,185.6,0.8928,1.36,0.058,EQ-GR-073,0.1219,low
BMAN-00643,865.0,177.8,0.3,1.825,0.14,EQ-GR-021,0.384,medium
BMAN-00644,821.0,152.2,0.4423,0.469,0.169,EQ-GR-032,0.2483,low
BMAN-00645,818.3,158.0,0.9153,0.865,0.47,EQ-GR-114,0.2249,low
BMAN-00646,796.4,161.5,0.9009,1.764,0.349,EQ-GR-097,0.3335,medium
BMAN-00647,823.1,129.7,0.6178,3.293,1.25,EQ-GR-028,0.5545,high
BMAN-00648,855.2,171.6,0.8729,1.328,0.264,EQ-GR-114,0.1953,low
BMAN-00649,865.4,178.8,0.3545,0.988,0.191,EQ-GR-071,0.4071,medium
BMAN-00650,805.3,152.6,0.7484,0.606,0.102,EQ-GR-035,0.3243,medium
BMAN-00651,829.6,205.4,0.5033,4.835,0.104,EQ-GR-030,0.3388,medium
BMAN-00652,835.1,156.7,0.8947,0.602,0.161,EQ-GR-069,0.1774,low
BMAN-00653,870.0,156.0,0.9605,4.166,0.277,EQ-GR-095,0.4117,medium
BMAN-00654,802.3,180.6,0.9346,1.887,0.343,EQ-GR-040,0.3151,medium
BMAN-00655,836.2,163.3,0.9482,2.483,0.282,EQ-GR-016,0.2278,low
BMAN-00656,820.3,170.2,0.9244,0.855,0.162,EQ-GR-061,0.1524,low
BMAN-00657,839.4,161.5,0.8464,1.257,0.608,EQ-GR-047,0.2905,medium
BMAN-00658,840.6,165.0,0.5669,3.351,0.34,EQ-GR-047,0.307,medium
BMAN-00659,831.0,191.4,0.5531,2.653,0.135,EQ-GR-041,0.2682,medium
BMAN-00660,831.8,188.7,0.8441,2.465,0.175,EQ-GR-089,0.1808,low
BMAN-00661,843.8,163.5,0.8309,4.255,0.402,EQ-GR-033,0.264,medium
BMAN-00662,857.2,186.0,0.7476,0.646,0.172,EQ-GR-016,0.1867,low
BMAN-00663,826.2,134.8,0.5122,5.406,0.281,EQ-GR-032,0.5243,high
BMAN-00664,853.4,189.9,0.6309,5.775,0.224,EQ-GR-102,0.3698,medium
BMAN-00665,816.8,167.3,0.5343,3.029,1.075,EQ-GR-041,0.3991,medium
BMAN-00666,836.0,150.5,0.4762,1.337,0.144,EQ-GR-055,0.2488,low
BMAN-00667,836.5,164.4,0.9473,2.609,0.152,EQ-GR-044,0.1689,low
BMAN-00668,849.0,172.3,0.8659,0.602,0.638,EQ-GR-111,0.1754,low
BMAN-00669,819.1,181.8,0.8303,3.879,0.408,EQ-GR-067,0.298,medium
BMAN-00670,826.1,182.3,0.4327,3.787,0.185,EQ-GR-046,0.3191,medium
BMAN-00671,826.3,163.9,0.8159,1.493,0.35,EQ-GR-101,0.2173,low
BMAN-00672,792.7,164.7,0.8893,1.272,0.246,EQ-GR-021,0.2627,medium
BMAN-00673,869.3,174.0,0.6841,2.32,0.16,EQ-GR-118,0.3229,medium
BMAN-00674,862.1,152.9,0.6602,1.929,0.269,EQ-GR-055,0.3188,medium
BMAN-00675,854.3,168.7,0.9195,4.453,0.23,EQ-GR-047,0.2441,low
BMAN-00676,844.0,156.0,0.7121,0.762,0.17,EQ-GR-061,0.2362,low
BMAN-00677,800.1,164.5,0.8727,0.873,0.421,EQ-GR-045,0.3139,medium
BMAN-00678,850.0,176.9,0.6613,7.516,0.173,EQ-GR-001,0.3448,medium
BMAN-00679,817.9,153.0,0.8371,1.252,0.398,EQ-GR-115,0.2374,low
BMAN-00680,853.7,166.4,0.7987,3.438,0.507,EQ-GR-012,0.3821,medium
BMAN-00681,788.6,177.0,0.523,3.441,0.344,EQ-GR-114,0.4747,medium
BMAN-00682,805.5,140.9,0.5339,4.272,0.322,EQ-GR-066,0.4849,medium
BMAN-00683,827.1,186.5,0.4016,0.808,0.602,EQ-GR-006,0.3521,medium
BMAN-00684,857.2,194.5,0.7569,1.198,0.528,EQ-GR-052,0.2998,medium
BMAN-00685,853.8,148.0,0.6935,3.67,0.136,EQ-GR-075,0.3497,medium
BMAN-00686,839.9,190.3,0.9168,5.156,0.118,EQ-GR-083,0.265,medium
BMAN-00687,877.8,168.0,0.3982,4.334,0.161,EQ-GR-103,0.4924,medium
BMAN-00688,818.6,189.0,0.888,3.846,0.108,EQ-GR-077,0.237,low
BMAN-00689,867.8,166.2,0.7039,0.796,0.145,EQ-GR-022,0.3533,medium
BMAN-00690,826.1,167.5,0.815,5.548,0.309,EQ-GR-012,0.2786,medium
BMAN-00691,887.8,163.4,0.4199,7.987,0.316,EQ-GR-021,0.6066,high
BMAN-00692,866.2,177.5,0.5444,4.574,0.127,EQ-GR-097,0.3957,medium
BMAN-00693,812.6,190.4,0.6787,4.274,0.082,EQ-GR-053,0.3452,medium
BMAN-00694,864.9,195.1,0.6506,2.433,0.275,EQ-GR-035,0.4091,medium
BMAN-00695,851.4,183.6,0.9245,3.609,0.213,EQ-GR-032,0.324,medium
BMAN-00696,841.4,165.0,0.3983,1.418,0.452,EQ-GR-109,0.3114,medium
BMAN-00697,860.7,192.3,0.4676,3.176,0.38,EQ-GR-016,0.448,medium
BMAN-00698,800.6,173.3,0.7153,1.919,0.176,EQ-GR-082,0.3336,medium
BMAN-00699,798.3,184.0,0.5384,1.74,0.05,EQ-GR-081,0.3807,medium
BMAN-00700,840.7,163.2,0.8899,1.444,0.307,EQ-GR-088,0.1844,low
BMAN-00701,830.2,172.0,0.8421,0.971,0.755,EQ-GR-103,0.2143,low
BMAN-00702,847.8,178.9,0.6817,2.025,1.016,EQ-GR-112,0.4173,medium
BMAN-00703,846.5,187.7,0.8939,6.831,0.263,EQ-GR-094,0.3104,medium
BMAN-00704,833.5,197.6,0.5943,0.44,0.521,EQ-GR-108,0.3057,medium
BMAN-00705,871.2,160.0,0.8514,1.527,0.05,EQ-GR-004,0.3081,medium
BMAN-00706,838.5,149.9,0.8857,4.434,0.05,EQ-GR-023,0.1814,low
BMAN-00707,848.9,185.7,0.8428,0.891,0.251,EQ-GR-015,0.1926,low
BMAN-00708,830.5,179.9,0.7453,3.014,0.086,EQ-GR-017,0.169,low
BMAN-00709,836.3,171.8,0.8148,2.82,0.215,EQ-GR-046,0.1796,low
BMAN-00710,818.9,165.1,0.6106,1.977,0.392,EQ-GR-067,0.2954,medium
BMAN-00711,835.6,165.4,0.4377,1.444,0.655,EQ-GR-075,0.2766,medium
BMAN-00712,838.8,200.4,0.7787,2.157,0.336,EQ-GR-047,0.3121,medium
BMAN-00713,856.0,168.4,0.3903,0.787,0.079,EQ-GR-009,0.312,medium
BMAN-00714,840.0,189.8,0.6771,1.507,0.926,EQ-GR-029,0.3716,medium
BMAN-00715,804.3,179.0,0.9149,0.545,0.059,EQ-GR-118,0.2291,low
BMAN-00716,852.1,189.5,0.6285,1.786,0.076,EQ-GR-027,0.2504,medium
BMAN-00717,826.0,159.2,0.5672,1.69,0.411,EQ-GR-035,0.2834,medium
BMAN-00718,814.6,161.6,0.7976,1.364,0.05,EQ-GR-036,0.175,low
BMAN-00719,800.2,198.3,0.4839,2.14,0.55,EQ-GR-018,0.4806,medium
BMAN-00720,811.8,158.4,0.4397,1.669,0.238,EQ-GR-005,0.3738,medium
BMAN-00721,865.6,177.6,0.743,1.369,0.726,EQ-GR-093,0.3971,medium
BMAN-00722,795.1,175.6,0.5354,1.319,0.294,EQ-GR-060,0.3544,medium
BMAN-00723,845.6,158.5,0.6501,4.817,0.737,EQ-GR-088,0.3795,medium
BMAN-00724,853.8,182.7,0.7145,1.885,0.2,EQ-GR-013,0.3338,medium
BMAN-00725,822.7,170.8,0.8793,1.214,0.15,EQ-GR-050,0.1909,low
BMAN-00726,807.6,147.9,0.9362,1.722,0.158,EQ-GR-101,0.3069,medium
BMAN-00727,861.6,154.8,0.797,1.444,0.177,EQ-GR-035,0.3333,medium
BMAN-00728,862.2,170.6,0.5801,1.491,0.17,EQ-GR-041,0.2877,medium
BMAN-00729,864.8,179.6,0.5051,1.385,0.574,EQ-GR-038,0.3723,medium
BMAN-00730,883.6,178.5,0.8034,4.293,0.256,EQ-GR-068,0.4345,medium
BMAN-00731,805.8,158.7,0.4155,1.981,0.507,EQ-GR-040,0.5083,high
BMAN-00732,791.0,180.2,0.7516,4.417,0.053,EQ-GR-064,0.3433,medium
BMAN-00733,848.8,192.6,0.3963,1.765,0.05,EQ-GR-104,0.2639,medium
BMAN-00734,827.2,180.7,0.7154,3.056,0.467,EQ-GR-036,0.2975,medium
BMAN-00735,828.2,195.7,0.5269,1.393,0.343,EQ-GR-090,0.3056,medium
BMAN-00736,821.8,200.0,0.7625,0.533,0.07,EQ-GR-091,0.2419,low
BMAN-00737,786.4,162.6,0.8593,8.299,0.05,EQ-GR-021,0.5007,high
BMAN-00738,829.5,185.2,0.7774,1.352,0.49,EQ-GR-059,0.3169,medium
BMAN-00739,847.2,186.7,0.5434,0.606,0.075,EQ-GR-088,0.1941,low
BMAN-00740,814.7,174.2,0.7288,0.909,0.133,EQ-GR-075,0.1733,low
BMAN-00741,827.1,167.7,0.9159,4.736,0.273,EQ-GR-012,0.1918,low
BMAN-00742,810.8,201.0,0.8314,4.583,0.095,EQ-GR-112,0.3382,medium
BMAN-00743,886.7,174.6,0.4162,2.783,0.576,EQ-GR-119,0.5585,high
BMAN-00744,833.5,164.7,0.9223,4.336,0.283,EQ-GR-086,0.2238,low
BMAN-00745,837.4,182.7,0.6663,2.163,0.497,EQ-GR-056,0.2652,medium
BMAN-00746,843.0,159.6,0.8287,5.995,0.287,EQ-GR-011,0.3461,medium
BMAN-00747,828.4,167.3,0.8208,0.617,0.748,EQ-GR-012,0.2954,medium
BMAN-00748,826.5,192.0,0.7367,2.112,0.205,EQ-GR-119,0.2479,low
BMAN-00749,837.7,177.3,0.8093,1.189,0.65,EQ-GR-030,0.2386,low
BMAN-00750,825.8,157.6,0.7063,6.192,0.212,EQ-GR-107,0.3813,medium
BMAN-00751,806.6,180.9,0.6095,7.114,0.384,EQ-GR-054,0.4915,medium
BMAN-00752,815.1,213.8,0.7138,1.734,0.455,EQ-GR-017,0.3894,medium
BMAN-00753,864.1,150.7,0.4937,1.474,0.175,EQ-GR-070,0.407,medium
BMAN-00754,825.2,184.4,0.5077,1.51,0.065,EQ-GR-002,0.2483,low
BMAN-00755,872.0,173.0,0.667,1.108,0.861,EQ-GR-024,0.4542,medium
BMAN-00756,834.7,165.4,0.7875,3.128,0.101,EQ-GR-018,0.1712,low
BMAN-00757,809.9,212.0,0.7918,3.802,0.382,EQ-GR-012,0.4456,medium
BMAN-00758,808.3,159.2,0.676,2.205,0.082,EQ-GR-101,0.2602,medium
BMAN-00759,850.0,202.1,0.7608,2.283,0.635,EQ-GR-088,0.4094,medium
BMAN-00760,838.2,174.2,0.6951,2.964,0.097,EQ-GR-075,0.1675,low
BMAN-00761,844.6,180.4,0.4414,9.0,0.071,EQ-GR-072,0.4165,medium
BMAN-00762,854.9,184.6,0.6565,1.53,0.083,EQ-GR-056,0.2332,low
BMAN-00763,846.5,177.6,0.7372,0.824,0.152,EQ-GR-021,0.1812,low
BMAN-00764,826.5,167.3,0.8873,2.268,0.164,EQ-GR-031,0.1486,low
BMAN-00765,863.2,178.7,0.8682,2.581,0.15,EQ-GR-056,0.2426,low
BMAN-00766,830.6,210.9,0.7233,1.3,0.147,EQ-GR-073,0.207,low
BMAN-00767,818.1,169.2,0.6041,3.126,0.318,EQ-GR-120,0.3029,medium
BMAN-00768,856.5,168.5,0.9418,0.776,0.131,EQ-GR-059,0.1541,low
BMAN-00769,865.4,181.2,0.7832,2.288,0.218,EQ-GR-015,0.2461,low
BMAN-00770,850.0,150.9,0.7899,1.274,0.05,EQ-GR-043,0.2366,low
BMAN-00771,835.6,162.9,0.6928,4.277,0.177,EQ-GR-097,0.2571,medium
BMAN-00772,802.5,178.8,0.8265,1.556,0.222,EQ-GR-002,0.3363,medium
BMAN-00773,835.1,198.4,0.7187,0.374,0.546,EQ-GR-113,0.2251,low
BMAN-00774,829.8,189.6,0.8812,0.431,0.16,EQ-GR-108,0.1158,low
BMAN-00775,861.9,186.6,0.8732,1.879,0.407,EQ-GR-082,0.3253,medium
BMAN-00776,872.1,136.0,0.3,2.715,0.234,EQ-GR-100,0.5918,high
BMAN-00777,885.4,143.3,0.6426,4.944,0.309,EQ-GR-076,0.5777,high
BMAN-00778,852.7,166.2,0.8403,2.037,0.725,EQ-GR-030,0.3069,medium
BMAN-00779,824.2,177.4,0.8254,1.413,0.501,EQ-GR-068,0.2361,low
BMAN-00780,852.8,167.7,0.3,1.247,0.419,EQ-GR-039,0.3645,medium
BMAN-00781,850.3,173.8,0.7604,1.894,0.137,EQ-GR-096,0.2451,low
BMAN-00782,809.5,188.5,0.6286,5.076,0.192,EQ-GR-118,0.4237,medium
BMAN-00783,848.5,151.9,0.7563,1.869,0.325,EQ-GR-084,0.3036,medium
BMAN-00784,842.8,180.8,0.7024,9.0,0.284,EQ-GR-014,0.3831,medium
BMAN-00785,839.3,177.7,0.8402,4.118,0.129,EQ-GR-109,0.2405,low
BMAN-00786,868.9,184.6,0.8029,6.911,0.566,EQ-GR-117,0.5111,high
BMAN-00787,832.2,186.8,0.8686,5.276,0.13,EQ-GR-046,0.2101,low
BMAN-00788,830.2,140.6,0.6242,2.275,0.115,EQ-GR-119,0.2944,medium
BMAN-00789,838.2,166.1,0.7632,1.036,0.269,EQ-GR-074,0.1975,low
BMAN-00790,847.2,188.0,0.7586,2.568,0.215,EQ-GR-107,0.2098,low
BMAN-00791,833.0,187.5,0.8591,3.404,0.131,EQ-GR-049,0.2215,low
BMAN-00792,855.5,170.0,0.8358,2.96,0.373,EQ-GR-035,0.2804,medium
BMAN-00793,850.9,190.4,0.6241,3.647,0.132,EQ-GR-073,0.341,medium
BMAN-00794,839.6,197.5,0.6868,2.013,0.49,EQ-GR-113,0.2854,medium
BMAN-00795,839.1,151.1,0.8785,0.614,0.1,EQ-GR-052,0.1643,low
BMAN-00796,855.1,200.5,0.7748,4.13,0.871,EQ-GR-085,0.4688,medium
BMAN-00797,806.6,198.5,0.8267,0.72,0.087,EQ-GR-111,0.3311,medium
BMAN-00798,856.5,198.7,0.6795,3.403,0.134,EQ-GR-009,0.2938,medium
BMAN-00799,835.1,150.9,0.8166,0.953,0.651,EQ-GR-032,0.2633,medium
BMAN-00800,850.5,154.4,0.6808,3.354,0.413,EQ-GR-049,0.4085,medium
BMAN-00801,811.8,187.7,0.5675,0.266,0.139,EQ-GR-090,0.2819,medium
BMAN-00802,862.5,188.2,0.3704,3.28,0.218,EQ-GR-016,0.4943,medium
BMAN-00803,853.2,168.2,0.6349,9.0,0.105,EQ-GR-073,0.3957,medium
BMAN-00804,868.5,180.2,0.3408,0.825,0.201,EQ-GR-021,0.3631,medium
BMAN-00805,810.8,183.7,0.9645,0.2,0.155,EQ-GR-007,0.1508,low
BMAN-00806,840.9,169.4,0.6303,7.836,0.209,EQ-GR-003,0.3331,medium
BMAN-00807,831.3,192.1,0.5602,0.455,0.422,EQ-GR-088,0.256,medium
BMAN-00808,854.1,185.6,0.6948,2.265,0.298,EQ-GR-004,0.2369,low
BMAN-00809,816.5,169.4,0.8182,3.086,0.726,EQ-GR-106,0.3403,medium
BMAN-00810,842.3,197.3,0.8009,0.341,0.341,EQ-GR-083,0.2053,low
BMAN-00811,839.6,163.7,0.8488,4.184,0.361,EQ-GR-040,0.2967,medium
BMAN-00812,827.6,169.6,0.9373,1.411,0.149,EQ-GR-020,0.1302,low
BMAN-00813,805.2,165.1,0.798,5.521,0.8,EQ-GR-068,0.4789,medium
BMAN-00814,842.0,171.8,0.6772,5.077,0.065,EQ-GR-047,0.2034,low
BMAN-00815,830.7,193.5,0.6925,4.105,0.117,EQ-GR-072,0.276,medium
BMAN-00816,884.6,210.2,0.8521,2.63,0.329,EQ-GR-034,0.4215,medium
BMAN-00817,850.6,180.2,0.9181,1.438,0.647,EQ-GR-026,0.2912,medium
BMAN-00818,800.3,188.8,0.444,0.88,0.06,EQ-GR-029,0.39,medium
BMAN-00819,839.9,195.7,0.7573,3.688,0.246,EQ-GR-093,0.304,medium
BMAN-00820,818.8,184.6,0.6169,3.861,0.169,EQ-GR-063,0.2763,medium
BMAN-00821,852.2,180.2,0.6571,4.918,0.113,EQ-GR-090,0.247,low
BMAN-00822,832.5,149.3,0.8923,0.2,0.464,EQ-GR-085,0.2629,medium
BMAN-00823,841.4,188.4,0.542,1.449,0.354,EQ-GR-119,0.2852,medium
BMAN-00824,825.6,171.3,0.6788,6.165,0.475,EQ-GR-004,0.4065,medium
BMAN-00825,814.7,178.6,0.8496,3.345,0.139,EQ-GR-092,0.2531,medium
BMAN-00826,880.1,216.7,0.4447,1.93,0.927,EQ-GR-033,0.659,high
BMAN-00827,821.5,156.7,0.754,2.428,0.894,EQ-GR-010,0.4524,medium
BMAN-00828,816.6,165.6,0.8221,4.105,0.131,EQ-GR-022,0.2449,low
BMAN-00829,817.3,145.6,0.5477,0.512,0.147,EQ-GR-007,0.3199,medium
BMAN-00830,879.9,172.7,0.8976,1.515,0.244,EQ-GR-112,0.2833,medium
BMAN-00831,814.2,186.8,0.8856,1.977,0.682,EQ-GR-074,0.3194,medium
BMAN-00832,848.3,194.2,0.7538,4.887,0.424,EQ-GR-108,0.3853,medium
BMAN-00833,849.3,209.6,0.6887,1.292,0.108,EQ-GR-096,0.2955,medium
BMAN-00834,833.8,191.2,0.7727,1.047,0.625,EQ-GR-030,0.2459,low
BMAN-00835,878.4,176.0,0.4964,0.673,0.206,EQ-GR-026,0.3343,medium
BMAN-00836,851.9,167.6,0.6487,5.759,0.614,EQ-GR-043,0.4796,medium
BMAN-00837,834.7,174.7,0.786,7.387,0.12,EQ-GR-060,0.2905,medium
BMAN-00838,859.4,187.0,0.6262,1.522,0.576,EQ-GR-021,0.4067,medium
BMAN-00839,836.2,163.1,0.4147,0.393,0.417,EQ-GR-013,0.2844,medium
BMAN-00840,822.3,156.1,0.5226,4.271,0.233,EQ-GR-074,0.4267,medium
BMAN-00841,853.1,203.0,0.5486,2.117,0.162,EQ-GR-098,0.3858,medium
BMAN-00842,849.0,175.7,0.8716,5.72,0.594,EQ-GR-060,0.3664,medium
BMAN-00843,837.5,214.5,0.5798,2.027,0.057,EQ-GR-027,0.3494,medium
BMAN-00844,855.0,175.2,0.7847,3.781,0.295,EQ-GR-118,0.3062,medium
BMAN-00845,865.1,158.1,0.6238,1.13,0.438,EQ-GR-011,0.3933,medium
BMAN-00846,848.9,176.7,0.704,2.808,0.284,EQ-GR-051,0.2427,low
BMAN-00847,818.0,173.0,0.8352,3.452,0.192,EQ-GR-081,0.2384,low
BMAN-00848,874.2,176.5,0.6913,2.135,0.085,EQ-GR-111,0.3149,medium
BMAN-00849,794.9,175.6,0.7744,2.89,0.066,EQ-GR-081,0.2579,medium
BMAN-00850,832.1,199.9,0.8484,5.944,0.25,EQ-GR-105,0.354,medium
BMAN-00851,813.4,165.1,0.4102,1.275,0.513,EQ-GR-028,0.3765,medium
BMAN-00852,835.3,171.0,0.3749,1.754,0.211,EQ-GR-036,0.2653,medium
BMAN-00853,783.0,173.6,0.7413,1.752,0.055,EQ-GR-011,0.3701,medium
BMAN-00854,820.7,180.8,0.9569,0.766,0.483,EQ-GR-067,0.2256,low
BMAN-00855,831.4,182.2,0.5058,1.564,0.186,EQ-GR-064,0.1517,low
BMAN-00856,831.8,181.0,0.7492,2.259,0.115,EQ-GR-027,0.1385,low
BMAN-00857,815.3,131.6,0.706,0.903,0.359,EQ-GR-018,0.3293,medium
BMAN-00858,861.0,164.0,0.3296,2.047,0.284,EQ-GR-084,0.4037,medium
BMAN-00859,790.8,201.4,0.6004,2.241,0.445,EQ-GR-048,0.5329,high
BMAN-00860,844.1,184.5,0.467,8.762,0.476,EQ-GR-005,0.4563,medium
BMAN-00861,844.7,199.6,0.8089,6.086,0.645,EQ-GR-048,0.44,medium
BMAN-00862,833.2,156.1,0.9169,1.523,1.184,EQ-GR-076,0.3201,medium
BMAN-00863,851.9,162.1,0.5209,2.934,0.672,EQ-GR-102,0.4264,medium
BMAN-00864,823.2,191.9,0.9298,4.961,0.457,EQ-GR-015,0.3337,medium
BMAN-00865,822.6,170.7,0.8058,7.914,0.174,EQ-GR-057,0.2957,medium
BMAN-00866,863.9,175.9,0.4875,0.828,0.196,EQ-GR-029,0.3336,medium
BMAN-00867,817.7,162.1,0.7587,4.899,0.234,EQ-GR-091,0.3437,medium
BMAN-00868,836.1,177.1,0.7594,6.494,0.503,EQ-GR-110,0.3368,medium
BMAN-00869,828.2,177.4,0.6084,3.266,0.253,EQ-GR-010,0.3006,medium
BMAN-00870,811.1,210.4,0.6216,1.273,0.468,EQ-GR-089,0.4487,medium
BMAN-00871,833.7,185.9,0.7953,1.657,0.234,EQ-GR-022,0.1715,low
BMAN-00872,832.5,178.0,0.7528,0.808,0.17,EQ-GR-005,0.1634,low
BMAN-00873,835.3,155.3,0.8036,1.378,0.149,EQ-GR-032,0.1487,low
BMAN-00874,835.5,176.9,0.7097,2.477,0.344,EQ-GR-102,0.2139,low
BMAN-00875,809.8,180.9,0.3,3.058,0.379,EQ-GR-098,0.5453,high
BMAN-00876,891.2,176.9,0.4034,7.022,0.198,EQ-GR-033,0.5449,high
BMAN-00877,818.3,188.2,0.7561,3.332,0.512,EQ-GR-082,0.3873,medium
BMAN-00878,809.3,157.3,0.4997,3.228,0.267,EQ-GR-080,0.3714,medium
BMAN-00879,807.5,133.0,0.8464,3.231,0.26,EQ-GR-055,0.3945,medium
BMAN-00880,813.6,165.0,0.8189,4.5,0.14,EQ-GR-057,0.3271,medium
BMAN-00881,851.0,190.0,0.5262,4.508,0.287,EQ-GR-096,0.3435,medium
BMAN-00882,844.2,177.3,0.9176,0.452,0.193,EQ-GR-018,0.0866,low
BMAN-00883,825.5,150.7,0.345,2.68,0.05,EQ-GR-004,0.3833,medium
BMAN-00884,854.3,216.2,0.8366,1.61,0.614,EQ-GR-088,0.399,medium
BMAN-00885,854.4,184.8,0.9036,5.668,0.315,EQ-GR-106,0.3432,medium
BMAN-00886,812.1,182.7,0.8902,3.194,0.054,EQ-GR-100,0.2184,low
BMAN-00887,826.9,161.5,0.8818,2.115,0.52,EQ-GR-031,0.2444,low
BMAN-00888,838.8,159.5,0.7479,6.092,0.05,EQ-GR-108,0.2829,medium
BMAN-00889,822.3,173.3,0.8718,5.829,0.399,EQ-GR-108,0.347,medium
BMAN-00890,865.6,154.4,0.9241,3.598,0.155,EQ-GR-047,0.3492,medium
BMAN-00891,810.0,182.1,0.3989,2.098,0.106,EQ-GR-037,0.3659,medium
BMAN-00892,825.2,192.1,0.6287,1.026,0.625,EQ-GR-024,0.3459,medium
BMAN-00893,789.2,167.1,0.798,0.985,0.202,EQ-GR-034,0.3158,medium
BMAN-00894,816.6,168.2,0.3892,1.553,0.566,EQ-GR-035,0.374,medium
BMAN-00895,817.3,187.8,0.6353,0.952,0.199,EQ-GR-117,0.2618,medium
BMAN-00896,831.9,166.3,0.9137,1.971,0.108,EQ-GR-085,0.1297,low
BMAN-00897,848.4,142.6,0.7768,4.213,0.321,EQ-GR-024,0.4135,medium
BMAN-00898,823.3,177.3,0.8392,2.247,0.253,EQ-GR-054,0.1626,low
BMAN-00899,851.0,224.3,0.9513,2.84,0.367,EQ-GR-113,0.4027,medium
BMAN-00900,841.1,172.9,0.6209,1.478,0.38,EQ-GR-104,0.2452,low
BMAN-00901,826.8,167.7,0.7708,3.287,0.799,EQ-GR-049,0.3493,medium
BMAN-00902,819.3,140.3,0.8784,0.484,0.236,EQ-GR-028,0.231,low
BMAN-00903,833.2,183.4,0.8913,2.952,0.466,EQ-GR-109,0.1963,low
BMAN-00904,859.4,160.2,0.6211,0.632,0.223,EQ-GR-026,0.3308,medium
BMAN-00905,851.0,159.6,0.6563,2.054,0.529,EQ-GR-064,0.3824,medium
BMAN-00906,812.2,187.3,0.5669,4.356,0.548,EQ-GR-034,0.4919,medium
BMAN-00907,838.4,165.5,0.7538,1.889,0.437,EQ-GR-028,0.2038,low
BMAN-00908,807.7,190.5,0.8571,1.26,0.201,EQ-GR-119,0.2902,medium
BMAN-00909,857.3,148.2,0.6616,1.865,0.616,EQ-GR-111,0.4366,medium
BMAN-00910,809.2,191.1,0.911,1.144,0.3,EQ-GR-008,0.2958,medium
BMAN-00911,800.7,192.1,0.51,2.408,0.248,EQ-GR-015,0.4096,medium
BMAN-00912,846.3,194.8,0.8683,1.396,0.303,EQ-GR-081,0.2288,low
BMAN-00913,858.5,158.2,0.8976,5.429,0.07,EQ-GR-049,0.3113,medium
BMAN-00914,826.5,187.2,0.897,4.092,0.954,EQ-GR-116,0.3972,medium
BMAN-00915,819.4,183.0,0.5619,1.232,0.526,EQ-GR-021,0.36,medium
BMAN-00916,846.1,179.7,0.7811,0.626,0.1,EQ-GR-008,0.2095,low
BMAN-00917,811.2,180.8,0.8772,1.189,0.105,EQ-GR-116,0.1846,low
BMAN-00918,845.7,176.1,0.6191,2.211,0.344,EQ-GR-015,0.2506,medium
BMAN-00919,829.2,148.2,0.7065,1.112,0.578,EQ-GR-109,0.364,medium
BMAN-00920,820.6,159.5,0.6595,1.306,0.056,EQ-GR-078,0.2469,low
BMAN-00921,846.0,177.2,0.8924,0.74,0.176,EQ-GR-018,0.157,low
BMAN-00922,876.5,161.2,0.743,3.17,0.979,EQ-GR-118,0.5583,high
BMAN-00923,827.1,174.2,0.6749,1.388,0.135,EQ-GR-020,0.1831,low
BMAN-00924,846.8,199.5,0.3926,0.982,0.346,EQ-GR-057,0.3713,medium
BMAN-00925,822.6,224.0,0.6301,2.176,0.077,EQ-GR-087,0.3689,medium
BMAN-00926,825.4,141.2,0.9165,0.478,0.192,EQ-GR-111,0.2213,low
BMAN-00927,806.6,173.6,0.777,2.204,0.21,EQ-GR-018,0.2425,low
BMAN-00928,855.6,163.1,0.6219,3.128,0.057,EQ-GR-023,0.367,medium
BMAN-00929,814.2,208.1,0.567,0.215,0.38,EQ-GR-018,0.3243,medium
BMAN-00930,836.4,174.0,0.8323,4.685,0.143,EQ-GR-108,0.1872,low
BMAN-00931,802.7,165.8,0.5044,0.278,0.627,EQ-GR-108,0.4035,medium
BMAN-00932,828.8,182.1,0.7174,1.372,0.315,EQ-GR-012,0.2073,low
BMAN-00933,857.9,194.1,0.3515,6.565,0.362,EQ-GR-115,0.5157,high
BMAN-00934,812.6,182.0,0.9711,1.684,1.021,EQ-GR-078,0.3229,medium
BMAN-00935,810.0,176.0,0.8196,2.247,0.202,EQ-GR-063,0.277,medium
BMAN-00936,796.7,195.6,0.8441,5.239,0.438,EQ-GR-038,0.4468,medium
BMAN-00937,842.0,164.6,0.8899,6.846,0.294,EQ-GR-110,0.329,medium
BMAN-00938,886.4,188.0,0.791,1.638,0.26,EQ-GR-095,0.3982,medium
BMAN-00939,825.4,181.7,0.862,3.336,0.369,EQ-GR-087,0.271,medium
BMAN-00940,829.0,196.8,0.8324,1.786,0.171,EQ-GR-040,0.2919,medium
BMAN-00941,810.9,171.3,0.6965,1.79,0.139,EQ-GR-019,0.2848,medium
BMAN-00942,854.3,150.6,0.6518,4.741,0.138,EQ-GR-101,0.3715,medium
BMAN-00943,822.0,172.4,0.8354,0.807,0.795,EQ-GR-058,0.2621,medium
BMAN-00944,809.2,162.9,0.635,2.08,0.353,EQ-GR-108,0.4024,medium
BMAN-00945,817.1,172.7,0.8612,1.228,0.448,EQ-GR-110,0.1644,low
BMAN-00946,829.7,196.3,0.7685,0.77,0.103,EQ-GR-113,0.2143,low
BMAN-00947,828.9,177.9,0.8072,3.693,0.243,EQ-GR-070,0.2634,medium
BMAN-00948,855.4,185.4,0.5513,2.947,0.507,EQ-GR-081,0.4037,medium
BMAN-00949,818.9,174.9,0.7836,6.909,0.423,EQ-GR-082,0.4078,medium
BMAN-00950,833.1,158.3,0.8071,1.853,0.439,EQ-GR-006,0.2614,medium
BMAN-00951,812.5,184.5,0.8126,2.094,0.366,EQ-GR-045,0.2606,medium
BMAN-00952,806.4,188.4,0.7973,1.081,0.145,EQ-GR-031,0.2534,medium
BMAN-00953,861.7,158.7,0.5366,2.081,0.324,EQ-GR-059,0.409,medium
BMAN-00954,865.8,185.1,0.8225,0.541,0.107,EQ-GR-112,0.2299,low
BMAN-00955,830.9,179.2,0.702,4.191,0.066,EQ-GR-066,0.1973,low
BMAN-00956,822.3,186.7,0.8331,3.482,0.05,EQ-GR-066,0.2238,low
BMAN-00957,831.8,163.4,0.4748,4.396,0.82,EQ-GR-107,0.4934,medium
BMAN-00958,818.0,186.0,0.8216,3.374,0.242,EQ-GR-076,0.2939,medium
BMAN-00959,817.3,171.5,0.4672,8.046,0.232,EQ-GR-091,0.4353,medium
BMAN-00960,851.5,202.6,0.6732,7.021,0.48,EQ-GR-097,0.5731,high
BMAN-00961,831.4,170.2,0.7664,3.433,0.331,EQ-GR-004,0.1892,low
BMAN-00962,810.4,176.3,0.8472,2.882,0.055,EQ-GR-008,0.2612,medium
BMAN-00963,836.7,199.0,0.498,8.273,0.354,EQ-GR-077,0.4809,medium
BMAN-00964,836.5,176.9,0.6725,1.717,0.415,EQ-GR-088,0.2436,low
BMAN-00965,840.7,171.3,0.8772,1.153,0.156,EQ-GR-087,0.0566,low
BMAN-00966,851.3,170.5,0.8518,2.622,0.337,EQ-GR-069,0.2621,medium
BMAN-00967,828.2,188.0,0.9318,1.182,0.28,EQ-GR-034,0.2771,medium
BMAN-00968,840.8,177.0,0.5335,1.746,0.097,EQ-GR-012,0.165,low
BMAN-00969,843.8,192.9,0.8171,2.544,0.055,EQ-GR-083,0.2297,low
BMAN-00970,832.0,147.9,0.9121,1.958,0.05,EQ-GR-026,0.189,low
BMAN-00971,830.3,170.1,0.7321,1.141,0.743,EQ-GR-015,0.3112,medium
BMAN-00972,819.6,195.4,0.8515,2.569,0.184,EQ-GR-024,0.3006,medium
BMAN-00973,810.0,179.2,0.7571,0.585,0.084,EQ-GR-114,0.1494,low
BMAN-00974,820.2,161.4,0.4449,0.2,0.167,EQ-GR-055,0.2644,medium
BMAN-00975,839.5,169.4,0.6149,1.656,0.827,EQ-GR-038,0.3639,medium
BMAN-00976,837.7,181.3,0.8664,1.357,0.162,EQ-GR-112,0.1616,low
BMAN-00977,827.4,170.4,0.6451,0.424,0.539,EQ-GR-029,0.2755,medium
BMAN-00978,823.2,175.6,0.843,1.062,0.562,EQ-GR-059,0.1878,low
BMAN-00979,826.8,183.2,0.6575,0.646,0.551,EQ-GR-041,0.2762,medium
BMAN-00980,838.2,214.3,0.7704,0.99,0.291,EQ-GR-112,0.3052,medium
BMAN-00981,852.5,183.5,0.7562,0.928,0.282,EQ-GR-036,0.2841,medium
BMAN-00982,833.7,174.5,0.4096,4.453,0.471,EQ-GR-110,0.31,medium
BMAN-00983,864.1,158.6,0.8402,7.267,0.344,EQ-GR-010,0.5059,high
BMAN-00984,813.6,208.5,0.8295,1.544,0.23,EQ-GR-023,0.2886,medium
BMAN-00985,808.6,167.6,0.5858,3.754,0.421,EQ-GR-036,0.4536,medium
BMAN-00986,820.4,170.5,0.6158,1.077,0.418,EQ-GR-107,0.3434,medium
BMAN-00987,875.6,184.8,0.9236,1.085,0.336,EQ-GR-052,0.3344,medium
BMAN-00988,885.7,202.5,0.5886,2.815,0.242,EQ-GR-055,0.4791,medium
BMAN-00989,843.9,166.3,0.6052,2.426,0.923,EQ-GR-067,0.4072,medium
BMAN-00990,814.4,182.1,0.8703,1.51,0.104,EQ-GR-042,0.2211,low
BMAN-00991,835.5,183.2,0.4921,1.501,0.126,EQ-GR-077,0.1976,low
BMAN-00992,835.9,162.4,0.7918,3.077,0.191,EQ-GR-036,0.2177,low
BMAN-00993,845.2,189.9,0.8109,1.68,0.619,EQ-GR-044,0.286,medium
BMAN-00994,804.9,159.3,0.7173,2.532,0.226,EQ-GR-071,0.3769,medium
BMAN-00995,859.3,172.2,0.8585,2.47,0.254,EQ-GR-086,0.2339,low
BMAN-00996,774.2,165.9,0.6886,0.883,0.947,EQ-GR-093,0.5519,high
BMAN-00997,839.5,189.3,0.6492,1.466,0.321,EQ-GR-068,0.1989,low
BMAN-00998,820.0,162.2,0.6894,5.96,0.352,EQ-GR-086,0.4447,medium
BMAN-00999,817.9,165.9,0.8663,1.343,0.561,EQ-GR-029,0.2711,medium
BMAN-01000,846.3,161.8,0.5791,1.808,0.546,EQ-GR-063,0.273,medium
BMAN-01001,813.3,191.5,0.5124,2.118,0.246,EQ-GR-037,0.3633,medium
BMAN-01002,847.4,192.0,0.5866,2.505,0.284,EQ-GR-061,0.3516,medium
BMAN-01003,844.0,209.7,0.7604,3.096,0.21,EQ-GR-023,0.3614,medium
BMAN-01004,829.0,165.8,0.7847,0.2,0.431,EQ-GR-081,0.1919,low
BMAN-01005,872.9,189.4,0.8201,3.182,0.285,EQ-GR-050,0.3803,medium
BMAN-01006,823.3,171.2,0.7557,1.542,0.48,EQ-GR-049,0.2402,low
BMAN-01007,793.9,193.4,0.3733,1.31,0.632,EQ-GR-023,0.5698,high
BMAN-01008,810.8,136.0,0.923,0.961,0.138,EQ-GR-118,0.2643,medium
BMAN-01009,838.2,175.8,0.6594,0.426,0.36,EQ-GR-094,0.1427,low
BMAN-01010,848.6,178.3,0.62,2.366,0.476,EQ-GR-097,0.3331,medium
BMAN-01011,863.0,196.4,0.7524,4.937,0.308,EQ-GR-055,0.401,medium
BMAN-01012,822.6,147.8,0.5888,0.753,0.482,EQ-GR-003,0.3333,medium
BMAN-01013,837.0,157.7,0.5691,4.456,0.056,EQ-GR-043,0.3508,medium
BMAN-01014,867.5,159.9,0.7756,1.471,0.09,EQ-GR-061,0.2865,medium
BMAN-01015,828.9,199.2,0.6074,6.772,0.28,EQ-GR-045,0.4673,medium
BMAN-01016,860.2,172.9,0.3013,1.563,0.135,EQ-GR-053,0.3618,medium
BMAN-01017,820.3,168.1,0.9252,0.759,0.467,EQ-GR-073,0.1861,low
BMAN-01018,866.1,189.8,0.6986,1.403,0.543,EQ-GR-061,0.3915,medium
BMAN-01019,857.7,163.8,0.9527,1.147,0.142,EQ-GR-074,0.1923,low
BMAN-01020,802.0,176.4,0.7252,1.868,0.243,EQ-GR-046,0.3139,medium
BMAN-01021,851.3,174.0,0.862,1.455,0.407,EQ-GR-044,0.2431,low
BMAN-01022,817.7,175.3,0.9263,1.022,0.125,EQ-GR-002,0.099,low
BMAN-01023,804.1,187.8,0.7891,1.593,0.249,EQ-GR-095,0.3663,medium
BMAN-01024,830.7,122.5,0.6187,3.11,0.232,EQ-GR-080,0.3776,medium
BMAN-01025,900.0,197.4,0.7126,4.251,0.178,EQ-GR-066,0.501,high
BMAN-01026,843.3,188.6,0.5365,1.722,0.304,EQ-GR-066,0.3259,medium
BMAN-01027,834.3,171.6,0.5156,1.016,0.05,EQ-GR-014,0.1578,low
BMAN-01028,812.2,181.1,0.4025,0.23,0.503,EQ-GR-084,0.3685,medium
BMAN-01029,789.4,178.6,0.6855,2.612,0.295,EQ-GR-082,0.4648,medium
BMAN-01030,823.6,201.1,0.7574,5.996,0.306,EQ-GR-067,0.4633,medium
BMAN-01031,811.2,181.7,0.8555,1.743,0.513,EQ-GR-005,0.2934,medium
BMAN-01032,841.2,184.0,0.8031,0.373,0.236,EQ-GR-008,0.0821,low
BMAN-01033,883.8,174.0,0.7351,0.721,0.39,EQ-GR-009,0.3674,medium
BMAN-01034,833.6,167.5,0.7481,1.863,0.139,EQ-GR-063,0.1316,low
BMAN-01035,850.7,176.1,0.9609,2.285,0.833,EQ-GR-097,0.3129,medium
BMAN-01036,837.4,172.2,0.9661,1.279,0.348,EQ-GR-085,0.1743,low
BMAN-01037,844.1,167.6,0.9112,1.677,0.062,EQ-GR-056,0.1267,low
BMAN-01038,828.0,150.5,0.85,3.837,0.892,EQ-GR-102,0.4028,medium
BMAN-01039,820.3,184.4,0.8311,3.933,0.488,EQ-GR-088,0.2817,medium
BMAN-01040,853.6,170.0,0.5885,0.405,0.322,EQ-GR-087,0.2901,medium
BMAN-01041,826.1,155.9,0.7683,2.791,0.442,EQ-GR-071,0.3201,medium
BMAN-01042,835.1,161.9,0.8259,1.666,0.29,EQ-GR-086,0.1632,low
BMAN-01043,851.8,156.1,0.5368,0.476,0.086,EQ-GR-061,0.3011,medium
BMAN-01044,819.4,167.4,0.7107,0.607,0.076,EQ-GR-077,0.2423,low
BMAN-01045,816.7,178.1,0.7921,1.159,0.471,EQ-GR-010,0.2889,medium
BMAN-01046,813.7,175.3,0.5539,1.073,0.378,EQ-GR-024,0.3144,medium
BMAN-01047,844.5,193.8,0.6504,0.599,0.15,EQ-GR-119,0.2278,low
BMAN-01048,832.6,180.1,0.7072,1.862,0.295,EQ-GR-012,0.1907,low
BMAN-01049,852.5,173.8,0.6841,2.496,0.206,EQ-GR-070,0.1822,low
BMAN-01050,852.5,173.2,0.697,2.694,0.499,EQ-GR-016,0.3201,medium
BMAN-01051,811.9,194.4,0.3966,2.063,0.118,EQ-GR-056,0.3896,medium
BMAN-01052,858.4,158.6,0.573,0.786,0.45,EQ-GR-072,0.3309,medium
BMAN-01053,848.3,172.6,0.7614,2.445,0.388,EQ-GR-108,0.2328,low
BMAN-01054,812.5,150.6,0.7076,1.334,0.881,EQ-GR-083,0.4424,medium
BMAN-01055,847.2,175.7,0.6401,3.647,0.172,EQ-GR-048,0.3369,medium
BMAN-01056,803.5,155.9,0.9255,1.445,0.398,EQ-GR-105,0.309,medium
BMAN-01057,851.3,164.8,0.7787,1.964,0.48,EQ-GR-031,0.2804,medium
BMAN-01058,847.8,167.2,0.7667,2.435,0.245,EQ-GR-047,0.1759,low
BMAN-01059,813.4,168.7,0.6789,2.923,0.143,EQ-GR-080,0.2694,medium
BMAN-01060,839.2,169.9,0.7868,2.398,0.436,EQ-GR-011,0.269,medium
BMAN-01061,863.3,186.2,0.7616,5.818,0.384,EQ-GR-074,0.381,medium
BMAN-01062,868.9,172.9,0.8836,4.243,0.594,EQ-GR-104,0.4131,medium
BMAN-01063,848.1,166.6,0.7262,0.564,0.162,EQ-GR-033,0.1719,low
BMAN-01064,842.9,168.5,0.7825,2.3,0.745,EQ-GR-088,0.2747,medium
BMAN-01065,833.3,163.9,0.502,6.026,0.703,EQ-GR-002,0.5147,high
BMAN-01066,863.0,178.5,0.4751,2.187,0.152,EQ-GR-077,0.33,medium
BMAN-01067,859.2,150.3,0.8938,1.486,0.664,EQ-GR-018,0.373,medium
BMAN-01068,855.6,163.8,0.7288,1.229,0.275,EQ-GR-023,0.2733,medium
BMAN-01069,853.5,173.8,0.7149,5.78,0.238,EQ-GR-092,0.3131,medium
BMAN-01070,836.3,193.8,0.7432,1.54,0.05,EQ-GR-083,0.1797,low
BMAN-01071,820.3,205.8,0.869,3.305,0.244,EQ-GR-115,0.331,medium
BMAN-01072,800.3,150.3,0.8245,0.69,0.52,EQ-GR-118,0.3654,medium
BMAN-01073,822.5,173.7,0.7746,2.26,0.231,EQ-GR-064,0.1779,low
BMAN-01074,836.2,191.7,0.5984,1.432,0.085,EQ-GR-113,0.2323,low
BMAN-01075,860.7,180.4,0.5399,0.358,0.202,EQ-GR-071,0.2449,low
BMAN-01076,807.7,197.0,0.6094,6.404,0.294,EQ-GR-096,0.477,medium
BMAN-01077,816.9,141.7,0.9484,1.283,0.149,EQ-GR-021,0.2039,low
BMAN-01078,845.9,162.0,0.8235,1.616,0.485,EQ-GR-031,0.2678,medium
BMAN-01079,818.4,157.6,0.6634,1.342,0.265,EQ-GR-028,0.2632,medium
BMAN-01080,846.8,172.6,0.909,2.575,0.154,EQ-GR-079,0.1493,low
BMAN-01081,844.4,184.4,0.7757,1.673,0.363,EQ-GR-059,0.2662,medium
BMAN-01082,828.0,167.0,0.8231,2.376,0.389,EQ-GR-061,0.281,medium
BMAN-01083,804.0,176.2,0.4849,4.625,0.294,EQ-GR-004,0.4555,medium
BMAN-01084,877.6,189.0,0.675,0.571,0.096,EQ-GR-066,0.3294,medium
BMAN-01085,852.3,152.0,0.7614,0.757,0.426,EQ-GR-118,0.2769,medium
BMAN-01086,817.0,177.6,0.8628,3.282,0.331,EQ-GR-073,0.2431,low
BMAN-01087,821.6,183.7,0.4891,2.177,0.175,EQ-GR-076,0.3329,medium
BMAN-01088,853.7,208.2,0.7915,2.736,0.515,EQ-GR-054,0.3802,medium
BMAN-01089,839.9,150.0,0.904,1.91,0.168,EQ-GR-039,0.2352,low
BMAN-01090,836.7,181.7,0.8226,0.775,0.05,EQ-GR-067,0.1392,low
BMAN-01091,834.3,181.0,0.7911,4.154,0.097,EQ-GR-081,0.2039,low
BMAN-01092,837.0,169.3,0.8523,1.195,0.417,EQ-GR-103,0.2108,low
BMAN-01093,830.6,177.6,0.8478,2.308,0.447,EQ-GR-048,0.2354,low
BMAN-01094,827.7,159.9,0.624,2.323,0.768,EQ-GR-007,0.3447,medium
BMAN-01095,830.5,178.5,0.7271,1.348,0.094,EQ-GR-118,0.1374,low
BMAN-01096,836.3,176.1,0.7832,0.575,0.216,EQ-GR-080,0.0712,low
BMAN-01097,853.1,170.7,0.8324,1.17,0.531,EQ-GR-020,0.2549,medium
BMAN-01098,889.1,209.0,0.51,2.322,0.44,EQ-GR-092,0.5969,high
BMAN-01099,858.6,159.4,0.9457,4.189,0.256,EQ-GR-092,0.3109,medium
BMAN-01100,823.3,182.9,0.9264,4.141,0.224,EQ-GR-094,0.2545,medium
BMAN-01101,883.8,186.4,0.3,1.795,0.102,EQ-GR-086,0.3913,medium
BMAN-01102,837.9,220.6,0.6769,0.351,0.262,EQ-GR-056,0.3066,medium
BMAN-01103,897.4,191.3,0.822,4.107,0.147,EQ-GR-034,0.4951,medium
BMAN-01104,827.7,181.5,0.8129,2.87,0.134,EQ-GR-113,0.2066,low
BMAN-01105,814.2,175.1,0.6235,4.742,0.406,EQ-GR-065,0.4245,medium
BMAN-01106,823.1,154.5,0.4921,1.782,0.332,EQ-GR-014,0.3078,medium
BMAN-01107,849.8,154.1,0.3,1.141,0.26,EQ-GR-078,0.3846,medium
BMAN-01108,874.6,165.0,0.5395,2.942,0.311,EQ-GR-086,0.4025,medium
BMAN-01109,829.0,145.3,0.4751,1.251,0.512,EQ-GR-077,0.391,medium
BMAN-01110,801.7,153.0,0.5235,0.663,0.538,EQ-GR-004,0.4287,medium
BMAN-01111,860.5,170.4,0.5763,5.753,0.226,EQ-GR-065,0.3871,medium
BMAN-01112,850.2,172.7,0.7874,6.925,0.301,EQ-GR-052,0.3678,medium
BMAN-01113,841.0,139.6,0.7119,2.065,0.832,EQ-GR-097,0.4172,medium
BMAN-01114,837.1,173.5,0.7087,1.195,0.337,EQ-GR-068,0.2352,low
BMAN-01115,841.4,173.7,0.6679,1.497,0.244,EQ-GR-070,0.1562,low
BMAN-01116,833.1,181.6,0.8059,2.509,0.064,EQ-GR-109,0.1537,low
BMAN-01117,868.9,167.7,0.6975,1.518,0.283,EQ-GR-005,0.3383,medium
BMAN-01118,837.5,200.9,0.7861,1.509,0.416,EQ-GR-014,0.2705,medium
BMAN-01119,878.2,151.6,0.9056,2.07,0.161,EQ-GR-068,0.2836,medium
BMAN-01120,859.2,173.7,0.8134,0.569,0.41,EQ-GR-062,0.1999,low
BMAN-01121,851.4,195.4,0.7926,3.846,1.25,EQ-GR-113,0.5161,high
BMAN-01122,827.6,168.3,0.8883,2.495,0.267,EQ-GR-098,0.1715,low
BMAN-01123,808.3,172.0,0.8894,1.594,0.051,EQ-GR-092,0.1979,low
BMAN-01124,825.5,178.5,0.8938,3.439,0.221,EQ-GR-085,0.1489,low
BMAN-01125,825.7,166.1,0.5782,3.317,0.069,EQ-GR-007,0.2556,medium
BMAN-01126,815.0,162.5,0.5052,9.0,0.171,EQ-GR-100,0.5196,high
BMAN-01127,838.3,198.5,0.3025,3.55,0.323,EQ-GR-088,0.4118,medium
BMAN-01128,858.2,146.9,0.477,3.951,0.37,EQ-GR-055,0.4637,medium
BMAN-01129,803.8,184.3,0.5559,1.956,0.314,EQ-GR-041,0.4578,medium
BMAN-01130,826.2,167.9,0.9749,1.798,0.17,EQ-GR-025,0.1128,low
BMAN-01131,822.7,197.8,0.8819,0.375,0.151,EQ-GR-088,0.1804,low
BMAN-01132,855.1,228.2,0.749,1.727,0.202,EQ-GR-030,0.3256,medium
BMAN-01133,782.9,134.9,0.5731,0.889,0.279,EQ-GR-089,0.4687,medium
BMAN-01134,825.7,191.2,0.7842,4.056,0.36,EQ-GR-067,0.2936,medium
BMAN-01135,827.8,169.7,0.9316,0.971,0.242,EQ-GR-073,0.1619,low
BMAN-01136,863.5,162.3,0.7579,2.137,0.464,EQ-GR-066,0.4458,medium
BMAN-01137,887.5,184.2,0.9288,1.027,0.164,EQ-GR-077,0.384,medium
BMAN-01138,834.4,167.0,0.3867,2.388,0.261,EQ-GR-022,0.2835,medium
BMAN-01139,860.1,162.2,0.8934,3.129,0.144,EQ-GR-069,0.3102,medium
BMAN-01140,791.5,188.6,0.718,9.0,0.155,EQ-GR-050,0.525,high
BMAN-01141,847.3,175.6,0.9834,1.461,0.811,EQ-GR-031,0.2136,low
BMAN-01142,815.1,165.4,0.7525,2.435,0.082,EQ-GR-008,0.2421,low
BMAN-01143,851.7,164.2,0.7061,3.39,0.211,EQ-GR-100,0.2953,medium
BMAN-01144,850.1,158.0,0.3124,1.362,0.142,EQ-GR-054,0.3869,medium
BMAN-01145,835.8,193.3,0.8427,4.161,0.528,EQ-GR-081,0.3466,medium
BMAN-01146,847.0,170.5,0.6072,0.2,0.258,EQ-GR-094,0.2307,low
BMAN-01147,888.7,180.4,0.4727,2.499,0.327,EQ-GR-085,0.4532,medium
BMAN-01148,845.8,166.2,0.6786,1.798,0.262,EQ-GR-095,0.2523,medium
BMAN-01149,847.8,183.0,0.7231,0.338,0.481,EQ-GR-065,0.2286,low
BMAN-01150,804.1,120.0,0.7467,3.799,0.203,EQ-GR-008,0.4816,medium
BMAN-01151,875.6,180.6,0.834,4.741,0.086,EQ-GR-077,0.3803,medium
BMAN-01152,818.5,159.2,0.3461,2.538,0.05,EQ-GR-106,0.3156,medium
BMAN-01153,818.5,180.1,0.5327,4.91,0.388,EQ-GR-084,0.4365,medium
BMAN-01154,843.9,175.6,0.7954,1.513,0.435,EQ-GR-042,0.2109,low
BMAN-01155,845.9,178.8,0.8554,0.46,0.058,EQ-GR-066,0.1293,low
BMAN-01156,861.4,183.5,0.5515,1.765,0.122,EQ-GR-005,0.3587,medium
BMAN-01157,832.7,156.7,0.7769,3.983,0.534,EQ-GR-024,0.313,medium
BMAN-01158,833.7,169.2,0.7516,2.033,0.102,EQ-GR-102,0.238,low
BMAN-01159,839.0,203.6,0.3033,0.854,0.156,EQ-GR-110,0.3335,medium
BMAN-01160,840.4,165.5,0.8794,2.719,0.11,EQ-GR-034,0.1458,low
BMAN-01161,840.3,172.1,0.798,3.47,0.154,EQ-GR-027,0.1544,low
BMAN-01162,849.6,168.4,0.6885,2.79,0.518,EQ-GR-098,0.3339,medium
BMAN-01163,882.1,194.8,0.5569,2.661,0.464,EQ-GR-059,0.5495,high
BMAN-01164,806.8,170.0,0.3283,0.46,0.228,EQ-GR-064,0.3485,medium
BMAN-01165,819.1,213.5,0.7355,0.76,0.065,EQ-GR-059,0.2556,medium
BMAN-01166,834.0,184.9,0.8729,0.583,0.345,EQ-GR-089,0.1766,low
BMAN-01167,833.3,178.4,0.877,7.274,0.134,EQ-GR-095,0.2852,medium
BMAN-01168,806.1,156.0,0.8089,2.072,0.056,EQ-GR-001,0.3078,medium
BMAN-01169,847.8,167.8,0.8447,2.065,0.066,EQ-GR-077,0.234,low
BMAN-01170,837.2,154.8,0.8882,0.975,0.5,EQ-GR-118,0.1577,low
BMAN-01171,822.7,177.2,0.3357,2.625,0.157,EQ-GR-087,0.3349,medium
BMAN-01172,826.9,188.4,0.7684,2.835,0.728,EQ-GR-054,0.3334,medium
BMAN-01173,860.5,148.9,0.5837,2.72,0.357,EQ-GR-056,0.3641,medium
BMAN-01174,831.8,168.4,0.6172,3.163,0.618,EQ-GR-092,0.3021,medium
BMAN-01175,841.3,189.2,0.9162,1.025,0.074,EQ-GR-067,0.0913,low
BMAN-01176,790.6,153.5,0.613,2.457,0.09,EQ-GR-031,0.4176,medium
BMAN-01177,810.3,182.2,0.734,1.581,0.198,EQ-GR-119,0.229,low
BMAN-01178,840.5,171.7,0.5678,1.235,0.28,EQ-GR-087,0.2365,low
BMAN-01179,812.0,166.1,0.7461,1.267,0.202,EQ-GR-101,0.3135,medium
BMAN-01180,832.2,156.7,0.9236,2.826,0.128,EQ-GR-064,0.1464,low
BMAN-01181,856.7,164.5,0.6225,3.269,0.05,EQ-GR-042,0.3065,medium
BMAN-01182,826.1,214.5,0.589,2.358,0.28,EQ-GR-086,0.355,medium
BMAN-01183,847.8,177.3,0.6302,5.052,0.394,EQ-GR-097,0.3693,medium
BMAN-01184,840.7,163.8,0.6788,1.677,0.125,EQ-GR-007,0.1521,low
BMAN-01185,875.4,190.9,0.5739,0.342,0.186,EQ-GR-011,0.3542,medium
BMAN-01186,844.9,200.6,0.9065,1.039,0.283,EQ-GR-110,0.2265,low
BMAN-01187,862.9,183.1,0.5857,4.108,0.368,EQ-GR-052,0.4417,medium
BMAN-01188,806.9,168.3,0.5299,0.468,0.229,EQ-GR-061,0.2887,medium
BMAN-01189,852.7,164.6,0.4261,3.045,0.098,EQ-GR-050,0.4014,medium
BMAN-01190,838.8,163.5,0.8208,2.523,0.651,EQ-GR-006,0.2857,medium
BMAN-01191,842.5,203.5,0.6406,1.864,0.661,EQ-GR-079,0.39,medium
BMAN-01192,810.9,146.3,0.7377,5.01,0.397,EQ-GR-048,0.4522,medium
BMAN-01193,802.7,205.8,0.6339,3.258,0.11,EQ-GR-037,0.4494,medium
BMAN-01194,852.2,183.0,0.571,0.655,0.392,EQ-GR-001,0.2883,medium
BMAN-01195,822.5,154.0,0.8894,3.244,0.197,EQ-GR-110,0.2734,medium
BMAN-01196,857.7,176.2,0.6348,4.246,0.1,EQ-GR-023,0.2752,medium
BMAN-01197,850.2,177.2,0.7976,3.701,0.523,EQ-GR-029,0.3119,medium
BMAN-01198,831.2,166.0,0.8564,3.183,0.479,EQ-GR-097,0.2387,low
BMAN-01199,824.6,152.1,0.5848,1.756,0.168,EQ-GR-009,0.2901,medium
BMAN-01200,850.9,163.1,0.5881,3.954,0.081,EQ-GR-033,0.3763,medium
