-- Generated from algorithm-service/algorithm-pwb/data/cf_data/cf/seed-scripts/dossier_seed.sql
-- Target: RuoYi-Cloud MySQL 8.0.46, database `ry-cloud`.
-- Scope: only CF dossier target tables with prefix `p1p_dossier_`.

use `ry-cloud`;
set names utf8mb4;
set foreign_key_checks = 0;

-- Reset target data. DELETE is used instead of TRUNCATE because MySQL InnoDB rejects
-- TRUNCATE on tables participating in parent-child foreign key relationships.
delete from `p1p_dossier_quality_event_subject`;
delete from `p1p_dossier_service_feedback`;
delete from `p1p_dossier_replacement_record`;
delete from `p1p_dossier_fault_record`;
delete from `p1p_dossier_maintenance_order`;
delete from `p1p_dossier_reinspection_record`;
delete from `p1p_dossier_disposition_record`;
delete from `p1p_dossier_iqs_failure_duty`;
delete from `p1p_dossier_iqs_failure_content`;
delete from `p1p_dossier_iqs_failure`;
delete from `p1p_dossier_quality_event`;
delete from `p1p_dossier_maintenance_event`;
delete from `p1p_dossier_defect_record`;
delete from `p1p_dossier_inspection_item_result`;
delete from `p1p_dossier_inspection_record`;
delete from `p1p_dossier_process_parameter_record`;
delete from `p1p_dossier_resource_usage`;
delete from `p1p_dossier_step_execution`;
delete from `p1p_dossier_operation_execution`;
delete from `p1p_dossier_tooling`;
delete from `p1p_dossier_personnel`;
delete from `p1p_dossier_equipment`;
delete from `p1p_dossier_workstation`;
delete from `p1p_dossier_component_part_installation`;
delete from `p1p_dossier_part_instance`;
delete from `p1p_dossier_production_batch`;
delete from `p1p_dossier_work_order`;
delete from `p1p_dossier_issue_record`;
delete from `p1p_dossier_receiving_record`;
delete from `p1p_dossier_inventory_batch`;
delete from `p1p_dossier_supplier_batch`;
delete from `p1p_dossier_purchase_order_line`;
delete from `p1p_dossier_purchase_order`;
delete from `p1p_dossier_supplier`;
delete from `p1p_dossier_inspection_spec`;
delete from `p1p_dossier_parameter_standard`;
delete from `p1p_dossier_operation_definition`;
delete from `p1p_dossier_process_route`;
delete from `p1p_dossier_bom_item`;
delete from `p1p_dossier_component_instance`;
delete from `p1p_dossier_part_definition`;
delete from `p1p_dossier_material`;
delete from `p1p_dossier_standard_dictionary`;
delete from `p1p_dossier_design_version`;
delete from `p1p_dossier_component_type`;
delete from `p1p_dossier_installed_position`;
delete from `p1p_dossier_landing_gear_system`;
delete from `p1p_dossier_upper_equipment`;

-- Seed data
insert into `p1p_dossier_upper_equipment` (`upper_equipment_id`, `equipment_code`, `equipment_name`, `equipment_type`, `product_code`, `product_name`, `actual_plane_no`, `secret_level`, `created_at`, `updated_at`) values (1, 'AC-LGACT-260A-0001', 'Piston Rod Assembly 001', 'NORMAL', 'AC-LGACT-260A-0001', 'Piston Rod Assembly 001', 'AC-C919-1001', 'NORMAL', '2026-05-09 08:07:00', '2026-05-09 08:07:00');
insert into `p1p_dossier_upper_equipment` (`upper_equipment_id`, `equipment_code`, `equipment_name`, `equipment_type`, `product_code`, `product_name`, `actual_plane_no`, `secret_level`, `created_at`, `updated_at`) values (2, 'AC-LGACT-260A-0002', 'Cylinder Barrel Assembly 002', 'WARNING', 'AC-LGACT-260A-0002', 'Cylinder Barrel Assembly 002', 'AC-C919-1002', 'WARNING', '2026-05-10 08:14:00', '2026-05-10 08:14:00');
insert into `p1p_dossier_upper_equipment` (`upper_equipment_id`, `equipment_code`, `equipment_name`, `equipment_type`, `product_code`, `product_name`, `actual_plane_no`, `secret_level`, `created_at`, `updated_at`) values (3, 'AC-LGACT-260A-0003', 'Front End Cap 003', 'QUALIFIED', 'AC-LGACT-260A-0003', 'Front End Cap 003', 'AC-C919-1003', 'QUALIFIED', '2026-05-11 08:21:00', '2026-05-11 08:21:00');
insert into `p1p_dossier_upper_equipment` (`upper_equipment_id`, `equipment_code`, `equipment_name`, `equipment_type`, `product_code`, `product_name`, `actual_plane_no`, `secret_level`, `created_at`, `updated_at`) values (4, 'AC-LGACT-260A-0004', 'Rear End Cap 004', 'CLOSED', 'AC-LGACT-260A-0004', 'Rear End Cap 004', 'AC-C919-1004', 'CLOSED', '2026-05-12 08:28:00', '2026-05-12 08:28:00');
insert into `p1p_dossier_upper_equipment` (`upper_equipment_id`, `equipment_code`, `equipment_name`, `equipment_type`, `product_code`, `product_name`, `actual_plane_no`, `secret_level`, `created_at`, `updated_at`) values (5, 'AC-LGACT-260A-0005', 'Seal Ring Assembly 005', 'NORMAL', 'AC-LGACT-260A-0005', 'Seal Ring Assembly 005', 'AC-C919-1005', 'NORMAL', '2026-05-13 08:35:00', '2026-05-13 08:35:00');
insert into `p1p_dossier_upper_equipment` (`upper_equipment_id`, `equipment_code`, `equipment_name`, `equipment_type`, `product_code`, `product_name`, `actual_plane_no`, `secret_level`, `created_at`, `updated_at`) values (6, 'AC-LGACT-260A-0006', 'Trunnion Bushing 006', 'WARNING', 'AC-LGACT-260A-0006', 'Trunnion Bushing 006', 'AC-C919-1006', 'WARNING', '2026-05-14 08:42:00', '2026-05-14 08:42:00');
insert into `p1p_dossier_upper_equipment` (`upper_equipment_id`, `equipment_code`, `equipment_name`, `equipment_type`, `product_code`, `product_name`, `actual_plane_no`, `secret_level`, `created_at`, `updated_at`) values (7, 'AC-LGACT-260A-0007', 'Spherical Bearing 007', 'QUALIFIED', 'AC-LGACT-260A-0007', 'Spherical Bearing 007', 'AC-C919-1007', 'QUALIFIED', '2026-05-15 08:49:00', '2026-05-15 08:49:00');
insert into `p1p_dossier_upper_equipment` (`upper_equipment_id`, `equipment_code`, `equipment_name`, `equipment_type`, `product_code`, `product_name`, `actual_plane_no`, `secret_level`, `created_at`, `updated_at`) values (8, 'AC-LGACT-260A-0008', 'Throttle Connector 008', 'CLOSED', 'AC-LGACT-260A-0008', 'Throttle Connector 008', 'AC-C919-1008', 'CLOSED', '2026-05-16 08:56:00', '2026-05-16 08:56:00');
insert into `p1p_dossier_upper_equipment` (`upper_equipment_id`, `equipment_code`, `equipment_name`, `equipment_type`, `product_code`, `product_name`, `actual_plane_no`, `secret_level`, `created_at`, `updated_at`) values (9, 'AC-LGACT-260A-0009', 'Displacement Sensor Bracket 009', 'NORMAL', 'AC-LGACT-260A-0009', 'Displacement Sensor Bracket 009', 'AC-C919-1009', 'NORMAL', '2026-05-17 09:03:00', '2026-05-17 09:03:00');
insert into `p1p_dossier_upper_equipment` (`upper_equipment_id`, `equipment_code`, `equipment_name`, `equipment_type`, `product_code`, `product_name`, `actual_plane_no`, `secret_level`, `created_at`, `updated_at`) values (10, 'AC-LGACT-260A-0010', 'Locking Nut 010', 'WARNING', 'AC-LGACT-260A-0010', 'Locking Nut 010', 'AC-C919-1010', 'WARNING', '2026-05-18 09:10:00', '2026-05-18 09:10:00');
insert into `p1p_dossier_component_type` (`component_type_id`, `component_code`, `component_name`, `component_spec`, `product_code`, `product_name`, `drawing_code`, `technical_status`, `created_at`, `updated_at`) values (1, 'CF-ACTUATORCO-0001', 'Landing Gear Extension Retraction Hydraulic Actuator', 'Piston Rod Assembly aviation manufacturing business record used for actuator quality traceability.', 'AC-LGACT-PROD-0001', 'Piston Rod Assembly 001', 'DWG-LGACT-0001', 'NORMAL', '2026-05-09 08:07:00', '2026-05-09 08:07:00');
insert into `p1p_dossier_component_type` (`component_type_id`, `component_code`, `component_name`, `component_spec`, `product_code`, `product_name`, `drawing_code`, `technical_status`, `created_at`, `updated_at`) values (2, 'CF-ACTUATORCO-0002', 'Landing Gear Extension Retraction Hydraulic Actuator', 'Cylinder Barrel Assembly aviation manufacturing business record used for actuator quality traceability.', 'AC-LGACT-PROD-0002', 'Cylinder Barrel Assembly 002', 'DWG-LGACT-0002', 'WARNING', '2026-05-10 08:14:00', '2026-05-10 08:14:00');
insert into `p1p_dossier_component_type` (`component_type_id`, `component_code`, `component_name`, `component_spec`, `product_code`, `product_name`, `drawing_code`, `technical_status`, `created_at`, `updated_at`) values (3, 'CF-ACTUATORCO-0003', 'Landing Gear Extension Retraction Hydraulic Actuator', 'Front End Cap aviation manufacturing business record used for actuator quality traceability.', 'AC-LGACT-PROD-0003', 'Front End Cap 003', 'DWG-LGACT-0003', 'QUALIFIED', '2026-05-11 08:21:00', '2026-05-11 08:21:00');
insert into `p1p_dossier_component_type` (`component_type_id`, `component_code`, `component_name`, `component_spec`, `product_code`, `product_name`, `drawing_code`, `technical_status`, `created_at`, `updated_at`) values (4, 'CF-ACTUATORCO-0004', 'Landing Gear Extension Retraction Hydraulic Actuator', 'Rear End Cap aviation manufacturing business record used for actuator quality traceability.', 'AC-LGACT-PROD-0004', 'Rear End Cap 004', 'DWG-LGACT-0004', 'CLOSED', '2026-05-12 08:28:00', '2026-05-12 08:28:00');
insert into `p1p_dossier_component_type` (`component_type_id`, `component_code`, `component_name`, `component_spec`, `product_code`, `product_name`, `drawing_code`, `technical_status`, `created_at`, `updated_at`) values (5, 'CF-ACTUATORCO-0005', 'Landing Gear Extension Retraction Hydraulic Actuator', 'Seal Ring Assembly aviation manufacturing business record used for actuator quality traceability.', 'AC-LGACT-PROD-0005', 'Seal Ring Assembly 005', 'DWG-LGACT-0005', 'NORMAL', '2026-05-13 08:35:00', '2026-05-13 08:35:00');
insert into `p1p_dossier_component_type` (`component_type_id`, `component_code`, `component_name`, `component_spec`, `product_code`, `product_name`, `drawing_code`, `technical_status`, `created_at`, `updated_at`) values (6, 'CF-ACTUATORCO-0006', 'Landing Gear Extension Retraction Hydraulic Actuator', 'Trunnion Bushing aviation manufacturing business record used for actuator quality traceability.', 'AC-LGACT-PROD-0006', 'Trunnion Bushing 006', 'DWG-LGACT-0006', 'WARNING', '2026-05-14 08:42:00', '2026-05-14 08:42:00');
insert into `p1p_dossier_component_type` (`component_type_id`, `component_code`, `component_name`, `component_spec`, `product_code`, `product_name`, `drawing_code`, `technical_status`, `created_at`, `updated_at`) values (7, 'CF-ACTUATORCO-0007', 'Landing Gear Extension Retraction Hydraulic Actuator', 'Spherical Bearing aviation manufacturing business record used for actuator quality traceability.', 'AC-LGACT-PROD-0007', 'Spherical Bearing 007', 'DWG-LGACT-0007', 'QUALIFIED', '2026-05-15 08:49:00', '2026-05-15 08:49:00');
insert into `p1p_dossier_component_type` (`component_type_id`, `component_code`, `component_name`, `component_spec`, `product_code`, `product_name`, `drawing_code`, `technical_status`, `created_at`, `updated_at`) values (8, 'CF-ACTUATORCO-0008', 'Landing Gear Extension Retraction Hydraulic Actuator', 'Throttle Connector aviation manufacturing business record used for actuator quality traceability.', 'AC-LGACT-PROD-0008', 'Throttle Connector 008', 'DWG-LGACT-0008', 'CLOSED', '2026-05-16 08:56:00', '2026-05-16 08:56:00');
insert into `p1p_dossier_component_type` (`component_type_id`, `component_code`, `component_name`, `component_spec`, `product_code`, `product_name`, `drawing_code`, `technical_status`, `created_at`, `updated_at`) values (9, 'CF-ACTUATORCO-0009', 'Landing Gear Extension Retraction Hydraulic Actuator', 'Displacement Sensor Bracket aviation manufacturing business record used for actuator quality traceability.', 'AC-LGACT-PROD-0009', 'Displacement Sensor Bracket 009', 'DWG-LGACT-0009', 'NORMAL', '2026-05-17 09:03:00', '2026-05-17 09:03:00');
insert into `p1p_dossier_component_type` (`component_type_id`, `component_code`, `component_name`, `component_spec`, `product_code`, `product_name`, `drawing_code`, `technical_status`, `created_at`, `updated_at`) values (10, 'CF-ACTUATORCO-0010', 'Landing Gear Extension Retraction Hydraulic Actuator', 'Locking Nut aviation manufacturing business record used for actuator quality traceability.', 'AC-LGACT-PROD-0010', 'Locking Nut 010', 'DWG-LGACT-0010', 'WARNING', '2026-05-18 09:10:00', '2026-05-18 09:10:00');
insert into `p1p_dossier_design_version` (`design_version_id`, `version_code`, `version_name`, `drawing_code`, `doc_version`, `effective_date`, `expire_date`, `release_status`, `created_at`, `updated_at`) values (1, 'REV-2.0', 'Piston Rod Assembly 001', 'DWG-LGACT-0001', 'REV-2.0', '2026-05-09', '2026-05-09', 'NORMAL', '2026-05-09 08:07:00', '2026-05-09 08:07:00');
insert into `p1p_dossier_design_version` (`design_version_id`, `version_code`, `version_name`, `drawing_code`, `doc_version`, `effective_date`, `expire_date`, `release_status`, `created_at`, `updated_at`) values (2, 'REV-3.0', 'Cylinder Barrel Assembly 002', 'DWG-LGACT-0002', 'REV-3.0', '2026-05-10', '2026-05-10', 'WARNING', '2026-05-10 08:14:00', '2026-05-10 08:14:00');
insert into `p1p_dossier_design_version` (`design_version_id`, `version_code`, `version_name`, `drawing_code`, `doc_version`, `effective_date`, `expire_date`, `release_status`, `created_at`, `updated_at`) values (3, 'REV-4.0', 'Front End Cap 003', 'DWG-LGACT-0003', 'REV-4.0', '2026-05-11', '2026-05-11', 'QUALIFIED', '2026-05-11 08:21:00', '2026-05-11 08:21:00');
insert into `p1p_dossier_design_version` (`design_version_id`, `version_code`, `version_name`, `drawing_code`, `doc_version`, `effective_date`, `expire_date`, `release_status`, `created_at`, `updated_at`) values (4, 'REV-5.0', 'Rear End Cap 004', 'DWG-LGACT-0004', 'REV-5.0', '2026-05-12', '2026-05-12', 'CLOSED', '2026-05-12 08:28:00', '2026-05-12 08:28:00');
insert into `p1p_dossier_design_version` (`design_version_id`, `version_code`, `version_name`, `drawing_code`, `doc_version`, `effective_date`, `expire_date`, `release_status`, `created_at`, `updated_at`) values (5, 'REV-1.0', 'Seal Ring Assembly 005', 'DWG-LGACT-0005', 'REV-1.0', '2026-05-13', '2026-05-13', 'NORMAL', '2026-05-13 08:35:00', '2026-05-13 08:35:00');
insert into `p1p_dossier_design_version` (`design_version_id`, `version_code`, `version_name`, `drawing_code`, `doc_version`, `effective_date`, `expire_date`, `release_status`, `created_at`, `updated_at`) values (6, 'REV-2.0', 'Trunnion Bushing 006', 'DWG-LGACT-0006', 'REV-2.0', '2026-05-14', '2026-05-14', 'WARNING', '2026-05-14 08:42:00', '2026-05-14 08:42:00');
insert into `p1p_dossier_design_version` (`design_version_id`, `version_code`, `version_name`, `drawing_code`, `doc_version`, `effective_date`, `expire_date`, `release_status`, `created_at`, `updated_at`) values (7, 'REV-3.0', 'Spherical Bearing 007', 'DWG-LGACT-0007', 'REV-3.0', '2026-05-15', '2026-05-15', 'QUALIFIED', '2026-05-15 08:49:00', '2026-05-15 08:49:00');
insert into `p1p_dossier_design_version` (`design_version_id`, `version_code`, `version_name`, `drawing_code`, `doc_version`, `effective_date`, `expire_date`, `release_status`, `created_at`, `updated_at`) values (8, 'REV-4.0', 'Throttle Connector 008', 'DWG-LGACT-0008', 'REV-4.0', '2026-05-16', '2026-05-16', 'CLOSED', '2026-05-16 08:56:00', '2026-05-16 08:56:00');
insert into `p1p_dossier_design_version` (`design_version_id`, `version_code`, `version_name`, `drawing_code`, `doc_version`, `effective_date`, `expire_date`, `release_status`, `created_at`, `updated_at`) values (9, 'REV-5.0', 'Displacement Sensor Bracket 009', 'DWG-LGACT-0009', 'REV-5.0', '2026-05-17', '2026-05-17', 'NORMAL', '2026-05-17 09:03:00', '2026-05-17 09:03:00');
insert into `p1p_dossier_design_version` (`design_version_id`, `version_code`, `version_name`, `drawing_code`, `doc_version`, `effective_date`, `expire_date`, `release_status`, `created_at`, `updated_at`) values (10, 'REV-1.0', 'Locking Nut 010', 'DWG-LGACT-0010', 'REV-1.0', '2026-05-18', '2026-05-18', 'WARNING', '2026-05-18 09:10:00', '2026-05-18 09:10:00');
insert into `p1p_dossier_standard_dictionary` (`dict_id`, `dict_type`, `standard_code`, `standard_name`, `standard_desc`, `enabled`, `sort_no`) values (1, 'equipment_type', 'NORMAL', 'Normal', 'equipment_type standard enumeration value: Normal', 1, 1);
insert into `p1p_dossier_standard_dictionary` (`dict_id`, `dict_type`, `standard_code`, `standard_name`, `standard_desc`, `enabled`, `sort_no`) values (2, 'equipment_type', 'WARNING', 'Warning', 'equipment_type standard enumeration value: Warning', 1, 2);
insert into `p1p_dossier_standard_dictionary` (`dict_id`, `dict_type`, `standard_code`, `standard_name`, `standard_desc`, `enabled`, `sort_no`) values (3, 'equipment_type', 'QUALIFIED', 'Qualified', 'equipment_type standard enumeration value: Qualified', 1, 3);
insert into `p1p_dossier_standard_dictionary` (`dict_id`, `dict_type`, `standard_code`, `standard_name`, `standard_desc`, `enabled`, `sort_no`) values (4, 'equipment_type', 'CLOSED', 'Closed', 'equipment_type standard enumeration value: Closed', 1, 4);
insert into `p1p_dossier_standard_dictionary` (`dict_id`, `dict_type`, `standard_code`, `standard_name`, `standard_desc`, `enabled`, `sort_no`) values (5, 'secret_level', 'NORMAL', 'Normal', 'secret_level standard enumeration value: Normal', 1, 5);
insert into `p1p_dossier_standard_dictionary` (`dict_id`, `dict_type`, `standard_code`, `standard_name`, `standard_desc`, `enabled`, `sort_no`) values (6, 'secret_level', 'WARNING', 'Warning', 'secret_level standard enumeration value: Warning', 1, 6);
insert into `p1p_dossier_standard_dictionary` (`dict_id`, `dict_type`, `standard_code`, `standard_name`, `standard_desc`, `enabled`, `sort_no`) values (7, 'secret_level', 'QUALIFIED', 'Qualified', 'secret_level standard enumeration value: Qualified', 1, 7);
insert into `p1p_dossier_standard_dictionary` (`dict_id`, `dict_type`, `standard_code`, `standard_name`, `standard_desc`, `enabled`, `sort_no`) values (8, 'secret_level', 'CLOSED', 'Closed', 'secret_level standard enumeration value: Closed', 1, 8);
insert into `p1p_dossier_standard_dictionary` (`dict_id`, `dict_type`, `standard_code`, `standard_name`, `standard_desc`, `enabled`, `sort_no`) values (9, 'system_position', 'NORMAL', 'Normal', 'system_position standard enumeration value: Normal', 1, 9);
insert into `p1p_dossier_standard_dictionary` (`dict_id`, `dict_type`, `standard_code`, `standard_name`, `standard_desc`, `enabled`, `sort_no`) values (10, 'system_position', 'WARNING', 'Warning', 'system_position standard enumeration value: Warning', 1, 10);
insert into `p1p_dossier_standard_dictionary` (`dict_id`, `dict_type`, `standard_code`, `standard_name`, `standard_desc`, `enabled`, `sort_no`) values (11, 'system_position', 'QUALIFIED', 'Qualified', 'system_position standard enumeration value: Qualified', 1, 11);
insert into `p1p_dossier_standard_dictionary` (`dict_id`, `dict_type`, `standard_code`, `standard_name`, `standard_desc`, `enabled`, `sort_no`) values (12, 'system_position', 'CLOSED', 'Closed', 'system_position standard enumeration value: Closed', 1, 12);
insert into `p1p_dossier_standard_dictionary` (`dict_id`, `dict_type`, `standard_code`, `standard_name`, `standard_desc`, `enabled`, `sort_no`) values (13, 'technical_status', 'NORMAL', 'Normal', 'technical_status standard enumeration value: Normal', 1, 13);
insert into `p1p_dossier_standard_dictionary` (`dict_id`, `dict_type`, `standard_code`, `standard_name`, `standard_desc`, `enabled`, `sort_no`) values (14, 'technical_status', 'WARNING', 'Warning', 'technical_status standard enumeration value: Warning', 1, 14);
insert into `p1p_dossier_standard_dictionary` (`dict_id`, `dict_type`, `standard_code`, `standard_name`, `standard_desc`, `enabled`, `sort_no`) values (15, 'technical_status', 'QUALIFIED', 'Qualified', 'technical_status standard enumeration value: Qualified', 1, 15);
insert into `p1p_dossier_standard_dictionary` (`dict_id`, `dict_type`, `standard_code`, `standard_name`, `standard_desc`, `enabled`, `sort_no`) values (16, 'technical_status', 'CLOSED', 'Closed', 'technical_status standard enumeration value: Closed', 1, 16);
insert into `p1p_dossier_standard_dictionary` (`dict_id`, `dict_type`, `standard_code`, `standard_name`, `standard_desc`, `enabled`, `sort_no`) values (17, 'side_code', 'NORMAL', 'Normal', 'side_code standard enumeration value: Normal', 1, 17);
insert into `p1p_dossier_standard_dictionary` (`dict_id`, `dict_type`, `standard_code`, `standard_name`, `standard_desc`, `enabled`, `sort_no`) values (18, 'side_code', 'WARNING', 'Warning', 'side_code standard enumeration value: Warning', 1, 18);
insert into `p1p_dossier_standard_dictionary` (`dict_id`, `dict_type`, `standard_code`, `standard_name`, `standard_desc`, `enabled`, `sort_no`) values (19, 'side_code', 'QUALIFIED', 'Qualified', 'side_code standard enumeration value: Qualified', 1, 19);
insert into `p1p_dossier_standard_dictionary` (`dict_id`, `dict_type`, `standard_code`, `standard_name`, `standard_desc`, `enabled`, `sort_no`) values (20, 'side_code', 'CLOSED', 'Closed', 'side_code standard enumeration value: Closed', 1, 20);
insert into `p1p_dossier_standard_dictionary` (`dict_id`, `dict_type`, `standard_code`, `standard_name`, `standard_desc`, `enabled`, `sort_no`) values (21, 'design_release_status', 'NORMAL', 'Normal', 'design_release_status standard enumeration value: Normal', 1, 21);
insert into `p1p_dossier_standard_dictionary` (`dict_id`, `dict_type`, `standard_code`, `standard_name`, `standard_desc`, `enabled`, `sort_no`) values (22, 'design_release_status', 'WARNING', 'Warning', 'design_release_status standard enumeration value: Warning', 1, 22);
insert into `p1p_dossier_standard_dictionary` (`dict_id`, `dict_type`, `standard_code`, `standard_name`, `standard_desc`, `enabled`, `sort_no`) values (23, 'design_release_status', 'QUALIFIED', 'Qualified', 'design_release_status standard enumeration value: Qualified', 1, 23);
insert into `p1p_dossier_standard_dictionary` (`dict_id`, `dict_type`, `standard_code`, `standard_name`, `standard_desc`, `enabled`, `sort_no`) values (24, 'design_release_status', 'CLOSED', 'Closed', 'design_release_status standard enumeration value: Closed', 1, 24);
insert into `p1p_dossier_standard_dictionary` (`dict_id`, `dict_type`, `standard_code`, `standard_name`, `standard_desc`, `enabled`, `sort_no`) values (25, 'material_type', 'NORMAL', 'Normal', 'material_type standard enumeration value: Normal', 1, 25);
insert into `p1p_dossier_standard_dictionary` (`dict_id`, `dict_type`, `standard_code`, `standard_name`, `standard_desc`, `enabled`, `sort_no`) values (26, 'material_type', 'WARNING', 'Warning', 'material_type standard enumeration value: Warning', 1, 26);
insert into `p1p_dossier_standard_dictionary` (`dict_id`, `dict_type`, `standard_code`, `standard_name`, `standard_desc`, `enabled`, `sort_no`) values (27, 'material_type', 'QUALIFIED', 'Qualified', 'material_type standard enumeration value: Qualified', 1, 27);
insert into `p1p_dossier_standard_dictionary` (`dict_id`, `dict_type`, `standard_code`, `standard_name`, `standard_desc`, `enabled`, `sort_no`) values (28, 'material_type', 'CLOSED', 'Closed', 'material_type standard enumeration value: Closed', 1, 28);
insert into `p1p_dossier_standard_dictionary` (`dict_id`, `dict_type`, `standard_code`, `standard_name`, `standard_desc`, `enabled`, `sort_no`) values (29, 'unit_code', 'EA', 'Each', 'unit_code standard enumeration value: Each', 1, 29);
insert into `p1p_dossier_standard_dictionary` (`dict_id`, `dict_type`, `standard_code`, `standard_name`, `standard_desc`, `enabled`, `sort_no`) values (30, 'unit_code', 'SET', 'Set', 'unit_code standard enumeration value: Set', 1, 30);
insert into `p1p_dossier_standard_dictionary` (`dict_id`, `dict_type`, `standard_code`, `standard_name`, `standard_desc`, `enabled`, `sort_no`) values (31, 'unit_code', 'KG', 'Kilogram', 'unit_code standard enumeration value: Kilogram', 1, 31);
insert into `p1p_dossier_standard_dictionary` (`dict_id`, `dict_type`, `standard_code`, `standard_name`, `standard_desc`, `enabled`, `sort_no`) values (32, 'unit_code', 'M', 'Meter', 'unit_code standard enumeration value: Meter', 1, 32);
insert into `p1p_dossier_standard_dictionary` (`dict_id`, `dict_type`, `standard_code`, `standard_name`, `standard_desc`, `enabled`, `sort_no`) values (33, 'part_type', 'NORMAL', 'Normal', 'part_type standard enumeration value: Normal', 1, 33);
insert into `p1p_dossier_standard_dictionary` (`dict_id`, `dict_type`, `standard_code`, `standard_name`, `standard_desc`, `enabled`, `sort_no`) values (34, 'part_type', 'WARNING', 'Warning', 'part_type standard enumeration value: Warning', 1, 34);
insert into `p1p_dossier_standard_dictionary` (`dict_id`, `dict_type`, `standard_code`, `standard_name`, `standard_desc`, `enabled`, `sort_no`) values (35, 'part_type', 'QUALIFIED', 'Qualified', 'part_type standard enumeration value: Qualified', 1, 35);
insert into `p1p_dossier_standard_dictionary` (`dict_id`, `dict_type`, `standard_code`, `standard_name`, `standard_desc`, `enabled`, `sort_no`) values (36, 'part_type', 'CLOSED', 'Closed', 'part_type standard enumeration value: Closed', 1, 36);
insert into `p1p_dossier_standard_dictionary` (`dict_id`, `dict_type`, `standard_code`, `standard_name`, `standard_desc`, `enabled`, `sort_no`) values (37, 'part_source_type', 'MAKE', 'Self-made', 'part_source_type standard enumeration value: Self-made', 1, 37);
insert into `p1p_dossier_standard_dictionary` (`dict_id`, `dict_type`, `standard_code`, `standard_name`, `standard_desc`, `enabled`, `sort_no`) values (38, 'part_source_type', 'BUY', 'Purchased', 'part_source_type standard enumeration value: Purchased', 1, 38);
insert into `p1p_dossier_standard_dictionary` (`dict_id`, `dict_type`, `standard_code`, `standard_name`, `standard_desc`, `enabled`, `sort_no`) values (39, 'part_source_type', 'OUTSOURCE', 'Outsourced', 'part_source_type standard enumeration value: Outsourced', 1, 39);
insert into `p1p_dossier_standard_dictionary` (`dict_id`, `dict_type`, `standard_code`, `standard_name`, `standard_desc`, `enabled`, `sort_no`) values (40, 'part_source_type', 'REPAIR', 'Repaired Part', 'part_source_type standard enumeration value: Repaired Part', 1, 40);
insert into `p1p_dossier_standard_dictionary` (`dict_id`, `dict_type`, `standard_code`, `standard_name`, `standard_desc`, `enabled`, `sort_no`) values (41, 'critical_level', 'NORMAL', 'Normal', 'critical_level standard enumeration value: Normal', 1, 41);
insert into `p1p_dossier_standard_dictionary` (`dict_id`, `dict_type`, `standard_code`, `standard_name`, `standard_desc`, `enabled`, `sort_no`) values (42, 'critical_level', 'WARNING', 'Warning', 'critical_level standard enumeration value: Warning', 1, 42);
insert into `p1p_dossier_standard_dictionary` (`dict_id`, `dict_type`, `standard_code`, `standard_name`, `standard_desc`, `enabled`, `sort_no`) values (43, 'critical_level', 'QUALIFIED', 'Qualified', 'critical_level standard enumeration value: Qualified', 1, 43);
insert into `p1p_dossier_standard_dictionary` (`dict_id`, `dict_type`, `standard_code`, `standard_name`, `standard_desc`, `enabled`, `sort_no`) values (44, 'critical_level', 'CLOSED', 'Closed', 'critical_level standard enumeration value: Closed', 1, 44);
insert into `p1p_dossier_standard_dictionary` (`dict_id`, `dict_type`, `standard_code`, `standard_name`, `standard_desc`, `enabled`, `sort_no`) values (45, 'route_type', 'NORMAL', 'Normal', 'route_type standard enumeration value: Normal', 1, 45);
insert into `p1p_dossier_standard_dictionary` (`dict_id`, `dict_type`, `standard_code`, `standard_name`, `standard_desc`, `enabled`, `sort_no`) values (46, 'route_type', 'WARNING', 'Warning', 'route_type standard enumeration value: Warning', 1, 46);
insert into `p1p_dossier_standard_dictionary` (`dict_id`, `dict_type`, `standard_code`, `standard_name`, `standard_desc`, `enabled`, `sort_no`) values (47, 'route_type', 'QUALIFIED', 'Qualified', 'route_type standard enumeration value: Qualified', 1, 47);
insert into `p1p_dossier_standard_dictionary` (`dict_id`, `dict_type`, `standard_code`, `standard_name`, `standard_desc`, `enabled`, `sort_no`) values (48, 'route_type', 'CLOSED', 'Closed', 'route_type standard enumeration value: Closed', 1, 48);
insert into `p1p_dossier_standard_dictionary` (`dict_id`, `dict_type`, `standard_code`, `standard_name`, `standard_desc`, `enabled`, `sort_no`) values (49, 'route_release_status', 'NORMAL', 'Normal', 'route_release_status standard enumeration value: Normal', 1, 49);
insert into `p1p_dossier_standard_dictionary` (`dict_id`, `dict_type`, `standard_code`, `standard_name`, `standard_desc`, `enabled`, `sort_no`) values (50, 'route_release_status', 'WARNING', 'Warning', 'route_release_status standard enumeration value: Warning', 1, 50);
insert into `p1p_dossier_standard_dictionary` (`dict_id`, `dict_type`, `standard_code`, `standard_name`, `standard_desc`, `enabled`, `sort_no`) values (51, 'route_release_status', 'QUALIFIED', 'Qualified', 'route_release_status standard enumeration value: Qualified', 1, 51);
insert into `p1p_dossier_standard_dictionary` (`dict_id`, `dict_type`, `standard_code`, `standard_name`, `standard_desc`, `enabled`, `sort_no`) values (52, 'route_release_status', 'CLOSED', 'Closed', 'route_release_status standard enumeration value: Closed', 1, 52);
insert into `p1p_dossier_standard_dictionary` (`dict_id`, `dict_type`, `standard_code`, `standard_name`, `standard_desc`, `enabled`, `sort_no`) values (53, 'parameter_unit', 'MPA', 'Megapascal', 'parameter_unit standard enumeration value: Megapascal', 1, 53);
insert into `p1p_dossier_standard_dictionary` (`dict_id`, `dict_type`, `standard_code`, `standard_name`, `standard_desc`, `enabled`, `sort_no`) values (54, 'parameter_unit', 'MM', 'Millimeter', 'parameter_unit standard enumeration value: Millimeter', 1, 54);
insert into `p1p_dossier_standard_dictionary` (`dict_id`, `dict_type`, `standard_code`, `standard_name`, `standard_desc`, `enabled`, `sort_no`) values (55, 'parameter_unit', 'ML_MIN', 'Milliliter per Minute', 'parameter_unit standard enumeration value: Milliliter per Minute', 1, 55);
insert into `p1p_dossier_standard_dictionary` (`dict_id`, `dict_type`, `standard_code`, `standard_name`, `standard_desc`, `enabled`, `sort_no`) values (56, 'parameter_unit', 'SEC', 'Second', 'parameter_unit standard enumeration value: Second', 1, 56);
insert into `p1p_dossier_standard_dictionary` (`dict_id`, `dict_type`, `standard_code`, `standard_name`, `standard_desc`, `enabled`, `sort_no`) values (57, 'control_level', 'NORMAL', 'Normal', 'control_level standard enumeration value: Normal', 1, 57);
insert into `p1p_dossier_standard_dictionary` (`dict_id`, `dict_type`, `standard_code`, `standard_name`, `standard_desc`, `enabled`, `sort_no`) values (58, 'control_level', 'WARNING', 'Warning', 'control_level standard enumeration value: Warning', 1, 58);
insert into `p1p_dossier_standard_dictionary` (`dict_id`, `dict_type`, `standard_code`, `standard_name`, `standard_desc`, `enabled`, `sort_no`) values (59, 'control_level', 'QUALIFIED', 'Qualified', 'control_level standard enumeration value: Qualified', 1, 59);
insert into `p1p_dossier_standard_dictionary` (`dict_id`, `dict_type`, `standard_code`, `standard_name`, `standard_desc`, `enabled`, `sort_no`) values (60, 'control_level', 'CLOSED', 'Closed', 'control_level standard enumeration value: Closed', 1, 60);
insert into `p1p_dossier_standard_dictionary` (`dict_id`, `dict_type`, `standard_code`, `standard_name`, `standard_desc`, `enabled`, `sort_no`) values (61, 'inspection_type', 'IN_PROCESS', 'In-process Inspection', 'inspection_type standard enumeration value: In-process Inspection', 1, 61);
insert into `p1p_dossier_standard_dictionary` (`dict_id`, `dict_type`, `standard_code`, `standard_name`, `standard_desc`, `enabled`, `sort_no`) values (62, 'inspection_type', 'FINAL', 'Final Inspection', 'inspection_type standard enumeration value: Final Inspection', 1, 62);
insert into `p1p_dossier_standard_dictionary` (`dict_id`, `dict_type`, `standard_code`, `standard_name`, `standard_desc`, `enabled`, `sort_no`) values (63, 'inspection_type', 'INCOMING', 'Incoming Inspection', 'inspection_type standard enumeration value: Incoming Inspection', 1, 63);
insert into `p1p_dossier_standard_dictionary` (`dict_id`, `dict_type`, `standard_code`, `standard_name`, `standard_desc`, `enabled`, `sort_no`) values (64, 'inspection_type', 'SERVICE', 'In-service Inspection', 'inspection_type standard enumeration value: In-service Inspection', 1, 64);
insert into `p1p_dossier_standard_dictionary` (`dict_id`, `dict_type`, `standard_code`, `standard_name`, `standard_desc`, `enabled`, `sort_no`) values (65, 'supplier_type', 'NORMAL', 'Normal', 'supplier_type standard enumeration value: Normal', 1, 65);
insert into `p1p_dossier_standard_dictionary` (`dict_id`, `dict_type`, `standard_code`, `standard_name`, `standard_desc`, `enabled`, `sort_no`) values (66, 'supplier_type', 'WARNING', 'Warning', 'supplier_type standard enumeration value: Warning', 1, 66);
insert into `p1p_dossier_standard_dictionary` (`dict_id`, `dict_type`, `standard_code`, `standard_name`, `standard_desc`, `enabled`, `sort_no`) values (67, 'supplier_type', 'QUALIFIED', 'Qualified', 'supplier_type standard enumeration value: Qualified', 1, 67);
insert into `p1p_dossier_standard_dictionary` (`dict_id`, `dict_type`, `standard_code`, `standard_name`, `standard_desc`, `enabled`, `sort_no`) values (68, 'supplier_type', 'CLOSED', 'Closed', 'supplier_type standard enumeration value: Closed', 1, 68);
insert into `p1p_dossier_standard_dictionary` (`dict_id`, `dict_type`, `standard_code`, `standard_name`, `standard_desc`, `enabled`, `sort_no`) values (69, 'supplier_qualification_level', 'NORMAL', 'Normal', 'supplier_qualification_level standard enumeration value: Normal', 1, 69);
insert into `p1p_dossier_standard_dictionary` (`dict_id`, `dict_type`, `standard_code`, `standard_name`, `standard_desc`, `enabled`, `sort_no`) values (70, 'supplier_qualification_level', 'WARNING', 'Warning', 'supplier_qualification_level standard enumeration value: Warning', 1, 70);
insert into `p1p_dossier_standard_dictionary` (`dict_id`, `dict_type`, `standard_code`, `standard_name`, `standard_desc`, `enabled`, `sort_no`) values (71, 'supplier_qualification_level', 'QUALIFIED', 'Qualified', 'supplier_qualification_level standard enumeration value: Qualified', 1, 71);
insert into `p1p_dossier_standard_dictionary` (`dict_id`, `dict_type`, `standard_code`, `standard_name`, `standard_desc`, `enabled`, `sort_no`) values (72, 'supplier_qualification_level', 'CLOSED', 'Closed', 'supplier_qualification_level standard enumeration value: Closed', 1, 72);
insert into `p1p_dossier_standard_dictionary` (`dict_id`, `dict_type`, `standard_code`, `standard_name`, `standard_desc`, `enabled`, `sort_no`) values (73, 'purchase_order_status', 'NORMAL', 'Normal', 'purchase_order_status standard enumeration value: Normal', 1, 73);
insert into `p1p_dossier_standard_dictionary` (`dict_id`, `dict_type`, `standard_code`, `standard_name`, `standard_desc`, `enabled`, `sort_no`) values (74, 'purchase_order_status', 'WARNING', 'Warning', 'purchase_order_status standard enumeration value: Warning', 1, 74);
insert into `p1p_dossier_standard_dictionary` (`dict_id`, `dict_type`, `standard_code`, `standard_name`, `standard_desc`, `enabled`, `sort_no`) values (75, 'purchase_order_status', 'QUALIFIED', 'Qualified', 'purchase_order_status standard enumeration value: Qualified', 1, 75);
insert into `p1p_dossier_standard_dictionary` (`dict_id`, `dict_type`, `standard_code`, `standard_name`, `standard_desc`, `enabled`, `sort_no`) values (76, 'purchase_order_status', 'CLOSED', 'Closed', 'purchase_order_status standard enumeration value: Closed', 1, 76);
insert into `p1p_dossier_standard_dictionary` (`dict_id`, `dict_type`, `standard_code`, `standard_name`, `standard_desc`, `enabled`, `sort_no`) values (77, 'purchase_line_status', 'NORMAL', 'Normal', 'purchase_line_status standard enumeration value: Normal', 1, 77);
insert into `p1p_dossier_standard_dictionary` (`dict_id`, `dict_type`, `standard_code`, `standard_name`, `standard_desc`, `enabled`, `sort_no`) values (78, 'purchase_line_status', 'WARNING', 'Warning', 'purchase_line_status standard enumeration value: Warning', 1, 78);
insert into `p1p_dossier_standard_dictionary` (`dict_id`, `dict_type`, `standard_code`, `standard_name`, `standard_desc`, `enabled`, `sort_no`) values (79, 'purchase_line_status', 'QUALIFIED', 'Qualified', 'purchase_line_status standard enumeration value: Qualified', 1, 79);
insert into `p1p_dossier_standard_dictionary` (`dict_id`, `dict_type`, `standard_code`, `standard_name`, `standard_desc`, `enabled`, `sort_no`) values (80, 'purchase_line_status', 'CLOSED', 'Closed', 'purchase_line_status standard enumeration value: Closed', 1, 80);
insert into `p1p_dossier_standard_dictionary` (`dict_id`, `dict_type`, `standard_code`, `standard_name`, `standard_desc`, `enabled`, `sort_no`) values (81, 'supplier_batch_status', 'NORMAL', 'Normal', 'supplier_batch_status standard enumeration value: Normal', 1, 81);
insert into `p1p_dossier_standard_dictionary` (`dict_id`, `dict_type`, `standard_code`, `standard_name`, `standard_desc`, `enabled`, `sort_no`) values (82, 'supplier_batch_status', 'WARNING', 'Warning', 'supplier_batch_status standard enumeration value: Warning', 1, 82);
insert into `p1p_dossier_standard_dictionary` (`dict_id`, `dict_type`, `standard_code`, `standard_name`, `standard_desc`, `enabled`, `sort_no`) values (83, 'supplier_batch_status', 'QUALIFIED', 'Qualified', 'supplier_batch_status standard enumeration value: Qualified', 1, 83);
insert into `p1p_dossier_standard_dictionary` (`dict_id`, `dict_type`, `standard_code`, `standard_name`, `standard_desc`, `enabled`, `sort_no`) values (84, 'supplier_batch_status', 'CLOSED', 'Closed', 'supplier_batch_status standard enumeration value: Closed', 1, 84);
insert into `p1p_dossier_standard_dictionary` (`dict_id`, `dict_type`, `standard_code`, `standard_name`, `standard_desc`, `enabled`, `sort_no`) values (85, 'inventory_batch_status', 'NORMAL', 'Normal', 'inventory_batch_status standard enumeration value: Normal', 1, 85);
insert into `p1p_dossier_standard_dictionary` (`dict_id`, `dict_type`, `standard_code`, `standard_name`, `standard_desc`, `enabled`, `sort_no`) values (86, 'inventory_batch_status', 'WARNING', 'Warning', 'inventory_batch_status standard enumeration value: Warning', 1, 86);
insert into `p1p_dossier_standard_dictionary` (`dict_id`, `dict_type`, `standard_code`, `standard_name`, `standard_desc`, `enabled`, `sort_no`) values (87, 'inventory_batch_status', 'QUALIFIED', 'Qualified', 'inventory_batch_status standard enumeration value: Qualified', 1, 87);
insert into `p1p_dossier_standard_dictionary` (`dict_id`, `dict_type`, `standard_code`, `standard_name`, `standard_desc`, `enabled`, `sort_no`) values (88, 'inventory_batch_status', 'CLOSED', 'Closed', 'inventory_batch_status standard enumeration value: Closed', 1, 88);
insert into `p1p_dossier_standard_dictionary` (`dict_id`, `dict_type`, `standard_code`, `standard_name`, `standard_desc`, `enabled`, `sort_no`) values (89, 'receiving_status', 'NORMAL', 'Normal', 'receiving_status standard enumeration value: Normal', 1, 89);
insert into `p1p_dossier_standard_dictionary` (`dict_id`, `dict_type`, `standard_code`, `standard_name`, `standard_desc`, `enabled`, `sort_no`) values (90, 'receiving_status', 'WARNING', 'Warning', 'receiving_status standard enumeration value: Warning', 1, 90);
insert into `p1p_dossier_standard_dictionary` (`dict_id`, `dict_type`, `standard_code`, `standard_name`, `standard_desc`, `enabled`, `sort_no`) values (91, 'receiving_status', 'QUALIFIED', 'Qualified', 'receiving_status standard enumeration value: Qualified', 1, 91);
insert into `p1p_dossier_standard_dictionary` (`dict_id`, `dict_type`, `standard_code`, `standard_name`, `standard_desc`, `enabled`, `sort_no`) values (92, 'receiving_status', 'CLOSED', 'Closed', 'receiving_status standard enumeration value: Closed', 1, 92);
insert into `p1p_dossier_standard_dictionary` (`dict_id`, `dict_type`, `standard_code`, `standard_name`, `standard_desc`, `enabled`, `sort_no`) values (93, 'issue_status', 'NORMAL', 'Normal', 'issue_status standard enumeration value: Normal', 1, 93);
insert into `p1p_dossier_standard_dictionary` (`dict_id`, `dict_type`, `standard_code`, `standard_name`, `standard_desc`, `enabled`, `sort_no`) values (94, 'issue_status', 'WARNING', 'Warning', 'issue_status standard enumeration value: Warning', 1, 94);
insert into `p1p_dossier_standard_dictionary` (`dict_id`, `dict_type`, `standard_code`, `standard_name`, `standard_desc`, `enabled`, `sort_no`) values (95, 'issue_status', 'QUALIFIED', 'Qualified', 'issue_status standard enumeration value: Qualified', 1, 95);
insert into `p1p_dossier_standard_dictionary` (`dict_id`, `dict_type`, `standard_code`, `standard_name`, `standard_desc`, `enabled`, `sort_no`) values (96, 'issue_status', 'CLOSED', 'Closed', 'issue_status standard enumeration value: Closed', 1, 96);
insert into `p1p_dossier_standard_dictionary` (`dict_id`, `dict_type`, `standard_code`, `standard_name`, `standard_desc`, `enabled`, `sort_no`) values (97, 'work_order_type', 'NORMAL', 'Normal', 'work_order_type standard enumeration value: Normal', 1, 97);
insert into `p1p_dossier_standard_dictionary` (`dict_id`, `dict_type`, `standard_code`, `standard_name`, `standard_desc`, `enabled`, `sort_no`) values (98, 'work_order_type', 'WARNING', 'Warning', 'work_order_type standard enumeration value: Warning', 1, 98);
insert into `p1p_dossier_standard_dictionary` (`dict_id`, `dict_type`, `standard_code`, `standard_name`, `standard_desc`, `enabled`, `sort_no`) values (99, 'work_order_type', 'QUALIFIED', 'Qualified', 'work_order_type standard enumeration value: Qualified', 1, 99);
insert into `p1p_dossier_standard_dictionary` (`dict_id`, `dict_type`, `standard_code`, `standard_name`, `standard_desc`, `enabled`, `sort_no`) values (100, 'work_order_type', 'CLOSED', 'Closed', 'work_order_type standard enumeration value: Closed', 1, 100);
insert into `p1p_dossier_standard_dictionary` (`dict_id`, `dict_type`, `standard_code`, `standard_name`, `standard_desc`, `enabled`, `sort_no`) values (101, 'work_order_status', 'RELEASED', 'Released', 'work_order_status standard enumeration value: Released', 1, 101);
insert into `p1p_dossier_standard_dictionary` (`dict_id`, `dict_type`, `standard_code`, `standard_name`, `standard_desc`, `enabled`, `sort_no`) values (102, 'work_order_status', 'RUNNING', 'In Progress', 'work_order_status standard enumeration value: In Progress', 1, 102);
insert into `p1p_dossier_standard_dictionary` (`dict_id`, `dict_type`, `standard_code`, `standard_name`, `standard_desc`, `enabled`, `sort_no`) values (103, 'work_order_status', 'COMPLETED', 'Completed', 'work_order_status standard enumeration value: Completed', 1, 103);
insert into `p1p_dossier_standard_dictionary` (`dict_id`, `dict_type`, `standard_code`, `standard_name`, `standard_desc`, `enabled`, `sort_no`) values (104, 'work_order_status', 'CLOSED', 'Closed', 'work_order_status standard enumeration value: Closed', 1, 104);
insert into `p1p_dossier_standard_dictionary` (`dict_id`, `dict_type`, `standard_code`, `standard_name`, `standard_desc`, `enabled`, `sort_no`) values (105, 'component_status', 'NORMAL', 'Normal', 'component_status standard enumeration value: Normal', 1, 105);
insert into `p1p_dossier_standard_dictionary` (`dict_id`, `dict_type`, `standard_code`, `standard_name`, `standard_desc`, `enabled`, `sort_no`) values (106, 'component_status', 'WARNING', 'Warning', 'component_status standard enumeration value: Warning', 1, 106);
insert into `p1p_dossier_standard_dictionary` (`dict_id`, `dict_type`, `standard_code`, `standard_name`, `standard_desc`, `enabled`, `sort_no`) values (107, 'component_status', 'QUALIFIED', 'Qualified', 'component_status standard enumeration value: Qualified', 1, 107);
insert into `p1p_dossier_standard_dictionary` (`dict_id`, `dict_type`, `standard_code`, `standard_name`, `standard_desc`, `enabled`, `sort_no`) values (108, 'component_status', 'CLOSED', 'Closed', 'component_status standard enumeration value: Closed', 1, 108);
insert into `p1p_dossier_standard_dictionary` (`dict_id`, `dict_type`, `standard_code`, `standard_name`, `standard_desc`, `enabled`, `sort_no`) values (109, 'production_batch_status', 'NORMAL', 'Normal', 'production_batch_status standard enumeration value: Normal', 1, 109);
insert into `p1p_dossier_standard_dictionary` (`dict_id`, `dict_type`, `standard_code`, `standard_name`, `standard_desc`, `enabled`, `sort_no`) values (110, 'production_batch_status', 'WARNING', 'Warning', 'production_batch_status standard enumeration value: Warning', 1, 110);
insert into `p1p_dossier_standard_dictionary` (`dict_id`, `dict_type`, `standard_code`, `standard_name`, `standard_desc`, `enabled`, `sort_no`) values (111, 'production_batch_status', 'QUALIFIED', 'Qualified', 'production_batch_status standard enumeration value: Qualified', 1, 111);
insert into `p1p_dossier_standard_dictionary` (`dict_id`, `dict_type`, `standard_code`, `standard_name`, `standard_desc`, `enabled`, `sort_no`) values (112, 'production_batch_status', 'CLOSED', 'Closed', 'production_batch_status standard enumeration value: Closed', 1, 112);
insert into `p1p_dossier_standard_dictionary` (`dict_id`, `dict_type`, `standard_code`, `standard_name`, `standard_desc`, `enabled`, `sort_no`) values (113, 'part_status', 'NORMAL', 'Normal', 'part_status standard enumeration value: Normal', 1, 113);
insert into `p1p_dossier_standard_dictionary` (`dict_id`, `dict_type`, `standard_code`, `standard_name`, `standard_desc`, `enabled`, `sort_no`) values (114, 'part_status', 'WARNING', 'Warning', 'part_status standard enumeration value: Warning', 1, 114);
insert into `p1p_dossier_standard_dictionary` (`dict_id`, `dict_type`, `standard_code`, `standard_name`, `standard_desc`, `enabled`, `sort_no`) values (115, 'part_status', 'QUALIFIED', 'Qualified', 'part_status standard enumeration value: Qualified', 1, 115);
insert into `p1p_dossier_standard_dictionary` (`dict_id`, `dict_type`, `standard_code`, `standard_name`, `standard_desc`, `enabled`, `sort_no`) values (116, 'part_status', 'CLOSED', 'Closed', 'part_status standard enumeration value: Closed', 1, 116);
insert into `p1p_dossier_standard_dictionary` (`dict_id`, `dict_type`, `standard_code`, `standard_name`, `standard_desc`, `enabled`, `sort_no`) values (117, 'replacement_reason', 'LEAKAGE', 'Internal Leakage', 'replacement_reason standard enumeration value: Internal Leakage', 1, 117);
insert into `p1p_dossier_standard_dictionary` (`dict_id`, `dict_type`, `standard_code`, `standard_name`, `standard_desc`, `enabled`, `sort_no`) values (118, 'replacement_reason', 'WEAR', 'Wear', 'replacement_reason standard enumeration value: Wear', 1, 118);
insert into `p1p_dossier_standard_dictionary` (`dict_id`, `dict_type`, `standard_code`, `standard_name`, `standard_desc`, `enabled`, `sort_no`) values (119, 'replacement_reason', 'DAMAGE', 'Damage', 'replacement_reason standard enumeration value: Damage', 1, 119);
insert into `p1p_dossier_standard_dictionary` (`dict_id`, `dict_type`, `standard_code`, `standard_name`, `standard_desc`, `enabled`, `sort_no`) values (120, 'replacement_reason', 'LIFE_LIMIT', 'Life Limit Reached', 'replacement_reason standard enumeration value: Life Limit Reached', 1, 120);
insert into `p1p_dossier_standard_dictionary` (`dict_id`, `dict_type`, `standard_code`, `standard_name`, `standard_desc`, `enabled`, `sort_no`) values (121, 'installation_status', 'NORMAL', 'Normal', 'installation_status standard enumeration value: Normal', 1, 121);
insert into `p1p_dossier_standard_dictionary` (`dict_id`, `dict_type`, `standard_code`, `standard_name`, `standard_desc`, `enabled`, `sort_no`) values (122, 'installation_status', 'WARNING', 'Warning', 'installation_status standard enumeration value: Warning', 1, 122);
insert into `p1p_dossier_standard_dictionary` (`dict_id`, `dict_type`, `standard_code`, `standard_name`, `standard_desc`, `enabled`, `sort_no`) values (123, 'installation_status', 'QUALIFIED', 'Qualified', 'installation_status standard enumeration value: Qualified', 1, 123);
insert into `p1p_dossier_standard_dictionary` (`dict_id`, `dict_type`, `standard_code`, `standard_name`, `standard_desc`, `enabled`, `sort_no`) values (124, 'installation_status', 'CLOSED', 'Closed', 'installation_status standard enumeration value: Closed', 1, 124);
insert into `p1p_dossier_standard_dictionary` (`dict_id`, `dict_type`, `standard_code`, `standard_name`, `standard_desc`, `enabled`, `sort_no`) values (125, 'station_status', 'NORMAL', 'Normal', 'station_status standard enumeration value: Normal', 1, 125);
insert into `p1p_dossier_standard_dictionary` (`dict_id`, `dict_type`, `standard_code`, `standard_name`, `standard_desc`, `enabled`, `sort_no`) values (126, 'station_status', 'WARNING', 'Warning', 'station_status standard enumeration value: Warning', 1, 126);
insert into `p1p_dossier_standard_dictionary` (`dict_id`, `dict_type`, `standard_code`, `standard_name`, `standard_desc`, `enabled`, `sort_no`) values (127, 'station_status', 'QUALIFIED', 'Qualified', 'station_status standard enumeration value: Qualified', 1, 127);
insert into `p1p_dossier_standard_dictionary` (`dict_id`, `dict_type`, `standard_code`, `standard_name`, `standard_desc`, `enabled`, `sort_no`) values (128, 'station_status', 'CLOSED', 'Closed', 'station_status standard enumeration value: Closed', 1, 128);
insert into `p1p_dossier_standard_dictionary` (`dict_id`, `dict_type`, `standard_code`, `standard_name`, `standard_desc`, `enabled`, `sort_no`) values (129, 'equipment_status', 'NORMAL', 'Normal', 'equipment_status standard enumeration value: Normal', 1, 129);
insert into `p1p_dossier_standard_dictionary` (`dict_id`, `dict_type`, `standard_code`, `standard_name`, `standard_desc`, `enabled`, `sort_no`) values (130, 'equipment_status', 'WARNING', 'Warning', 'equipment_status standard enumeration value: Warning', 1, 130);
insert into `p1p_dossier_standard_dictionary` (`dict_id`, `dict_type`, `standard_code`, `standard_name`, `standard_desc`, `enabled`, `sort_no`) values (131, 'equipment_status', 'QUALIFIED', 'Qualified', 'equipment_status standard enumeration value: Qualified', 1, 131);
insert into `p1p_dossier_standard_dictionary` (`dict_id`, `dict_type`, `standard_code`, `standard_name`, `standard_desc`, `enabled`, `sort_no`) values (132, 'equipment_status', 'CLOSED', 'Closed', 'equipment_status standard enumeration value: Closed', 1, 132);
insert into `p1p_dossier_standard_dictionary` (`dict_id`, `dict_type`, `standard_code`, `standard_name`, `standard_desc`, `enabled`, `sort_no`) values (133, 'skill_level', 'NORMAL', 'Normal', 'skill_level standard enumeration value: Normal', 1, 133);
insert into `p1p_dossier_standard_dictionary` (`dict_id`, `dict_type`, `standard_code`, `standard_name`, `standard_desc`, `enabled`, `sort_no`) values (134, 'skill_level', 'WARNING', 'Warning', 'skill_level standard enumeration value: Warning', 1, 134);
insert into `p1p_dossier_standard_dictionary` (`dict_id`, `dict_type`, `standard_code`, `standard_name`, `standard_desc`, `enabled`, `sort_no`) values (135, 'skill_level', 'QUALIFIED', 'Qualified', 'skill_level standard enumeration value: Qualified', 1, 135);
insert into `p1p_dossier_standard_dictionary` (`dict_id`, `dict_type`, `standard_code`, `standard_name`, `standard_desc`, `enabled`, `sort_no`) values (136, 'skill_level', 'CLOSED', 'Closed', 'skill_level standard enumeration value: Closed', 1, 136);
insert into `p1p_dossier_standard_dictionary` (`dict_id`, `dict_type`, `standard_code`, `standard_name`, `standard_desc`, `enabled`, `sort_no`) values (137, 'work_type', 'NORMAL', 'Normal', 'work_type standard enumeration value: Normal', 1, 137);
insert into `p1p_dossier_standard_dictionary` (`dict_id`, `dict_type`, `standard_code`, `standard_name`, `standard_desc`, `enabled`, `sort_no`) values (138, 'work_type', 'WARNING', 'Warning', 'work_type standard enumeration value: Warning', 1, 138);
insert into `p1p_dossier_standard_dictionary` (`dict_id`, `dict_type`, `standard_code`, `standard_name`, `standard_desc`, `enabled`, `sort_no`) values (139, 'work_type', 'QUALIFIED', 'Qualified', 'work_type standard enumeration value: Qualified', 1, 139);
insert into `p1p_dossier_standard_dictionary` (`dict_id`, `dict_type`, `standard_code`, `standard_name`, `standard_desc`, `enabled`, `sort_no`) values (140, 'work_type', 'CLOSED', 'Closed', 'work_type standard enumeration value: Closed', 1, 140);
insert into `p1p_dossier_standard_dictionary` (`dict_id`, `dict_type`, `standard_code`, `standard_name`, `standard_desc`, `enabled`, `sort_no`) values (141, 'tooling_type', 'NORMAL', 'Normal', 'tooling_type standard enumeration value: Normal', 1, 141);
insert into `p1p_dossier_standard_dictionary` (`dict_id`, `dict_type`, `standard_code`, `standard_name`, `standard_desc`, `enabled`, `sort_no`) values (142, 'tooling_type', 'WARNING', 'Warning', 'tooling_type standard enumeration value: Warning', 1, 142);
insert into `p1p_dossier_standard_dictionary` (`dict_id`, `dict_type`, `standard_code`, `standard_name`, `standard_desc`, `enabled`, `sort_no`) values (143, 'tooling_type', 'QUALIFIED', 'Qualified', 'tooling_type standard enumeration value: Qualified', 1, 143);
insert into `p1p_dossier_standard_dictionary` (`dict_id`, `dict_type`, `standard_code`, `standard_name`, `standard_desc`, `enabled`, `sort_no`) values (144, 'tooling_type', 'CLOSED', 'Closed', 'tooling_type standard enumeration value: Closed', 1, 144);
insert into `p1p_dossier_standard_dictionary` (`dict_id`, `dict_type`, `standard_code`, `standard_name`, `standard_desc`, `enabled`, `sort_no`) values (145, 'tooling_status', 'NORMAL', 'Normal', 'tooling_status standard enumeration value: Normal', 1, 145);
insert into `p1p_dossier_standard_dictionary` (`dict_id`, `dict_type`, `standard_code`, `standard_name`, `standard_desc`, `enabled`, `sort_no`) values (146, 'tooling_status', 'WARNING', 'Warning', 'tooling_status standard enumeration value: Warning', 1, 146);
insert into `p1p_dossier_standard_dictionary` (`dict_id`, `dict_type`, `standard_code`, `standard_name`, `standard_desc`, `enabled`, `sort_no`) values (147, 'tooling_status', 'QUALIFIED', 'Qualified', 'tooling_status standard enumeration value: Qualified', 1, 147);
insert into `p1p_dossier_standard_dictionary` (`dict_id`, `dict_type`, `standard_code`, `standard_name`, `standard_desc`, `enabled`, `sort_no`) values (148, 'tooling_status', 'CLOSED', 'Closed', 'tooling_status standard enumeration value: Closed', 1, 148);
insert into `p1p_dossier_standard_dictionary` (`dict_id`, `dict_type`, `standard_code`, `standard_name`, `standard_desc`, `enabled`, `sort_no`) values (149, 'operation_status', 'COMPLETED', 'Completed', 'operation_status standard enumeration value: Completed', 1, 149);
insert into `p1p_dossier_standard_dictionary` (`dict_id`, `dict_type`, `standard_code`, `standard_name`, `standard_desc`, `enabled`, `sort_no`) values (150, 'operation_status', 'RUNNING', 'In Progress', 'operation_status standard enumeration value: In Progress', 1, 150);
insert into `p1p_dossier_standard_dictionary` (`dict_id`, `dict_type`, `standard_code`, `standard_name`, `standard_desc`, `enabled`, `sort_no`) values (151, 'operation_status', 'HOLD', 'On Hold', 'operation_status standard enumeration value: On Hold', 1, 151);
insert into `p1p_dossier_standard_dictionary` (`dict_id`, `dict_type`, `standard_code`, `standard_name`, `standard_desc`, `enabled`, `sort_no`) values (152, 'operation_status', 'REWORK', 'Under Rework', 'operation_status standard enumeration value: Under Rework', 1, 152);
insert into `p1p_dossier_standard_dictionary` (`dict_id`, `dict_type`, `standard_code`, `standard_name`, `standard_desc`, `enabled`, `sort_no`) values (153, 'step_status', 'NORMAL', 'Normal', 'step_status standard enumeration value: Normal', 1, 153);
insert into `p1p_dossier_standard_dictionary` (`dict_id`, `dict_type`, `standard_code`, `standard_name`, `standard_desc`, `enabled`, `sort_no`) values (154, 'step_status', 'WARNING', 'Warning', 'step_status standard enumeration value: Warning', 1, 154);
insert into `p1p_dossier_standard_dictionary` (`dict_id`, `dict_type`, `standard_code`, `standard_name`, `standard_desc`, `enabled`, `sort_no`) values (155, 'step_status', 'QUALIFIED', 'Qualified', 'step_status standard enumeration value: Qualified', 1, 155);
insert into `p1p_dossier_standard_dictionary` (`dict_id`, `dict_type`, `standard_code`, `standard_name`, `standard_desc`, `enabled`, `sort_no`) values (156, 'step_status', 'CLOSED', 'Closed', 'step_status standard enumeration value: Closed', 1, 156);
insert into `p1p_dossier_standard_dictionary` (`dict_id`, `dict_type`, `standard_code`, `standard_name`, `standard_desc`, `enabled`, `sort_no`) values (157, 'resource_usage_status', 'NORMAL', 'Normal', 'resource_usage_status standard enumeration value: Normal', 1, 157);
insert into `p1p_dossier_standard_dictionary` (`dict_id`, `dict_type`, `standard_code`, `standard_name`, `standard_desc`, `enabled`, `sort_no`) values (158, 'resource_usage_status', 'WARNING', 'Warning', 'resource_usage_status standard enumeration value: Warning', 1, 158);
insert into `p1p_dossier_standard_dictionary` (`dict_id`, `dict_type`, `standard_code`, `standard_name`, `standard_desc`, `enabled`, `sort_no`) values (159, 'resource_usage_status', 'QUALIFIED', 'Qualified', 'resource_usage_status standard enumeration value: Qualified', 1, 159);
insert into `p1p_dossier_standard_dictionary` (`dict_id`, `dict_type`, `standard_code`, `standard_name`, `standard_desc`, `enabled`, `sort_no`) values (160, 'resource_usage_status', 'CLOSED', 'Closed', 'resource_usage_status standard enumeration value: Closed', 1, 160);
insert into `p1p_dossier_standard_dictionary` (`dict_id`, `dict_type`, `standard_code`, `standard_name`, `standard_desc`, `enabled`, `sort_no`) values (161, 'parameter_judge_result', 'OK', 'Qualified', 'parameter_judge_result standard enumeration value: Qualified', 1, 161);
insert into `p1p_dossier_standard_dictionary` (`dict_id`, `dict_type`, `standard_code`, `standard_name`, `standard_desc`, `enabled`, `sort_no`) values (162, 'parameter_judge_result', 'WARN', 'Warning', 'parameter_judge_result standard enumeration value: Warning', 1, 162);
insert into `p1p_dossier_standard_dictionary` (`dict_id`, `dict_type`, `standard_code`, `standard_name`, `standard_desc`, `enabled`, `sort_no`) values (163, 'parameter_judge_result', 'NG', 'Nonconforming', 'parameter_judge_result standard enumeration value: Nonconforming', 1, 163);
insert into `p1p_dossier_standard_dictionary` (`dict_id`, `dict_type`, `standard_code`, `standard_name`, `standard_desc`, `enabled`, `sort_no`) values (164, 'parameter_judge_result', 'RECHECK', 'Reinspection', 'parameter_judge_result standard enumeration value: Reinspection', 1, 164);
insert into `p1p_dossier_standard_dictionary` (`dict_id`, `dict_type`, `standard_code`, `standard_name`, `standard_desc`, `enabled`, `sort_no`) values (165, 'event_source', 'NORMAL', 'Normal', 'event_source standard enumeration value: Normal', 1, 165);
insert into `p1p_dossier_standard_dictionary` (`dict_id`, `dict_type`, `standard_code`, `standard_name`, `standard_desc`, `enabled`, `sort_no`) values (166, 'event_source', 'WARNING', 'Warning', 'event_source standard enumeration value: Warning', 1, 166);
insert into `p1p_dossier_standard_dictionary` (`dict_id`, `dict_type`, `standard_code`, `standard_name`, `standard_desc`, `enabled`, `sort_no`) values (167, 'event_source', 'QUALIFIED', 'Qualified', 'event_source standard enumeration value: Qualified', 1, 167);
insert into `p1p_dossier_standard_dictionary` (`dict_id`, `dict_type`, `standard_code`, `standard_name`, `standard_desc`, `enabled`, `sort_no`) values (168, 'event_source', 'CLOSED', 'Closed', 'event_source standard enumeration value: Closed', 1, 168);
insert into `p1p_dossier_standard_dictionary` (`dict_id`, `dict_type`, `standard_code`, `standard_name`, `standard_desc`, `enabled`, `sort_no`) values (169, 'quality_event_type', 'MANUFACTURING', 'Manufacturing Anomaly', 'quality_event_type standard enumeration value: Manufacturing Anomaly', 1, 169);
insert into `p1p_dossier_standard_dictionary` (`dict_id`, `dict_type`, `standard_code`, `standard_name`, `standard_desc`, `enabled`, `sort_no`) values (170, 'quality_event_type', 'PURCHASE', 'Procurement Anomaly', 'quality_event_type standard enumeration value: Procurement Anomaly', 1, 170);
insert into `p1p_dossier_standard_dictionary` (`dict_id`, `dict_type`, `standard_code`, `standard_name`, `standard_desc`, `enabled`, `sort_no`) values (171, 'quality_event_type', 'ASSEMBLY', 'Assembly Anomaly', 'quality_event_type standard enumeration value: Assembly Anomaly', 1, 171);
insert into `p1p_dossier_standard_dictionary` (`dict_id`, `dict_type`, `standard_code`, `standard_name`, `standard_desc`, `enabled`, `sort_no`) values (172, 'quality_event_type', 'PARAMETER', 'Parameter Anomaly', 'quality_event_type standard enumeration value: Parameter Anomaly', 1, 172);
insert into `p1p_dossier_standard_dictionary` (`dict_id`, `dict_type`, `standard_code`, `standard_name`, `standard_desc`, `enabled`, `sort_no`) values (173, 'quality_event_type', 'MRO', 'In-service Feedback', 'quality_event_type standard enumeration value: In-service Feedback', 1, 173);
insert into `p1p_dossier_standard_dictionary` (`dict_id`, `dict_type`, `standard_code`, `standard_name`, `standard_desc`, `enabled`, `sort_no`) values (174, 'severity_level', 'MINOR', 'Minor', 'severity_level standard enumeration value: Minor', 1, 174);
insert into `p1p_dossier_standard_dictionary` (`dict_id`, `dict_type`, `standard_code`, `standard_name`, `standard_desc`, `enabled`, `sort_no`) values (175, 'severity_level', 'MAJOR', 'Major', 'severity_level standard enumeration value: Major', 1, 175);
insert into `p1p_dossier_standard_dictionary` (`dict_id`, `dict_type`, `standard_code`, `standard_name`, `standard_desc`, `enabled`, `sort_no`) values (176, 'severity_level', 'CRITICAL', 'Critical', 'severity_level standard enumeration value: Critical', 1, 176);
insert into `p1p_dossier_standard_dictionary` (`dict_id`, `dict_type`, `standard_code`, `standard_name`, `standard_desc`, `enabled`, `sort_no`) values (177, 'severity_level', 'WARNING', 'Warning', 'severity_level standard enumeration value: Warning', 1, 177);
insert into `p1p_dossier_standard_dictionary` (`dict_id`, `dict_type`, `standard_code`, `standard_name`, `standard_desc`, `enabled`, `sort_no`) values (178, 'event_status', 'OPEN', 'Created', 'event_status standard enumeration value: Created', 1, 178);
insert into `p1p_dossier_standard_dictionary` (`dict_id`, `dict_type`, `standard_code`, `standard_name`, `standard_desc`, `enabled`, `sort_no`) values (179, 'event_status', 'ANALYZING', 'Under Analysis', 'event_status standard enumeration value: Under Analysis', 1, 179);
insert into `p1p_dossier_standard_dictionary` (`dict_id`, `dict_type`, `standard_code`, `standard_name`, `standard_desc`, `enabled`, `sort_no`) values (180, 'event_status', 'DISPOSING', 'Under Disposition', 'event_status standard enumeration value: Under Disposition', 1, 180);
insert into `p1p_dossier_standard_dictionary` (`dict_id`, `dict_type`, `standard_code`, `standard_name`, `standard_desc`, `enabled`, `sort_no`) values (181, 'event_status', 'CLOSED', 'Closed', 'event_status standard enumeration value: Closed', 1, 181);
insert into `p1p_dossier_standard_dictionary` (`dict_id`, `dict_type`, `standard_code`, `standard_name`, `standard_desc`, `enabled`, `sort_no`) values (182, 'quality_subject_type', 'NORMAL', 'Normal', 'quality_subject_type standard enumeration value: Normal', 1, 182);
insert into `p1p_dossier_standard_dictionary` (`dict_id`, `dict_type`, `standard_code`, `standard_name`, `standard_desc`, `enabled`, `sort_no`) values (183, 'quality_subject_type', 'WARNING', 'Warning', 'quality_subject_type standard enumeration value: Warning', 1, 183);
insert into `p1p_dossier_standard_dictionary` (`dict_id`, `dict_type`, `standard_code`, `standard_name`, `standard_desc`, `enabled`, `sort_no`) values (184, 'quality_subject_type', 'QUALIFIED', 'Qualified', 'quality_subject_type standard enumeration value: Qualified', 1, 184);
insert into `p1p_dossier_standard_dictionary` (`dict_id`, `dict_type`, `standard_code`, `standard_name`, `standard_desc`, `enabled`, `sort_no`) values (185, 'quality_subject_type', 'CLOSED', 'Closed', 'quality_subject_type standard enumeration value: Closed', 1, 185);
insert into `p1p_dossier_standard_dictionary` (`dict_id`, `dict_type`, `standard_code`, `standard_name`, `standard_desc`, `enabled`, `sort_no`) values (186, 'subject_role', 'NORMAL', 'Normal', 'subject_role standard enumeration value: Normal', 1, 186);
insert into `p1p_dossier_standard_dictionary` (`dict_id`, `dict_type`, `standard_code`, `standard_name`, `standard_desc`, `enabled`, `sort_no`) values (187, 'subject_role', 'WARNING', 'Warning', 'subject_role standard enumeration value: Warning', 1, 187);
insert into `p1p_dossier_standard_dictionary` (`dict_id`, `dict_type`, `standard_code`, `standard_name`, `standard_desc`, `enabled`, `sort_no`) values (188, 'subject_role', 'QUALIFIED', 'Qualified', 'subject_role standard enumeration value: Qualified', 1, 188);
insert into `p1p_dossier_standard_dictionary` (`dict_id`, `dict_type`, `standard_code`, `standard_name`, `standard_desc`, `enabled`, `sort_no`) values (189, 'subject_role', 'CLOSED', 'Closed', 'subject_role standard enumeration value: Closed', 1, 189);
insert into `p1p_dossier_standard_dictionary` (`dict_id`, `dict_type`, `standard_code`, `standard_name`, `standard_desc`, `enabled`, `sort_no`) values (190, 'find_type', 'NORMAL', 'Normal', 'find_type standard enumeration value: Normal', 1, 190);
insert into `p1p_dossier_standard_dictionary` (`dict_id`, `dict_type`, `standard_code`, `standard_name`, `standard_desc`, `enabled`, `sort_no`) values (191, 'find_type', 'WARNING', 'Warning', 'find_type standard enumeration value: Warning', 1, 191);
insert into `p1p_dossier_standard_dictionary` (`dict_id`, `dict_type`, `standard_code`, `standard_name`, `standard_desc`, `enabled`, `sort_no`) values (192, 'find_type', 'QUALIFIED', 'Qualified', 'find_type standard enumeration value: Qualified', 1, 192);
insert into `p1p_dossier_standard_dictionary` (`dict_id`, `dict_type`, `standard_code`, `standard_name`, `standard_desc`, `enabled`, `sort_no`) values (193, 'find_type', 'CLOSED', 'Closed', 'find_type standard enumeration value: Closed', 1, 193);
insert into `p1p_dossier_standard_dictionary` (`dict_id`, `dict_type`, `standard_code`, `standard_name`, `standard_desc`, `enabled`, `sort_no`) values (194, 'inspection_result', 'PASS', 'Qualified', 'inspection_result standard enumeration value: Qualified', 1, 194);
insert into `p1p_dossier_standard_dictionary` (`dict_id`, `dict_type`, `standard_code`, `standard_name`, `standard_desc`, `enabled`, `sort_no`) values (195, 'inspection_result', 'FAIL', 'Nonconforming', 'inspection_result standard enumeration value: Nonconforming', 1, 195);
insert into `p1p_dossier_standard_dictionary` (`dict_id`, `dict_type`, `standard_code`, `standard_name`, `standard_desc`, `enabled`, `sort_no`) values (196, 'inspection_result', 'RECHECK', 'Reinspection', 'inspection_result standard enumeration value: Reinspection', 1, 196);
insert into `p1p_dossier_standard_dictionary` (`dict_id`, `dict_type`, `standard_code`, `standard_name`, `standard_desc`, `enabled`, `sort_no`) values (197, 'inspection_result', 'WAIT', 'Pending Judgment', 'inspection_result standard enumeration value: Pending Judgment', 1, 197);
insert into `p1p_dossier_standard_dictionary` (`dict_id`, `dict_type`, `standard_code`, `standard_name`, `standard_desc`, `enabled`, `sort_no`) values (198, 'measurement_unit', 'MPA', 'Megapascal', 'measurement_unit standard enumeration value: Megapascal', 1, 198);
insert into `p1p_dossier_standard_dictionary` (`dict_id`, `dict_type`, `standard_code`, `standard_name`, `standard_desc`, `enabled`, `sort_no`) values (199, 'measurement_unit', 'MM', 'Millimeter', 'measurement_unit standard enumeration value: Millimeter', 1, 199);
insert into `p1p_dossier_standard_dictionary` (`dict_id`, `dict_type`, `standard_code`, `standard_name`, `standard_desc`, `enabled`, `sort_no`) values (200, 'measurement_unit', 'ML_MIN', 'Milliliter per Minute', 'measurement_unit standard enumeration value: Milliliter per Minute', 1, 200);
insert into `p1p_dossier_standard_dictionary` (`dict_id`, `dict_type`, `standard_code`, `standard_name`, `standard_desc`, `enabled`, `sort_no`) values (201, 'measurement_unit', 'SEC', 'Second', 'measurement_unit standard enumeration value: Second', 1, 201);
insert into `p1p_dossier_standard_dictionary` (`dict_id`, `dict_type`, `standard_code`, `standard_name`, `standard_desc`, `enabled`, `sort_no`) values (202, 'doc_source', 'NORMAL', 'Normal', 'doc_source standard enumeration value: Normal', 1, 202);
insert into `p1p_dossier_standard_dictionary` (`dict_id`, `dict_type`, `standard_code`, `standard_name`, `standard_desc`, `enabled`, `sort_no`) values (203, 'doc_source', 'WARNING', 'Warning', 'doc_source standard enumeration value: Warning', 1, 203);
insert into `p1p_dossier_standard_dictionary` (`dict_id`, `dict_type`, `standard_code`, `standard_name`, `standard_desc`, `enabled`, `sort_no`) values (204, 'doc_source', 'QUALIFIED', 'Qualified', 'doc_source standard enumeration value: Qualified', 1, 204);
insert into `p1p_dossier_standard_dictionary` (`dict_id`, `dict_type`, `standard_code`, `standard_name`, `standard_desc`, `enabled`, `sort_no`) values (205, 'doc_source', 'CLOSED', 'Closed', 'doc_source standard enumeration value: Closed', 1, 205);
insert into `p1p_dossier_standard_dictionary` (`dict_id`, `dict_type`, `standard_code`, `standard_name`, `standard_desc`, `enabled`, `sort_no`) values (206, 'failure_type', 'PROCESS_NC', 'Process Nonconformance', 'failure_type standard enumeration value: Process Nonconformance', 1, 206);
insert into `p1p_dossier_standard_dictionary` (`dict_id`, `dict_type`, `standard_code`, `standard_name`, `standard_desc`, `enabled`, `sort_no`) values (207, 'failure_type', 'INCOMING_NC', 'Incoming Material Nonconformance', 'failure_type standard enumeration value: Incoming Material Nonconformance', 1, 207);
insert into `p1p_dossier_standard_dictionary` (`dict_id`, `dict_type`, `standard_code`, `standard_name`, `standard_desc`, `enabled`, `sort_no`) values (208, 'failure_type', 'ASSEMBLY_NC', 'Assembly Nonconformance', 'failure_type standard enumeration value: Assembly Nonconformance', 1, 208);
insert into `p1p_dossier_standard_dictionary` (`dict_id`, `dict_type`, `standard_code`, `standard_name`, `standard_desc`, `enabled`, `sort_no`) values (209, 'failure_type', 'SERVICE_FAILURE', 'In-service Failure', 'failure_type standard enumeration value: In-service Failure', 1, 209);
insert into `p1p_dossier_standard_dictionary` (`dict_id`, `dict_type`, `standard_code`, `standard_name`, `standard_desc`, `enabled`, `sort_no`) values (210, 'document_status', 'NORMAL', 'Normal', 'document_status standard enumeration value: Normal', 1, 210);
insert into `p1p_dossier_standard_dictionary` (`dict_id`, `dict_type`, `standard_code`, `standard_name`, `standard_desc`, `enabled`, `sort_no`) values (211, 'document_status', 'WARNING', 'Warning', 'document_status standard enumeration value: Warning', 1, 211);
insert into `p1p_dossier_standard_dictionary` (`dict_id`, `dict_type`, `standard_code`, `standard_name`, `standard_desc`, `enabled`, `sort_no`) values (212, 'document_status', 'QUALIFIED', 'Qualified', 'document_status standard enumeration value: Qualified', 1, 212);
insert into `p1p_dossier_standard_dictionary` (`dict_id`, `dict_type`, `standard_code`, `standard_name`, `standard_desc`, `enabled`, `sort_no`) values (213, 'document_status', 'CLOSED', 'Closed', 'document_status standard enumeration value: Closed', 1, 213);
insert into `p1p_dossier_standard_dictionary` (`dict_id`, `dict_type`, `standard_code`, `standard_name`, `standard_desc`, `enabled`, `sort_no`) values (214, 'finder_type', 'NORMAL', 'Normal', 'finder_type standard enumeration value: Normal', 1, 214);
insert into `p1p_dossier_standard_dictionary` (`dict_id`, `dict_type`, `standard_code`, `standard_name`, `standard_desc`, `enabled`, `sort_no`) values (215, 'finder_type', 'WARNING', 'Warning', 'finder_type standard enumeration value: Warning', 1, 215);
insert into `p1p_dossier_standard_dictionary` (`dict_id`, `dict_type`, `standard_code`, `standard_name`, `standard_desc`, `enabled`, `sort_no`) values (216, 'finder_type', 'QUALIFIED', 'Qualified', 'finder_type standard enumeration value: Qualified', 1, 216);
insert into `p1p_dossier_standard_dictionary` (`dict_id`, `dict_type`, `standard_code`, `standard_name`, `standard_desc`, `enabled`, `sort_no`) values (217, 'finder_type', 'CLOSED', 'Closed', 'finder_type standard enumeration value: Closed', 1, 217);
insert into `p1p_dossier_standard_dictionary` (`dict_id`, `dict_type`, `standard_code`, `standard_name`, `standard_desc`, `enabled`, `sort_no`) values (218, 'disposition_type', 'REWORK', 'Rework', 'disposition_type standard enumeration value: Rework', 1, 218);
insert into `p1p_dossier_standard_dictionary` (`dict_id`, `dict_type`, `standard_code`, `standard_name`, `standard_desc`, `enabled`, `sort_no`) values (219, 'disposition_type', 'REPAIR', 'Repair', 'disposition_type standard enumeration value: Repair', 1, 219);
insert into `p1p_dossier_standard_dictionary` (`dict_id`, `dict_type`, `standard_code`, `standard_name`, `standard_desc`, `enabled`, `sort_no`) values (220, 'disposition_type', 'SCRAP', 'Scrap', 'disposition_type standard enumeration value: Scrap', 1, 220);
insert into `p1p_dossier_standard_dictionary` (`dict_id`, `dict_type`, `standard_code`, `standard_name`, `standard_desc`, `enabled`, `sort_no`) values (221, 'disposition_type', 'CONCESSION', 'Concession Acceptance', 'disposition_type standard enumeration value: Concession Acceptance', 1, 221);
insert into `p1p_dossier_standard_dictionary` (`dict_id`, `dict_type`, `standard_code`, `standard_name`, `standard_desc`, `enabled`, `sort_no`) values (222, 'disposition_status', 'NORMAL', 'Normal', 'disposition_status standard enumeration value: Normal', 1, 222);
insert into `p1p_dossier_standard_dictionary` (`dict_id`, `dict_type`, `standard_code`, `standard_name`, `standard_desc`, `enabled`, `sort_no`) values (223, 'disposition_status', 'WARNING', 'Warning', 'disposition_status standard enumeration value: Warning', 1, 223);
insert into `p1p_dossier_standard_dictionary` (`dict_id`, `dict_type`, `standard_code`, `standard_name`, `standard_desc`, `enabled`, `sort_no`) values (224, 'disposition_status', 'QUALIFIED', 'Qualified', 'disposition_status standard enumeration value: Qualified', 1, 224);
insert into `p1p_dossier_standard_dictionary` (`dict_id`, `dict_type`, `standard_code`, `standard_name`, `standard_desc`, `enabled`, `sort_no`) values (225, 'disposition_status', 'CLOSED', 'Closed', 'disposition_status standard enumeration value: Closed', 1, 225);
insert into `p1p_dossier_standard_dictionary` (`dict_id`, `dict_type`, `standard_code`, `standard_name`, `standard_desc`, `enabled`, `sort_no`) values (226, 'maintenance_event_type', 'FIELD_REPAIR', 'Field Repair', 'maintenance_event_type standard enumeration value: Field Repair', 1, 226);
insert into `p1p_dossier_standard_dictionary` (`dict_id`, `dict_type`, `standard_code`, `standard_name`, `standard_desc`, `enabled`, `sort_no`) values (227, 'maintenance_event_type', 'SHOP_REPAIR', 'Shop Repair', 'maintenance_event_type standard enumeration value: Shop Repair', 1, 227);
insert into `p1p_dossier_standard_dictionary` (`dict_id`, `dict_type`, `standard_code`, `standard_name`, `standard_desc`, `enabled`, `sort_no`) values (228, 'maintenance_event_type', 'INSPECTION', 'In-service Inspection', 'maintenance_event_type standard enumeration value: In-service Inspection', 1, 228);
insert into `p1p_dossier_standard_dictionary` (`dict_id`, `dict_type`, `standard_code`, `standard_name`, `standard_desc`, `enabled`, `sort_no`) values (229, 'maintenance_event_type', 'RETROFIT', 'Retrofit', 'maintenance_event_type standard enumeration value: Retrofit', 1, 229);
insert into `p1p_dossier_standard_dictionary` (`dict_id`, `dict_type`, `standard_code`, `standard_name`, `standard_desc`, `enabled`, `sort_no`) values (230, 'maintenance_event_status', 'NORMAL', 'Normal', 'maintenance_event_status standard enumeration value: Normal', 1, 230);
insert into `p1p_dossier_standard_dictionary` (`dict_id`, `dict_type`, `standard_code`, `standard_name`, `standard_desc`, `enabled`, `sort_no`) values (231, 'maintenance_event_status', 'WARNING', 'Warning', 'maintenance_event_status standard enumeration value: Warning', 1, 231);
insert into `p1p_dossier_standard_dictionary` (`dict_id`, `dict_type`, `standard_code`, `standard_name`, `standard_desc`, `enabled`, `sort_no`) values (232, 'maintenance_event_status', 'QUALIFIED', 'Qualified', 'maintenance_event_status standard enumeration value: Qualified', 1, 232);
insert into `p1p_dossier_standard_dictionary` (`dict_id`, `dict_type`, `standard_code`, `standard_name`, `standard_desc`, `enabled`, `sort_no`) values (233, 'maintenance_event_status', 'CLOSED', 'Closed', 'maintenance_event_status standard enumeration value: Closed', 1, 233);
insert into `p1p_dossier_standard_dictionary` (`dict_id`, `dict_type`, `standard_code`, `standard_name`, `standard_desc`, `enabled`, `sort_no`) values (234, 'maintenance_order_status', 'NORMAL', 'Normal', 'maintenance_order_status standard enumeration value: Normal', 1, 234);
insert into `p1p_dossier_standard_dictionary` (`dict_id`, `dict_type`, `standard_code`, `standard_name`, `standard_desc`, `enabled`, `sort_no`) values (235, 'maintenance_order_status', 'WARNING', 'Warning', 'maintenance_order_status standard enumeration value: Warning', 1, 235);
insert into `p1p_dossier_standard_dictionary` (`dict_id`, `dict_type`, `standard_code`, `standard_name`, `standard_desc`, `enabled`, `sort_no`) values (236, 'maintenance_order_status', 'QUALIFIED', 'Qualified', 'maintenance_order_status standard enumeration value: Qualified', 1, 236);
insert into `p1p_dossier_standard_dictionary` (`dict_id`, `dict_type`, `standard_code`, `standard_name`, `standard_desc`, `enabled`, `sort_no`) values (237, 'maintenance_order_status', 'CLOSED', 'Closed', 'maintenance_order_status standard enumeration value: Closed', 1, 237);
insert into `p1p_dossier_standard_dictionary` (`dict_id`, `dict_type`, `standard_code`, `standard_name`, `standard_desc`, `enabled`, `sort_no`) values (238, 'replacement_status', 'NORMAL', 'Normal', 'replacement_status standard enumeration value: Normal', 1, 238);
insert into `p1p_dossier_standard_dictionary` (`dict_id`, `dict_type`, `standard_code`, `standard_name`, `standard_desc`, `enabled`, `sort_no`) values (239, 'replacement_status', 'WARNING', 'Warning', 'replacement_status standard enumeration value: Warning', 1, 239);
insert into `p1p_dossier_standard_dictionary` (`dict_id`, `dict_type`, `standard_code`, `standard_name`, `standard_desc`, `enabled`, `sort_no`) values (240, 'replacement_status', 'QUALIFIED', 'Qualified', 'replacement_status standard enumeration value: Qualified', 1, 240);
insert into `p1p_dossier_standard_dictionary` (`dict_id`, `dict_type`, `standard_code`, `standard_name`, `standard_desc`, `enabled`, `sort_no`) values (241, 'replacement_status', 'CLOSED', 'Closed', 'replacement_status standard enumeration value: Closed', 1, 241);
insert into `p1p_dossier_standard_dictionary` (`dict_id`, `dict_type`, `standard_code`, `standard_name`, `standard_desc`, `enabled`, `sort_no`) values (242, 'feedback_source', 'NORMAL', 'Normal', 'feedback_source standard enumeration value: Normal', 1, 242);
insert into `p1p_dossier_standard_dictionary` (`dict_id`, `dict_type`, `standard_code`, `standard_name`, `standard_desc`, `enabled`, `sort_no`) values (243, 'feedback_source', 'WARNING', 'Warning', 'feedback_source standard enumeration value: Warning', 1, 243);
insert into `p1p_dossier_standard_dictionary` (`dict_id`, `dict_type`, `standard_code`, `standard_name`, `standard_desc`, `enabled`, `sort_no`) values (244, 'feedback_source', 'QUALIFIED', 'Qualified', 'feedback_source standard enumeration value: Qualified', 1, 244);
insert into `p1p_dossier_standard_dictionary` (`dict_id`, `dict_type`, `standard_code`, `standard_name`, `standard_desc`, `enabled`, `sort_no`) values (245, 'feedback_source', 'CLOSED', 'Closed', 'feedback_source standard enumeration value: Closed', 1, 245);
insert into `p1p_dossier_standard_dictionary` (`dict_id`, `dict_type`, `standard_code`, `standard_name`, `standard_desc`, `enabled`, `sort_no`) values (246, 'feedback_status', 'NORMAL', 'Normal', 'feedback_status standard enumeration value: Normal', 1, 246);
insert into `p1p_dossier_standard_dictionary` (`dict_id`, `dict_type`, `standard_code`, `standard_name`, `standard_desc`, `enabled`, `sort_no`) values (247, 'feedback_status', 'WARNING', 'Warning', 'feedback_status standard enumeration value: Warning', 1, 247);
insert into `p1p_dossier_standard_dictionary` (`dict_id`, `dict_type`, `standard_code`, `standard_name`, `standard_desc`, `enabled`, `sort_no`) values (248, 'feedback_status', 'QUALIFIED', 'Qualified', 'feedback_status standard enumeration value: Qualified', 1, 248);
insert into `p1p_dossier_standard_dictionary` (`dict_id`, `dict_type`, `standard_code`, `standard_name`, `standard_desc`, `enabled`, `sort_no`) values (249, 'feedback_status', 'CLOSED', 'Closed', 'feedback_status standard enumeration value: Closed', 1, 249);
insert into `p1p_dossier_standard_dictionary` (`dict_id`, `dict_type`, `standard_code`, `standard_name`, `standard_desc`, `enabled`, `sort_no`) values (250, 'quality_event_status', 'NORMAL', 'Normal', 'quality_event_status standard enumeration value: Normal', 1, 250);
insert into `p1p_dossier_standard_dictionary` (`dict_id`, `dict_type`, `standard_code`, `standard_name`, `standard_desc`, `enabled`, `sort_no`) values (251, 'quality_event_status', 'WARNING', 'Warning', 'quality_event_status standard enumeration value: Warning', 1, 251);
insert into `p1p_dossier_standard_dictionary` (`dict_id`, `dict_type`, `standard_code`, `standard_name`, `standard_desc`, `enabled`, `sort_no`) values (252, 'quality_event_status', 'QUALIFIED', 'Qualified', 'quality_event_status standard enumeration value: Qualified', 1, 252);
insert into `p1p_dossier_standard_dictionary` (`dict_id`, `dict_type`, `standard_code`, `standard_name`, `standard_desc`, `enabled`, `sort_no`) values (253, 'quality_event_status', 'CLOSED', 'Closed', 'quality_event_status standard enumeration value: Closed', 1, 253);
insert into `p1p_dossier_material` (`material_id`, `material_code`, `material_name`, `material_type`, `trademark`, `material_spec`, `unit`, `purchased_flag`, `created_at`, `updated_at`) values (1, 'MAT-LG-0001', 'Piston Rod Assembly', 'NORMAL', 'ERP_A', 'Piston Rod Assembly aviation manufacturing business record used for actuator quality traceability.', 'EA', 1, '2026-05-09 08:07:00', '2026-05-09 08:07:00');
insert into `p1p_dossier_material` (`material_id`, `material_code`, `material_name`, `material_type`, `trademark`, `material_spec`, `unit`, `purchased_flag`, `created_at`, `updated_at`) values (2, 'MAT-LG-0002', 'Cylinder Barrel Assembly', 'WARNING', 'ERP_B', 'Cylinder Barrel Assembly aviation manufacturing business record used for actuator quality traceability.', 'SET', 1, '2026-05-10 08:14:00', '2026-05-10 08:14:00');
insert into `p1p_dossier_material` (`material_id`, `material_code`, `material_name`, `material_type`, `trademark`, `material_spec`, `unit`, `purchased_flag`, `created_at`, `updated_at`) values (3, 'MAT-LG-0003', 'Front End Cap', 'QUALIFIED', 'ERP_C', 'Front End Cap aviation manufacturing business record used for actuator quality traceability.', 'KG', 0, '2026-05-11 08:21:00', '2026-05-11 08:21:00');
insert into `p1p_dossier_material` (`material_id`, `material_code`, `material_name`, `material_type`, `trademark`, `material_spec`, `unit`, `purchased_flag`, `created_at`, `updated_at`) values (4, 'MAT-LG-0004', 'Rear End Cap', 'CLOSED', 'ERP_D', 'Rear End Cap aviation manufacturing business record used for actuator quality traceability.', 'M', 1, '2026-05-12 08:28:00', '2026-05-12 08:28:00');
insert into `p1p_dossier_material` (`material_id`, `material_code`, `material_name`, `material_type`, `trademark`, `material_spec`, `unit`, `purchased_flag`, `created_at`, `updated_at`) values (5, 'MAT-LG-0005', 'Seal Ring Assembly', 'NORMAL', 'ERP_A', 'Seal Ring Assembly aviation manufacturing business record used for actuator quality traceability.', 'EA', 1, '2026-05-13 08:35:00', '2026-05-13 08:35:00');
insert into `p1p_dossier_material` (`material_id`, `material_code`, `material_name`, `material_type`, `trademark`, `material_spec`, `unit`, `purchased_flag`, `created_at`, `updated_at`) values (6, 'MAT-LG-0006', 'Trunnion Bushing', 'WARNING', 'ERP_B', 'Trunnion Bushing aviation manufacturing business record used for actuator quality traceability.', 'SET', 0, '2026-05-14 08:42:00', '2026-05-14 08:42:00');
insert into `p1p_dossier_material` (`material_id`, `material_code`, `material_name`, `material_type`, `trademark`, `material_spec`, `unit`, `purchased_flag`, `created_at`, `updated_at`) values (7, 'MAT-LG-0007', 'Spherical Bearing', 'QUALIFIED', 'ERP_C', 'Spherical Bearing aviation manufacturing business record used for actuator quality traceability.', 'KG', 1, '2026-05-15 08:49:00', '2026-05-15 08:49:00');
insert into `p1p_dossier_material` (`material_id`, `material_code`, `material_name`, `material_type`, `trademark`, `material_spec`, `unit`, `purchased_flag`, `created_at`, `updated_at`) values (8, 'MAT-LG-0008', 'Throttle Connector', 'CLOSED', 'ERP_D', 'Throttle Connector aviation manufacturing business record used for actuator quality traceability.', 'M', 1, '2026-05-16 08:56:00', '2026-05-16 08:56:00');
insert into `p1p_dossier_material` (`material_id`, `material_code`, `material_name`, `material_type`, `trademark`, `material_spec`, `unit`, `purchased_flag`, `created_at`, `updated_at`) values (9, 'MAT-LG-0009', 'Displacement Sensor Bracket', 'NORMAL', 'ERP_A', 'Displacement Sensor Bracket aviation manufacturing business record used for actuator quality traceability.', 'EA', 0, '2026-05-17 09:03:00', '2026-05-17 09:03:00');
insert into `p1p_dossier_material` (`material_id`, `material_code`, `material_name`, `material_type`, `trademark`, `material_spec`, `unit`, `purchased_flag`, `created_at`, `updated_at`) values (10, 'MAT-LG-0010', 'Locking Nut', 'WARNING', 'ERP_B', 'Locking Nut aviation manufacturing business record used for actuator quality traceability.', 'SET', 1, '2026-05-18 09:10:00', '2026-05-18 09:10:00');
insert into `p1p_dossier_supplier` (`supplier_id`, `supplier_code`, `supplier_name`, `supplier_type`, `qualification_level`, `contact_person`, `phone`, `address`, `enabled`) values (1, 'SUP-CF-0001', 'Chengdu Aviation Hydraulic Seals Co Ltd', 'NORMAL', 'NORMAL', 'Zhang Jiancheng', '13800000001', 'The procurement batch for Piston Rod Assembly has completed receiving inspection and is used for actuator assembly.', 1);
insert into `p1p_dossier_supplier` (`supplier_id`, `supplier_code`, `supplier_name`, `supplier_type`, `qualification_level`, `contact_person`, `phone`, `address`, `enabled`) values (2, 'SUP-CF-0002', 'Sichuan Precision Bearing Manufacturing Plant', 'WARNING', 'WARNING', 'Li Hang', '13800000002', 'The procurement batch for Cylinder Barrel Assembly has completed receiving inspection and is used for actuator assembly.', 1);
insert into `p1p_dossier_supplier` (`supplier_id`, `supplier_code`, `supplier_name`, `supplier_type`, `qualification_level`, `contact_person`, `phone`, `address`, `enabled`) values (3, 'SUP-CF-0003', 'Southwest Aviation Hydraulic Accessories Plant', 'QUALIFIED', 'QUALIFIED', 'Wang Lijun', '13800000003', 'The procurement batch for Front End Cap has completed receiving inspection and is used for actuator assembly.', 0);
insert into `p1p_dossier_supplier` (`supplier_id`, `supplier_code`, `supplier_name`, `supplier_type`, `qualification_level`, `contact_person`, `phone`, `address`, `enabled`) values (4, 'SUP-CF-0004', 'Chengdu High-Tech Surface Treatment Center', 'CLOSED', 'CLOSED', 'Zhao Min', '13800000004', 'The procurement batch for Rear End Cap has completed receiving inspection and is used for actuator assembly.', 1);
insert into `p1p_dossier_supplier` (`supplier_id`, `supplier_code`, `supplier_name`, `supplier_type`, `qualification_level`, `contact_person`, `phone`, `address`, `enabled`) values (5, 'SUP-CF-0005', 'Deyang Aviation Forging Co Ltd', 'NORMAL', 'NORMAL', 'Chen Gong', '13800000005', 'The procurement batch for Seal Ring Assembly has completed receiving inspection and is used for actuator assembly.', 1);
insert into `p1p_dossier_supplier` (`supplier_id`, `supplier_code`, `supplier_name`, `supplier_type`, `qualification_level`, `contact_person`, `phone`, `address`, `enabled`) values (6, 'SUP-CF-0006', 'Mianyang Precision Sensor Co Ltd', 'WARNING', 'WARNING', 'Liu Xiaofeng', '13800000006', 'The procurement batch for Trunnion Bushing has completed receiving inspection and is used for actuator assembly.', 0);
insert into `p1p_dossier_supplier` (`supplier_id`, `supplier_code`, `supplier_name`, `supplier_type`, `qualification_level`, `contact_person`, `phone`, `address`, `enabled`) values (7, 'SUP-CF-0007', 'Chengdu Aviation Materials Supply Chain Co Ltd', 'QUALIFIED', 'QUALIFIED', 'Zhou Qian', '13800000007', 'The procurement batch for Spherical Bearing has completed receiving inspection and is used for actuator assembly.', 1);
insert into `p1p_dossier_supplier` (`supplier_id`, `supplier_code`, `supplier_name`, `supplier_type`, `qualification_level`, `contact_person`, `phone`, `address`, `enabled`) values (8, 'SUP-CF-0008', 'Zigong Aviation Rubber Products Plant', 'CLOSED', 'CLOSED', 'Huang Zhiqiang', '13800000008', 'The procurement batch for Throttle Connector has completed receiving inspection and is used for actuator assembly.', 1);
insert into `p1p_dossier_supplier` (`supplier_id`, `supplier_code`, `supplier_name`, `supplier_type`, `qualification_level`, `contact_person`, `phone`, `address`, `enabled`) values (9, 'SUP-CF-0009', 'Chengdu Aviation Hydraulic Seals Co Ltd', 'NORMAL', 'NORMAL', 'Sun Wei', '13800000009', 'The procurement batch for Displacement Sensor Bracket has completed receiving inspection and is used for actuator assembly.', 0);
insert into `p1p_dossier_supplier` (`supplier_id`, `supplier_code`, `supplier_name`, `supplier_type`, `qualification_level`, `contact_person`, `phone`, `address`, `enabled`) values (10, 'SUP-CF-0010', 'Sichuan Precision Bearing Manufacturing Plant', 'WARNING', 'WARNING', 'Ma Rui', '13800000010', 'The procurement batch for Locking Nut has completed receiving inspection and is used for actuator assembly.', 1);
insert into `p1p_dossier_workstation` (`workstation_id`, `station_no`, `station_name`, `workshop`, `person_count`, `equipment_count`, `station_status`) values (1, 'ST-CF-0001', 'Machining Station 1', 'Machining Section 1', 2, 2, 'NORMAL');
insert into `p1p_dossier_workstation` (`workstation_id`, `station_no`, `station_name`, `workshop`, `person_count`, `equipment_count`, `station_status`) values (2, 'ST-CF-0002', 'Precision Grinding Station', 'Precision Grinding Section', 3, 3, 'WARNING');
insert into `p1p_dossier_workstation` (`workstation_id`, `station_no`, `station_name`, `workshop`, `person_count`, `equipment_count`, `station_status`) values (3, 'ST-CF-0003', 'Honing Station', 'Hydraulic Assembly Section', 4, 4, 'QUALIFIED');
insert into `p1p_dossier_workstation` (`workstation_id`, `station_no`, `station_name`, `workshop`, `person_count`, `equipment_count`, `station_status`) values (4, 'ST-CF-0004', 'Surface Treatment Station', 'Pressure Test Section', 5, 5, 'CLOSED');
insert into `p1p_dossier_workstation` (`workstation_id`, `station_no`, `station_name`, `workshop`, `person_count`, `equipment_count`, `station_status`) values (5, 'ST-CF-0005', 'Hydraulic Assembly Station', 'Final Inspection Section', 6, 6, 'NORMAL');
insert into `p1p_dossier_workstation` (`workstation_id`, `station_no`, `station_name`, `workshop`, `person_count`, `equipment_count`, `station_status`) values (6, 'ST-CF-0006', 'Pressure Test Station', 'Repair Processing Section', 7, 7, 'WARNING');
insert into `p1p_dossier_workstation` (`workstation_id`, `station_no`, `station_name`, `workshop`, `person_count`, `equipment_count`, `station_status`) values (7, 'ST-CF-0007', 'Final Inspection Station', 'Machining Section 1', 8, 8, 'QUALIFIED');
insert into `p1p_dossier_workstation` (`workstation_id`, `station_no`, `station_name`, `workshop`, `person_count`, `equipment_count`, `station_status`) values (8, 'ST-CF-0008', 'Repair Processing Station', 'Precision Grinding Section', 9, 9, 'CLOSED');
insert into `p1p_dossier_workstation` (`workstation_id`, `station_no`, `station_name`, `workshop`, `person_count`, `equipment_count`, `station_status`) values (9, 'ST-CF-0009', 'Machining Station 1', 'Hydraulic Assembly Section', 1, 1, 'NORMAL');
insert into `p1p_dossier_workstation` (`workstation_id`, `station_no`, `station_name`, `workshop`, `person_count`, `equipment_count`, `station_status`) values (10, 'ST-CF-0010', 'Precision Grinding Station', 'Pressure Test Section', 2, 2, 'WARNING');
insert into `p1p_dossier_personnel` (`personnel_id`, `person_no`, `person_name`, `workshop`, `phone`, `skill_level`, `work_type`, `dept_code`, `dept_name`) values (1, 'PERS-0001', 'Zhang Jiancheng', 'Machining Section 1', '13800000001', 'NORMAL', 'NORMAL', 'Piston Rod Assembly aviation manufacturing business record used for actuator quality traceability.', 'Piston Rod Assembly 001');
insert into `p1p_dossier_personnel` (`personnel_id`, `person_no`, `person_name`, `workshop`, `phone`, `skill_level`, `work_type`, `dept_code`, `dept_name`) values (2, 'PERS-0002', 'Li Hang', 'Precision Grinding Section', '13800000002', 'WARNING', 'WARNING', 'Cylinder Barrel Assembly aviation manufacturing business record used for actuator quality traceabili', 'Cylinder Barrel Assembly 002');
insert into `p1p_dossier_personnel` (`personnel_id`, `person_no`, `person_name`, `workshop`, `phone`, `skill_level`, `work_type`, `dept_code`, `dept_name`) values (3, 'PERS-0003', 'Wang Lijun', 'Hydraulic Assembly Section', '13800000003', 'QUALIFIED', 'QUALIFIED', 'Front End Cap aviation manufacturing business record used for actuator quality traceability.', 'Front End Cap 003');
insert into `p1p_dossier_personnel` (`personnel_id`, `person_no`, `person_name`, `workshop`, `phone`, `skill_level`, `work_type`, `dept_code`, `dept_name`) values (4, 'PERS-0004', 'Zhao Min', 'Pressure Test Section', '13800000004', 'CLOSED', 'CLOSED', 'Rear End Cap aviation manufacturing business record used for actuator quality traceability.', 'Rear End Cap 004');
insert into `p1p_dossier_personnel` (`personnel_id`, `person_no`, `person_name`, `workshop`, `phone`, `skill_level`, `work_type`, `dept_code`, `dept_name`) values (5, 'PERS-0005', 'Chen Gong', 'Final Inspection Section', '13800000005', 'NORMAL', 'NORMAL', 'Seal Ring Assembly aviation manufacturing business record used for actuator quality traceability.', 'Seal Ring Assembly 005');
insert into `p1p_dossier_personnel` (`personnel_id`, `person_no`, `person_name`, `workshop`, `phone`, `skill_level`, `work_type`, `dept_code`, `dept_name`) values (6, 'PERS-0006', 'Liu Xiaofeng', 'Repair Processing Section', '13800000006', 'WARNING', 'WARNING', 'Trunnion Bushing aviation manufacturing business record used for actuator quality traceability.', 'Trunnion Bushing 006');
insert into `p1p_dossier_personnel` (`personnel_id`, `person_no`, `person_name`, `workshop`, `phone`, `skill_level`, `work_type`, `dept_code`, `dept_name`) values (7, 'PERS-0007', 'Zhou Qian', 'Machining Section 1', '13800000007', 'QUALIFIED', 'QUALIFIED', 'Spherical Bearing aviation manufacturing business record used for actuator quality traceability.', 'Spherical Bearing 007');
insert into `p1p_dossier_personnel` (`personnel_id`, `person_no`, `person_name`, `workshop`, `phone`, `skill_level`, `work_type`, `dept_code`, `dept_name`) values (8, 'PERS-0008', 'Huang Zhiqiang', 'Precision Grinding Section', '13800000008', 'CLOSED', 'CLOSED', 'Throttle Connector aviation manufacturing business record used for actuator quality traceability.', 'Throttle Connector 008');
insert into `p1p_dossier_personnel` (`personnel_id`, `person_no`, `person_name`, `workshop`, `phone`, `skill_level`, `work_type`, `dept_code`, `dept_name`) values (9, 'PERS-0009', 'Sun Wei', 'Hydraulic Assembly Section', '13800000009', 'NORMAL', 'NORMAL', 'Displacement Sensor Bracket aviation manufacturing business record used for actuator quality traceab', 'Displacement Sensor Bracket 009');
insert into `p1p_dossier_personnel` (`personnel_id`, `person_no`, `person_name`, `workshop`, `phone`, `skill_level`, `work_type`, `dept_code`, `dept_name`) values (10, 'PERS-0010', 'Ma Rui', 'Pressure Test Section', '13800000010', 'WARNING', 'WARNING', 'Locking Nut aviation manufacturing business record used for actuator quality traceability.', 'Locking Nut 010');
insert into `p1p_dossier_tooling` (`tooling_id`, `tooling_no`, `tooling_name`, `tooling_type`, `calibration_due_date`, `tooling_status`) values (1, 'TOOL-0001', 'Dedicated Assembly Tooling for Piston Rod Assembly', 'NORMAL', '2026-05-09', 'NORMAL');
insert into `p1p_dossier_tooling` (`tooling_id`, `tooling_no`, `tooling_name`, `tooling_type`, `calibration_due_date`, `tooling_status`) values (2, 'TOOL-0002', 'Dedicated Assembly Tooling for Cylinder Barrel Assembly', 'WARNING', '2026-05-10', 'WARNING');
insert into `p1p_dossier_tooling` (`tooling_id`, `tooling_no`, `tooling_name`, `tooling_type`, `calibration_due_date`, `tooling_status`) values (3, 'TOOL-0003', 'Dedicated Assembly Tooling for Front End Cap', 'QUALIFIED', '2026-05-11', 'QUALIFIED');
insert into `p1p_dossier_tooling` (`tooling_id`, `tooling_no`, `tooling_name`, `tooling_type`, `calibration_due_date`, `tooling_status`) values (4, 'TOOL-0004', 'Dedicated Assembly Tooling for Rear End Cap', 'CLOSED', '2026-05-12', 'CLOSED');
insert into `p1p_dossier_tooling` (`tooling_id`, `tooling_no`, `tooling_name`, `tooling_type`, `calibration_due_date`, `tooling_status`) values (5, 'TOOL-0005', 'Dedicated Assembly Tooling for Seal Ring Assembly', 'NORMAL', '2026-05-13', 'NORMAL');
insert into `p1p_dossier_tooling` (`tooling_id`, `tooling_no`, `tooling_name`, `tooling_type`, `calibration_due_date`, `tooling_status`) values (6, 'TOOL-0006', 'Dedicated Assembly Tooling for Trunnion Bushing', 'WARNING', '2026-05-14', 'WARNING');
insert into `p1p_dossier_tooling` (`tooling_id`, `tooling_no`, `tooling_name`, `tooling_type`, `calibration_due_date`, `tooling_status`) values (7, 'TOOL-0007', 'Dedicated Assembly Tooling for Spherical Bearing', 'QUALIFIED', '2026-05-15', 'QUALIFIED');
insert into `p1p_dossier_tooling` (`tooling_id`, `tooling_no`, `tooling_name`, `tooling_type`, `calibration_due_date`, `tooling_status`) values (8, 'TOOL-0008', 'Dedicated Assembly Tooling for Throttle Connector', 'CLOSED', '2026-05-16', 'CLOSED');
insert into `p1p_dossier_tooling` (`tooling_id`, `tooling_no`, `tooling_name`, `tooling_type`, `calibration_due_date`, `tooling_status`) values (9, 'TOOL-0009', 'Dedicated Assembly Tooling for Displacement Sensor Bracket', 'NORMAL', '2026-05-17', 'NORMAL');
insert into `p1p_dossier_tooling` (`tooling_id`, `tooling_no`, `tooling_name`, `tooling_type`, `calibration_due_date`, `tooling_status`) values (10, 'TOOL-0010', 'Dedicated Assembly Tooling for Locking Nut', 'WARNING', '2026-05-18', 'WARNING');
insert into `p1p_dossier_quality_event` (`quality_event_id`, `event_no`, `event_source`, `event_type`, `event_title`, `event_desc`, `event_time`, `severity_level`, `event_status`, `trigger_source_no`, `created_at`, `updated_at`) values (1, 'QE-CF-2026-0001', 'QMS', 'SELF_MADE', 'Piston Rod Assembly - Chrome Plating Scratch on Piston Rod Event', 'Chrome Plating Scratch on Piston Rod was found on Piston Rod Assembly during Extension and Retraction Pressure inspection, and the issue has entered the quality event closure process.', '2026-05-09 08:07:00', 'MINOR', 'NORMAL', 'FB-CF-0001', '2026-05-09 08:07:00', '2026-05-09 08:07:00');
insert into `p1p_dossier_quality_event` (`quality_event_id`, `event_no`, `event_source`, `event_type`, `event_title`, `event_desc`, `event_time`, `severity_level`, `event_status`, `trigger_source_no`, `created_at`, `updated_at`) values (2, 'QE-CF-2026-0002', 'QMS', 'SELF_MADE', 'Cylinder Barrel Assembly - Seal Ring Compression Damage Event', 'Seal Ring Compression Damage was found on Cylinder Barrel Assembly during Pressure Holding Leakage Rate inspection, and the issue has entered the quality event closure process.', '2026-05-10 08:14:00', 'MAJOR', 'WARNING', 'FB-CF-0002', '2026-05-10 08:14:00', '2026-05-10 08:14:00');
insert into `p1p_dossier_quality_event` (`quality_event_id`, `event_no`, `event_source`, `event_type`, `event_title`, `event_desc`, `event_time`, `severity_level`, `event_status`, `trigger_source_no`, `created_at`, `updated_at`) values (3, 'QE-CF-2026-0003', 'QMS', 'PURCHASED', 'Front End Cap - Scratch on Cylinder Barrel Inner Wall Event', 'Scratch on Cylinder Barrel Inner Wall was found on Front End Cap during Piston Rod Extension Stroke inspection, and the issue has entered the quality event closure process.', '2026-05-11 08:21:00', 'CRITICAL', 'QUALIFIED', 'FB-CF-0003', '2026-05-11 08:21:00', '2026-05-11 08:21:00');
insert into `p1p_dossier_quality_event` (`quality_event_id`, `event_no`, `event_source`, `event_type`, `event_title`, `event_desc`, `event_time`, `severity_level`, `event_status`, `trigger_source_no`, `created_at`, `updated_at`) values (4, 'QE-CF-2026-0004', 'QMS', 'PURCHASED', 'Rear End Cap - Pressure Holding Leakage Rate Out of Tolerance Event', 'Pressure Holding Leakage Rate Out of Tolerance was found on Rear End Cap during Actuation Time inspection, and the issue has entered the quality event closure process.', '2026-05-12 08:28:00', 'WARNING', 'CLOSED', 'FB-CF-0004', '2026-05-12 08:28:00', '2026-05-12 08:28:00');
insert into `p1p_dossier_quality_event` (`quality_event_id`, `event_no`, `event_source`, `event_type`, `event_title`, `event_desc`, `event_time`, `severity_level`, `event_status`, `trigger_source_no`, `created_at`, `updated_at`) values (5, 'QE-CF-2026-0005', 'QMS', 'ASSEMBLY', 'Seal Ring Assembly - Actuation Hysteresis Event', 'Actuation Hysteresis was found on Seal Ring Assembly during Hydraulic Oil Temperature inspection, and the issue has entered the quality event closure process.', '2026-05-13 08:35:00', 'MINOR', 'NORMAL', 'FB-CF-0005', '2026-05-13 08:35:00', '2026-05-13 08:35:00');
insert into `p1p_dossier_quality_event` (`quality_event_id`, `event_no`, `event_source`, `event_type`, `event_title`, `event_desc`, `event_time`, `severity_level`, `event_status`, `trigger_source_no`, `created_at`, `updated_at`) values (6, 'QE-CF-2026-0006', 'QMS', 'ASSEMBLY', 'Trunnion Bushing - Minor Leakage at Hydraulic Fitting Event', 'Minor Leakage at Hydraulic Fitting was found on Trunnion Bushing during Locking Clearance inspection, and the issue has entered the quality event closure process.', '2026-05-14 08:42:00', 'MAJOR', 'WARNING', 'FB-CF-0006', '2026-05-14 08:42:00', '2026-05-14 08:42:00');
insert into `p1p_dossier_quality_event` (`quality_event_id`, `event_no`, `event_source`, `event_type`, `event_title`, `event_desc`, `event_time`, `severity_level`, `event_status`, `trigger_source_no`, `created_at`, `updated_at`) values (7, 'QE-CF-2026-0007', 'QMS', 'PARAMETER', 'Spherical Bearing - Excessive Trunnion Bushing Clearance Event', 'Excessive Trunnion Bushing Clearance was found on Spherical Bearing during Extension and Retraction Pressure inspection, and the issue has entered the quality event closure process.', '2026-05-15 08:49:00', 'CRITICAL', 'QUALIFIED', 'FB-CF-0007', '2026-05-15 08:49:00', '2026-05-15 08:49:00');
insert into `p1p_dossier_quality_event` (`quality_event_id`, `event_no`, `event_source`, `event_type`, `event_title`, `event_desc`, `event_time`, `severity_level`, `event_status`, `trigger_source_no`, `created_at`, `updated_at`) values (8, 'QE-CF-2026-0008', 'QMS', 'PARAMETER', 'Throttle Connector - Loose Displacement Sensor Bracket Event', 'Loose Displacement Sensor Bracket was found on Throttle Connector during Pressure Holding Leakage Rate inspection, and the issue has entered the quality event closure process.', '2026-05-16 08:56:00', 'WARNING', 'CLOSED', 'FB-CF-0008', '2026-05-16 08:56:00', '2026-05-16 08:56:00');
insert into `p1p_dossier_quality_event` (`quality_event_id`, `event_no`, `event_source`, `event_type`, `event_title`, `event_desc`, `event_time`, `severity_level`, `event_status`, `trigger_source_no`, `created_at`, `updated_at`) values (9, 'QE-CF-2026-0009', 'MRO', 'MRO', 'Displacement Sensor Bracket - Chrome Plating Scratch on Piston Rod Event', 'Chrome Plating Scratch on Piston Rod was found on Displacement Sensor Bracket during Piston Rod Extension Stroke inspection, and the issue has entered the quality event closure process.', '2026-05-17 09:03:00', 'MINOR', 'NORMAL', 'FB-CF-0009', '2026-05-17 09:03:00', '2026-05-17 09:03:00');
insert into `p1p_dossier_quality_event` (`quality_event_id`, `event_no`, `event_source`, `event_type`, `event_title`, `event_desc`, `event_time`, `severity_level`, `event_status`, `trigger_source_no`, `created_at`, `updated_at`) values (10, 'QE-CF-2026-0010', 'MRO', 'MRO', 'Locking Nut - Seal Ring Compression Damage Event', 'Seal Ring Compression Damage was found on Locking Nut during Actuation Time inspection, and the issue has entered the quality event closure process.', '2026-05-18 09:10:00', 'MAJOR', 'WARNING', 'FB-CF-0010', '2026-05-18 09:10:00', '2026-05-18 09:10:00');
insert into `p1p_dossier_landing_gear_system` (`landing_gear_system_id`, `upper_equipment_id`, `system_code`, `system_name`, `system_position`, `technical_status`, `created_at`, `updated_at`) values (1, 1, 'SYS-LG-HYD-0001', 'Landing Gear Extension Retraction Hydraulic System', 'NORMAL', 'NORMAL', '2026-05-09 08:07:00', '2026-05-09 08:07:00');
insert into `p1p_dossier_landing_gear_system` (`landing_gear_system_id`, `upper_equipment_id`, `system_code`, `system_name`, `system_position`, `technical_status`, `created_at`, `updated_at`) values (2, 2, 'SYS-LG-HYD-0002', 'Landing Gear Extension Retraction Hydraulic System', 'WARNING', 'WARNING', '2026-05-10 08:14:00', '2026-05-10 08:14:00');
insert into `p1p_dossier_landing_gear_system` (`landing_gear_system_id`, `upper_equipment_id`, `system_code`, `system_name`, `system_position`, `technical_status`, `created_at`, `updated_at`) values (3, 3, 'SYS-LG-HYD-0003', 'Landing Gear Extension Retraction Hydraulic System', 'QUALIFIED', 'QUALIFIED', '2026-05-11 08:21:00', '2026-05-11 08:21:00');
insert into `p1p_dossier_landing_gear_system` (`landing_gear_system_id`, `upper_equipment_id`, `system_code`, `system_name`, `system_position`, `technical_status`, `created_at`, `updated_at`) values (4, 4, 'SYS-LG-HYD-0004', 'Landing Gear Extension Retraction Hydraulic System', 'CLOSED', 'CLOSED', '2026-05-12 08:28:00', '2026-05-12 08:28:00');
insert into `p1p_dossier_landing_gear_system` (`landing_gear_system_id`, `upper_equipment_id`, `system_code`, `system_name`, `system_position`, `technical_status`, `created_at`, `updated_at`) values (5, 5, 'SYS-LG-HYD-0005', 'Landing Gear Extension Retraction Hydraulic System', 'NORMAL', 'NORMAL', '2026-05-13 08:35:00', '2026-05-13 08:35:00');
insert into `p1p_dossier_landing_gear_system` (`landing_gear_system_id`, `upper_equipment_id`, `system_code`, `system_name`, `system_position`, `technical_status`, `created_at`, `updated_at`) values (6, 6, 'SYS-LG-HYD-0006', 'Landing Gear Extension Retraction Hydraulic System', 'WARNING', 'WARNING', '2026-05-14 08:42:00', '2026-05-14 08:42:00');
insert into `p1p_dossier_landing_gear_system` (`landing_gear_system_id`, `upper_equipment_id`, `system_code`, `system_name`, `system_position`, `technical_status`, `created_at`, `updated_at`) values (7, 7, 'SYS-LG-HYD-0007', 'Landing Gear Extension Retraction Hydraulic System', 'QUALIFIED', 'QUALIFIED', '2026-05-15 08:49:00', '2026-05-15 08:49:00');
insert into `p1p_dossier_landing_gear_system` (`landing_gear_system_id`, `upper_equipment_id`, `system_code`, `system_name`, `system_position`, `technical_status`, `created_at`, `updated_at`) values (8, 8, 'SYS-LG-HYD-0008', 'Landing Gear Extension Retraction Hydraulic System', 'CLOSED', 'CLOSED', '2026-05-16 08:56:00', '2026-05-16 08:56:00');
insert into `p1p_dossier_landing_gear_system` (`landing_gear_system_id`, `upper_equipment_id`, `system_code`, `system_name`, `system_position`, `technical_status`, `created_at`, `updated_at`) values (9, 9, 'SYS-LG-HYD-0009', 'Landing Gear Extension Retraction Hydraulic System', 'NORMAL', 'NORMAL', '2026-05-17 09:03:00', '2026-05-17 09:03:00');
insert into `p1p_dossier_landing_gear_system` (`landing_gear_system_id`, `upper_equipment_id`, `system_code`, `system_name`, `system_position`, `technical_status`, `created_at`, `updated_at`) values (10, 10, 'SYS-LG-HYD-0010', 'Landing Gear Extension Retraction Hydraulic System', 'WARNING', 'WARNING', '2026-05-18 09:10:00', '2026-05-18 09:10:00');
insert into `p1p_dossier_part_definition` (`part_definition_id`, `material_id`, `design_version_id`, `part_no`, `part_name`, `part_type`, `drawing_code`, `source_type`, `critical_level`, `created_at`, `updated_at`) values (1, 1, 1, 'LGACT-PART-002', 'Piston Rod Assembly', 'NORMAL', 'DWG-LGACT-0001', 'MAKE', 'NORMAL', '2026-05-09 08:07:00', '2026-05-09 08:07:00');
insert into `p1p_dossier_part_definition` (`part_definition_id`, `material_id`, `design_version_id`, `part_no`, `part_name`, `part_type`, `drawing_code`, `source_type`, `critical_level`, `created_at`, `updated_at`) values (2, 2, 2, 'LGACT-PART-003', 'Cylinder Barrel Assembly', 'WARNING', 'DWG-LGACT-0002', 'BUY', 'WARNING', '2026-05-10 08:14:00', '2026-05-10 08:14:00');
insert into `p1p_dossier_part_definition` (`part_definition_id`, `material_id`, `design_version_id`, `part_no`, `part_name`, `part_type`, `drawing_code`, `source_type`, `critical_level`, `created_at`, `updated_at`) values (3, 3, 3, 'LGACT-PART-004', 'Front End Cap', 'QUALIFIED', 'DWG-LGACT-0003', 'OUTSOURCE', 'QUALIFIED', '2026-05-11 08:21:00', '2026-05-11 08:21:00');
insert into `p1p_dossier_part_definition` (`part_definition_id`, `material_id`, `design_version_id`, `part_no`, `part_name`, `part_type`, `drawing_code`, `source_type`, `critical_level`, `created_at`, `updated_at`) values (4, 4, 4, 'LGACT-PART-005', 'Rear End Cap', 'CLOSED', 'DWG-LGACT-0004', 'REPAIR', 'CLOSED', '2026-05-12 08:28:00', '2026-05-12 08:28:00');
insert into `p1p_dossier_part_definition` (`part_definition_id`, `material_id`, `design_version_id`, `part_no`, `part_name`, `part_type`, `drawing_code`, `source_type`, `critical_level`, `created_at`, `updated_at`) values (5, 5, 5, 'LGACT-PART-006', 'Seal Ring Assembly', 'NORMAL', 'DWG-LGACT-0005', 'MAKE', 'NORMAL', '2026-05-13 08:35:00', '2026-05-13 08:35:00');
insert into `p1p_dossier_part_definition` (`part_definition_id`, `material_id`, `design_version_id`, `part_no`, `part_name`, `part_type`, `drawing_code`, `source_type`, `critical_level`, `created_at`, `updated_at`) values (6, 6, 6, 'LGACT-PART-007', 'Trunnion Bushing', 'WARNING', 'DWG-LGACT-0006', 'BUY', 'WARNING', '2026-05-14 08:42:00', '2026-05-14 08:42:00');
insert into `p1p_dossier_part_definition` (`part_definition_id`, `material_id`, `design_version_id`, `part_no`, `part_name`, `part_type`, `drawing_code`, `source_type`, `critical_level`, `created_at`, `updated_at`) values (7, 7, 7, 'LGACT-PART-008', 'Spherical Bearing', 'QUALIFIED', 'DWG-LGACT-0007', 'OUTSOURCE', 'QUALIFIED', '2026-05-15 08:49:00', '2026-05-15 08:49:00');
insert into `p1p_dossier_part_definition` (`part_definition_id`, `material_id`, `design_version_id`, `part_no`, `part_name`, `part_type`, `drawing_code`, `source_type`, `critical_level`, `created_at`, `updated_at`) values (8, 8, 8, 'LGACT-PART-009', 'Throttle Connector', 'CLOSED', 'DWG-LGACT-0008', 'REPAIR', 'CLOSED', '2026-05-16 08:56:00', '2026-05-16 08:56:00');
insert into `p1p_dossier_part_definition` (`part_definition_id`, `material_id`, `design_version_id`, `part_no`, `part_name`, `part_type`, `drawing_code`, `source_type`, `critical_level`, `created_at`, `updated_at`) values (9, 9, 9, 'LGACT-PART-010', 'Displacement Sensor Bracket', 'NORMAL', 'DWG-LGACT-0009', 'MAKE', 'NORMAL', '2026-05-17 09:03:00', '2026-05-17 09:03:00');
insert into `p1p_dossier_part_definition` (`part_definition_id`, `material_id`, `design_version_id`, `part_no`, `part_name`, `part_type`, `drawing_code`, `source_type`, `critical_level`, `created_at`, `updated_at`) values (10, 10, 10, 'LGACT-PART-011', 'Locking Nut', 'WARNING', 'DWG-LGACT-0010', 'BUY', 'WARNING', '2026-05-18 09:10:00', '2026-05-18 09:10:00');
insert into `p1p_dossier_purchase_order` (`purchase_order_id`, `supplier_id`, `order_no`, `task_code`, `order_date`, `delivery_date`, `order_status`, `priority_level`, `urgent_flag`) values (1, 1, 'PO-CF-2026-0001', 'TASKNO-0001', '2026-05-09', '2026-05-09', 'NORMAL', 2, 1);
insert into `p1p_dossier_purchase_order` (`purchase_order_id`, `supplier_id`, `order_no`, `task_code`, `order_date`, `delivery_date`, `order_status`, `priority_level`, `urgent_flag`) values (2, 2, 'PO-CF-2026-0002', 'TASKNO-0002', '2026-05-10', '2026-05-10', 'WARNING', 3, 1);
insert into `p1p_dossier_purchase_order` (`purchase_order_id`, `supplier_id`, `order_no`, `task_code`, `order_date`, `delivery_date`, `order_status`, `priority_level`, `urgent_flag`) values (3, 3, 'PO-CF-2026-0003', 'TASKNO-0003', '2026-05-11', '2026-05-11', 'QUALIFIED', 4, 0);
insert into `p1p_dossier_purchase_order` (`purchase_order_id`, `supplier_id`, `order_no`, `task_code`, `order_date`, `delivery_date`, `order_status`, `priority_level`, `urgent_flag`) values (4, 4, 'PO-CF-2026-0004', 'TASKNO-0004', '2026-05-12', '2026-05-12', 'CLOSED', 5, 1);
insert into `p1p_dossier_purchase_order` (`purchase_order_id`, `supplier_id`, `order_no`, `task_code`, `order_date`, `delivery_date`, `order_status`, `priority_level`, `urgent_flag`) values (5, 5, 'PO-CF-2026-0005', 'TASKNO-0005', '2026-05-13', '2026-05-13', 'NORMAL', 6, 1);
insert into `p1p_dossier_purchase_order` (`purchase_order_id`, `supplier_id`, `order_no`, `task_code`, `order_date`, `delivery_date`, `order_status`, `priority_level`, `urgent_flag`) values (6, 6, 'PO-CF-2026-0006', 'TASKNO-0006', '2026-05-14', '2026-05-14', 'WARNING', 7, 0);
insert into `p1p_dossier_purchase_order` (`purchase_order_id`, `supplier_id`, `order_no`, `task_code`, `order_date`, `delivery_date`, `order_status`, `priority_level`, `urgent_flag`) values (7, 7, 'PO-CF-2026-0007', 'TASKNO-0007', '2026-05-15', '2026-05-15', 'QUALIFIED', 8, 1);
insert into `p1p_dossier_purchase_order` (`purchase_order_id`, `supplier_id`, `order_no`, `task_code`, `order_date`, `delivery_date`, `order_status`, `priority_level`, `urgent_flag`) values (8, 8, 'PO-CF-2026-0008', 'TASKNO-0008', '2026-05-16', '2026-05-16', 'CLOSED', 9, 1);
insert into `p1p_dossier_purchase_order` (`purchase_order_id`, `supplier_id`, `order_no`, `task_code`, `order_date`, `delivery_date`, `order_status`, `priority_level`, `urgent_flag`) values (9, 9, 'PO-CF-2026-0009', 'TASKNO-0009', '2026-05-17', '2026-05-17', 'NORMAL', 1, 0);
insert into `p1p_dossier_purchase_order` (`purchase_order_id`, `supplier_id`, `order_no`, `task_code`, `order_date`, `delivery_date`, `order_status`, `priority_level`, `urgent_flag`) values (10, 10, 'PO-CF-2026-0010', 'TASKNO-0010', '2026-05-18', '2026-05-18', 'WARNING', 2, 1);
insert into `p1p_dossier_equipment` (`equipment_id`, `workstation_id`, `equipment_no`, `equipment_name`, `equipment_num`, `equipment_type`, `status_code`, `color_flag`, `created_at`) values (1, 1, 'EQ-CF-0001', 'Hydraulic Integrated Test Bench', 2, 'NORMAL', 'NORMAL', 'Piston Rod Assembly aviation manufacturing busines', '2026-05-09 08:07:00');
insert into `p1p_dossier_equipment` (`equipment_id`, `workstation_id`, `equipment_no`, `equipment_name`, `equipment_num`, `equipment_type`, `status_code`, `color_flag`, `created_at`) values (2, 2, 'EQ-CF-0002', 'CNC Cylindrical Grinder', 3, 'WARNING', 'WARNING', 'Cylinder Barrel Assembly aviation manufacturing bu', '2026-05-10 08:14:00');
insert into `p1p_dossier_equipment` (`equipment_id`, `workstation_id`, `equipment_no`, `equipment_name`, `equipment_num`, `equipment_type`, `status_code`, `color_flag`, `created_at`) values (3, 3, 'EQ-CF-0003', 'Inner Bore Honing Machine', 4, 'QUALIFIED', 'QUALIFIED', 'Front End Cap aviation manufacturing business reco', '2026-05-11 08:21:00');
insert into `p1p_dossier_equipment` (`equipment_id`, `workstation_id`, `equipment_no`, `equipment_name`, `equipment_num`, `equipment_type`, `status_code`, `color_flag`, `created_at`) values (4, 4, 'EQ-CF-0004', 'Chrome Plating Thickness Gauge', 5, 'CLOSED', 'CLOSED', 'Rear End Cap aviation manufacturing business recor', '2026-05-12 08:28:00');
insert into `p1p_dossier_equipment` (`equipment_id`, `workstation_id`, `equipment_no`, `equipment_name`, `equipment_num`, `equipment_type`, `status_code`, `color_flag`, `created_at`) values (5, 5, 'EQ-CF-0005', 'Coordinate Measuring Machine', 6, 'NORMAL', 'NORMAL', 'Seal Ring Assembly aviation manufacturing business', '2026-05-13 08:35:00');
insert into `p1p_dossier_equipment` (`equipment_id`, `workstation_id`, `equipment_no`, `equipment_name`, `equipment_num`, `equipment_type`, `status_code`, `color_flag`, `created_at`) values (6, 6, 'EQ-CF-0006', 'Seal Assembly Press', 7, 'WARNING', 'WARNING', 'Trunnion Bushing aviation manufacturing business r', '2026-05-14 08:42:00');
insert into `p1p_dossier_equipment` (`equipment_id`, `workstation_id`, `equipment_no`, `equipment_name`, `equipment_num`, `equipment_type`, `status_code`, `color_flag`, `created_at`) values (7, 7, 'EQ-CF-0007', 'Hydraulic Pulse Test Bench', 8, 'QUALIFIED', 'QUALIFIED', 'Spherical Bearing aviation manufacturing business ', '2026-05-15 08:49:00');
insert into `p1p_dossier_equipment` (`equipment_id`, `workstation_id`, `equipment_no`, `equipment_name`, `equipment_num`, `equipment_type`, `status_code`, `color_flag`, `created_at`) values (8, 8, 'EQ-CF-0008', 'Ultrasonic Cleaning Machine', 9, 'CLOSED', 'CLOSED', 'Throttle Connector aviation manufacturing business', '2026-05-16 08:56:00');
insert into `p1p_dossier_equipment` (`equipment_id`, `workstation_id`, `equipment_no`, `equipment_name`, `equipment_num`, `equipment_type`, `status_code`, `color_flag`, `created_at`) values (9, 9, 'EQ-CF-0009', 'Hydraulic Integrated Test Bench', 1, 'NORMAL', 'NORMAL', 'Displacement Sensor Bracket aviation manufacturing', '2026-05-17 09:03:00');
insert into `p1p_dossier_equipment` (`equipment_id`, `workstation_id`, `equipment_no`, `equipment_name`, `equipment_num`, `equipment_type`, `status_code`, `color_flag`, `created_at`) values (10, 10, 'EQ-CF-0010', 'CNC Cylindrical Grinder', 2, 'WARNING', 'WARNING', 'Locking Nut aviation manufacturing business record', '2026-05-18 09:10:00');
insert into `p1p_dossier_installed_position` (`installed_position_id`, `upper_equipment_id`, `landing_gear_system_id`, `position_code`, `position_name`, `station_no`, `side_code`, `created_at`, `updated_at`) values (1, 1, 1, 'POS-LG-02', 'Landing Gear Extension Retraction Hydraulic System', 'ST-CF-0001', 'NORMAL', '2026-05-09 08:07:00', '2026-05-09 08:07:00');
insert into `p1p_dossier_installed_position` (`installed_position_id`, `upper_equipment_id`, `landing_gear_system_id`, `position_code`, `position_name`, `station_no`, `side_code`, `created_at`, `updated_at`) values (2, 2, 2, 'POS-LG-03', 'Landing Gear Extension Retraction Hydraulic System', 'ST-CF-0002', 'WARNING', '2026-05-10 08:14:00', '2026-05-10 08:14:00');
insert into `p1p_dossier_installed_position` (`installed_position_id`, `upper_equipment_id`, `landing_gear_system_id`, `position_code`, `position_name`, `station_no`, `side_code`, `created_at`, `updated_at`) values (3, 3, 3, 'POS-LG-04', 'Landing Gear Extension Retraction Hydraulic System', 'ST-CF-0003', 'QUALIFIED', '2026-05-11 08:21:00', '2026-05-11 08:21:00');
insert into `p1p_dossier_installed_position` (`installed_position_id`, `upper_equipment_id`, `landing_gear_system_id`, `position_code`, `position_name`, `station_no`, `side_code`, `created_at`, `updated_at`) values (4, 4, 4, 'POS-LG-05', 'Landing Gear Extension Retraction Hydraulic System', 'ST-CF-0004', 'CLOSED', '2026-05-12 08:28:00', '2026-05-12 08:28:00');
insert into `p1p_dossier_installed_position` (`installed_position_id`, `upper_equipment_id`, `landing_gear_system_id`, `position_code`, `position_name`, `station_no`, `side_code`, `created_at`, `updated_at`) values (5, 5, 5, 'POS-LG-06', 'Landing Gear Extension Retraction Hydraulic System', 'ST-CF-0005', 'NORMAL', '2026-05-13 08:35:00', '2026-05-13 08:35:00');
insert into `p1p_dossier_installed_position` (`installed_position_id`, `upper_equipment_id`, `landing_gear_system_id`, `position_code`, `position_name`, `station_no`, `side_code`, `created_at`, `updated_at`) values (6, 6, 6, 'POS-LG-01', 'Landing Gear Extension Retraction Hydraulic System', 'ST-CF-0006', 'WARNING', '2026-05-14 08:42:00', '2026-05-14 08:42:00');
insert into `p1p_dossier_installed_position` (`installed_position_id`, `upper_equipment_id`, `landing_gear_system_id`, `position_code`, `position_name`, `station_no`, `side_code`, `created_at`, `updated_at`) values (7, 7, 7, 'POS-LG-02', 'Landing Gear Extension Retraction Hydraulic System', 'ST-CF-0007', 'QUALIFIED', '2026-05-15 08:49:00', '2026-05-15 08:49:00');
insert into `p1p_dossier_installed_position` (`installed_position_id`, `upper_equipment_id`, `landing_gear_system_id`, `position_code`, `position_name`, `station_no`, `side_code`, `created_at`, `updated_at`) values (8, 8, 8, 'POS-LG-03', 'Landing Gear Extension Retraction Hydraulic System', 'ST-CF-0008', 'CLOSED', '2026-05-16 08:56:00', '2026-05-16 08:56:00');
insert into `p1p_dossier_installed_position` (`installed_position_id`, `upper_equipment_id`, `landing_gear_system_id`, `position_code`, `position_name`, `station_no`, `side_code`, `created_at`, `updated_at`) values (9, 9, 9, 'POS-LG-04', 'Landing Gear Extension Retraction Hydraulic System', 'ST-CF-0009', 'NORMAL', '2026-05-17 09:03:00', '2026-05-17 09:03:00');
insert into `p1p_dossier_installed_position` (`installed_position_id`, `upper_equipment_id`, `landing_gear_system_id`, `position_code`, `position_name`, `station_no`, `side_code`, `created_at`, `updated_at`) values (10, 10, 10, 'POS-LG-05', 'Landing Gear Extension Retraction Hydraulic System', 'ST-CF-0010', 'WARNING', '2026-05-18 09:10:00', '2026-05-18 09:10:00');
insert into `p1p_dossier_bom_item` (`bom_item_id`, `component_type_id`, `parent_bom_item_id`, `part_definition_id`, `bom_item_no`, `part_no`, `quantity`, `unit`, `position_code`, `effective_date`) values (1, 1, NULL, 1, 'MAT-LG-0001', 'LGACT-PART-002', 20.850, 'EA', 'POS-LG-02', '2026-05-09');
insert into `p1p_dossier_bom_item` (`bom_item_id`, `component_type_id`, `parent_bom_item_id`, `part_definition_id`, `bom_item_no`, `part_no`, `quantity`, `unit`, `position_code`, `effective_date`) values (2, 2, 2, 2, 'MAT-LG-0002', 'LGACT-PART-003', 0.080, 'SET', 'POS-LG-03', '2026-05-10');
insert into `p1p_dossier_bom_item` (`bom_item_id`, `component_type_id`, `parent_bom_item_id`, `part_definition_id`, `bom_item_no`, `part_no`, `quantity`, `unit`, `position_code`, `effective_date`) values (3, 3, 3, 3, 'MAT-LG-0003', 'LGACT-PART-004', 155.150, 'KG', 'POS-LG-04', '2026-05-11');
insert into `p1p_dossier_bom_item` (`bom_item_id`, `component_type_id`, `parent_bom_item_id`, `part_definition_id`, `bom_item_no`, `part_no`, `quantity`, `unit`, `position_code`, `effective_date`) values (4, 4, 4, 4, 'MAT-LG-0004', 'LGACT-PART-005', 5.100, 'M', 'POS-LG-05', '2026-05-12');
insert into `p1p_dossier_bom_item` (`bom_item_id`, `component_type_id`, `parent_bom_item_id`, `part_definition_id`, `bom_item_no`, `part_no`, `quantity`, `unit`, `position_code`, `effective_date`) values (5, 5, 5, 5, 'MAT-LG-0005', 'LGACT-PART-006', 37.700, 'EA', 'POS-LG-06', '2026-05-13');
insert into `p1p_dossier_bom_item` (`bom_item_id`, `component_type_id`, `parent_bom_item_id`, `part_definition_id`, `bom_item_no`, `part_no`, `quantity`, `unit`, `position_code`, `effective_date`) values (6, 6, 6, 6, 'MAT-LG-0006', 'LGACT-PART-007', 0.150, 'SET', 'POS-LG-01', '2026-05-14');
insert into `p1p_dossier_bom_item` (`bom_item_id`, `component_type_id`, `parent_bom_item_id`, `part_definition_id`, `bom_item_no`, `part_no`, `quantity`, `unit`, `position_code`, `effective_date`) values (7, 7, 7, 7, 'MAT-LG-0007', 'LGACT-PART-008', 23.400, 'KG', 'POS-LG-02', '2026-05-15');
insert into `p1p_dossier_bom_item` (`bom_item_id`, `component_type_id`, `parent_bom_item_id`, `part_definition_id`, `bom_item_no`, `part_no`, `quantity`, `unit`, `position_code`, `effective_date`) values (8, 8, 8, 8, 'MAT-LG-0008', 'LGACT-PART-009', 0.220, 'M', 'POS-LG-03', '2026-05-16');
insert into `p1p_dossier_bom_item` (`bom_item_id`, `component_type_id`, `parent_bom_item_id`, `part_definition_id`, `bom_item_no`, `part_no`, `quantity`, `unit`, `position_code`, `effective_date`) values (9, 9, 9, 9, 'MAT-LG-0009', 'LGACT-PART-010', 155.300, 'EA', 'POS-LG-04', '2026-05-17');
insert into `p1p_dossier_bom_item` (`bom_item_id`, `component_type_id`, `parent_bom_item_id`, `part_definition_id`, `bom_item_no`, `part_no`, `quantity`, `unit`, `position_code`, `effective_date`) values (10, 10, 10, 10, 'MAT-LG-0010', 'LGACT-PART-011', 4.500, 'SET', 'POS-LG-05', '2026-05-18');
insert into `p1p_dossier_process_route` (`process_route_id`, `component_type_id`, `part_definition_id`, `design_version_id`, `route_code`, `route_name`, `route_type`, `doc_version`, `release_status`, `created_at`, `updated_at`) values (1, 1, 1, 1, 'RT-LGACT-0001', 'Piston Rod Assembly Manufacturing Process Route', 'NORMAL', 'REV-2.0', 'NORMAL', '2026-05-09 08:07:00', '2026-05-09 08:07:00');
insert into `p1p_dossier_process_route` (`process_route_id`, `component_type_id`, `part_definition_id`, `design_version_id`, `route_code`, `route_name`, `route_type`, `doc_version`, `release_status`, `created_at`, `updated_at`) values (2, 2, 2, 2, 'RT-LGACT-0002', 'Cylinder Barrel Assembly Manufacturing Process Route', 'WARNING', 'REV-3.0', 'WARNING', '2026-05-10 08:14:00', '2026-05-10 08:14:00');
insert into `p1p_dossier_process_route` (`process_route_id`, `component_type_id`, `part_definition_id`, `design_version_id`, `route_code`, `route_name`, `route_type`, `doc_version`, `release_status`, `created_at`, `updated_at`) values (3, 3, 3, 3, 'RT-LGACT-0003', 'Front End Cap Manufacturing Process Route', 'QUALIFIED', 'REV-4.0', 'QUALIFIED', '2026-05-11 08:21:00', '2026-05-11 08:21:00');
insert into `p1p_dossier_process_route` (`process_route_id`, `component_type_id`, `part_definition_id`, `design_version_id`, `route_code`, `route_name`, `route_type`, `doc_version`, `release_status`, `created_at`, `updated_at`) values (4, 4, 4, 4, 'RT-LGACT-0004', 'Rear End Cap Manufacturing Process Route', 'CLOSED', 'REV-5.0', 'CLOSED', '2026-05-12 08:28:00', '2026-05-12 08:28:00');
insert into `p1p_dossier_process_route` (`process_route_id`, `component_type_id`, `part_definition_id`, `design_version_id`, `route_code`, `route_name`, `route_type`, `doc_version`, `release_status`, `created_at`, `updated_at`) values (5, 5, 5, 5, 'RT-LGACT-0005', 'Seal Ring Assembly Manufacturing Process Route', 'NORMAL', 'REV-1.0', 'NORMAL', '2026-05-13 08:35:00', '2026-05-13 08:35:00');
insert into `p1p_dossier_process_route` (`process_route_id`, `component_type_id`, `part_definition_id`, `design_version_id`, `route_code`, `route_name`, `route_type`, `doc_version`, `release_status`, `created_at`, `updated_at`) values (6, 6, 6, 6, 'RT-LGACT-0006', 'Trunnion Bushing Manufacturing Process Route', 'WARNING', 'REV-2.0', 'WARNING', '2026-05-14 08:42:00', '2026-05-14 08:42:00');
insert into `p1p_dossier_process_route` (`process_route_id`, `component_type_id`, `part_definition_id`, `design_version_id`, `route_code`, `route_name`, `route_type`, `doc_version`, `release_status`, `created_at`, `updated_at`) values (7, 7, 7, 7, 'RT-LGACT-0007', 'Spherical Bearing Manufacturing Process Route', 'QUALIFIED', 'REV-3.0', 'QUALIFIED', '2026-05-15 08:49:00', '2026-05-15 08:49:00');
insert into `p1p_dossier_process_route` (`process_route_id`, `component_type_id`, `part_definition_id`, `design_version_id`, `route_code`, `route_name`, `route_type`, `doc_version`, `release_status`, `created_at`, `updated_at`) values (8, 8, 8, 8, 'RT-LGACT-0008', 'Throttle Connector Manufacturing Process Route', 'CLOSED', 'REV-4.0', 'CLOSED', '2026-05-16 08:56:00', '2026-05-16 08:56:00');
insert into `p1p_dossier_process_route` (`process_route_id`, `component_type_id`, `part_definition_id`, `design_version_id`, `route_code`, `route_name`, `route_type`, `doc_version`, `release_status`, `created_at`, `updated_at`) values (9, 9, 9, 9, 'RT-LGACT-0009', 'Displacement Sensor Bracket Manufacturing Process Route', 'NORMAL', 'REV-5.0', 'NORMAL', '2026-05-17 09:03:00', '2026-05-17 09:03:00');
insert into `p1p_dossier_process_route` (`process_route_id`, `component_type_id`, `part_definition_id`, `design_version_id`, `route_code`, `route_name`, `route_type`, `doc_version`, `release_status`, `created_at`, `updated_at`) values (10, 10, 10, 10, 'RT-LGACT-0010', 'Locking Nut Manufacturing Process Route', 'WARNING', 'REV-1.0', 'WARNING', '2026-05-18 09:10:00', '2026-05-18 09:10:00');
insert into `p1p_dossier_purchase_order_line` (`purchase_order_line_id`, `purchase_order_id`, `material_id`, `line_no`, `amount`, `unit`, `required_date`, `delivery_date`, `line_status`) values (1, 1, 1, 2, 20.850, 'EA', '2026-05-09', '2026-05-09', 'NORMAL');
insert into `p1p_dossier_purchase_order_line` (`purchase_order_line_id`, `purchase_order_id`, `material_id`, `line_no`, `amount`, `unit`, `required_date`, `delivery_date`, `line_status`) values (2, 2, 2, 3, 0.080, 'SET', '2026-05-10', '2026-05-10', 'WARNING');
insert into `p1p_dossier_purchase_order_line` (`purchase_order_line_id`, `purchase_order_id`, `material_id`, `line_no`, `amount`, `unit`, `required_date`, `delivery_date`, `line_status`) values (3, 3, 3, 4, 155.150, 'KG', '2026-05-11', '2026-05-11', 'QUALIFIED');
insert into `p1p_dossier_purchase_order_line` (`purchase_order_line_id`, `purchase_order_id`, `material_id`, `line_no`, `amount`, `unit`, `required_date`, `delivery_date`, `line_status`) values (4, 4, 4, 5, 5.100, 'M', '2026-05-12', '2026-05-12', 'CLOSED');
insert into `p1p_dossier_purchase_order_line` (`purchase_order_line_id`, `purchase_order_id`, `material_id`, `line_no`, `amount`, `unit`, `required_date`, `delivery_date`, `line_status`) values (5, 5, 5, 6, 37.700, 'EA', '2026-05-13', '2026-05-13', 'NORMAL');
insert into `p1p_dossier_purchase_order_line` (`purchase_order_line_id`, `purchase_order_id`, `material_id`, `line_no`, `amount`, `unit`, `required_date`, `delivery_date`, `line_status`) values (6, 6, 6, 7, 0.150, 'SET', '2026-05-14', '2026-05-14', 'WARNING');
insert into `p1p_dossier_purchase_order_line` (`purchase_order_line_id`, `purchase_order_id`, `material_id`, `line_no`, `amount`, `unit`, `required_date`, `delivery_date`, `line_status`) values (7, 7, 7, 8, 23.400, 'KG', '2026-05-15', '2026-05-15', 'QUALIFIED');
insert into `p1p_dossier_purchase_order_line` (`purchase_order_line_id`, `purchase_order_id`, `material_id`, `line_no`, `amount`, `unit`, `required_date`, `delivery_date`, `line_status`) values (8, 8, 8, 9, 0.220, 'M', '2026-05-16', '2026-05-16', 'CLOSED');
insert into `p1p_dossier_purchase_order_line` (`purchase_order_line_id`, `purchase_order_id`, `material_id`, `line_no`, `amount`, `unit`, `required_date`, `delivery_date`, `line_status`) values (9, 9, 9, 1, 155.300, 'EA', '2026-05-17', '2026-05-17', 'NORMAL');
insert into `p1p_dossier_purchase_order_line` (`purchase_order_line_id`, `purchase_order_id`, `material_id`, `line_no`, `amount`, `unit`, `required_date`, `delivery_date`, `line_status`) values (10, 10, 10, 2, 4.500, 'SET', '2026-05-18', '2026-05-18', 'WARNING');
insert into `p1p_dossier_component_instance` (`component_instance_id`, `component_type_id`, `installed_position_id`, `design_version_id`, `component_serial_no`, `component_batch_no`, `quality_code`, `assembly_order_no`, `delivery_date`, `component_status`, `created_at`, `updated_at`) values (1, 1, 1, 1, 'LGACT-2026-0001', 'CB-LGACT-2026-0001', 'QC-LG-0001', 'WO-LG-2026-0001', '2026-05-09', 'NORMAL', '2026-05-09 08:07:00', '2026-05-09 08:07:00');
insert into `p1p_dossier_component_instance` (`component_instance_id`, `component_type_id`, `installed_position_id`, `design_version_id`, `component_serial_no`, `component_batch_no`, `quality_code`, `assembly_order_no`, `delivery_date`, `component_status`, `created_at`, `updated_at`) values (2, 2, 2, 2, 'LGACT-2026-0002', 'CB-LGACT-2026-0002', 'QC-LG-0002', 'WO-LG-2026-0002', '2026-05-10', 'WARNING', '2026-05-10 08:14:00', '2026-05-10 08:14:00');
insert into `p1p_dossier_component_instance` (`component_instance_id`, `component_type_id`, `installed_position_id`, `design_version_id`, `component_serial_no`, `component_batch_no`, `quality_code`, `assembly_order_no`, `delivery_date`, `component_status`, `created_at`, `updated_at`) values (3, 3, 3, 3, 'LGACT-2026-0003', 'CB-LGACT-2026-0003', 'QC-LG-0003', 'WO-LG-2026-0003', '2026-05-11', 'QUALIFIED', '2026-05-11 08:21:00', '2026-05-11 08:21:00');
insert into `p1p_dossier_component_instance` (`component_instance_id`, `component_type_id`, `installed_position_id`, `design_version_id`, `component_serial_no`, `component_batch_no`, `quality_code`, `assembly_order_no`, `delivery_date`, `component_status`, `created_at`, `updated_at`) values (4, 4, 4, 4, 'LGACT-2026-0004', 'CB-LGACT-2026-0004', 'QC-LG-0004', 'WO-LG-2026-0004', '2026-05-12', 'CLOSED', '2026-05-12 08:28:00', '2026-05-12 08:28:00');
insert into `p1p_dossier_component_instance` (`component_instance_id`, `component_type_id`, `installed_position_id`, `design_version_id`, `component_serial_no`, `component_batch_no`, `quality_code`, `assembly_order_no`, `delivery_date`, `component_status`, `created_at`, `updated_at`) values (5, 5, 5, 5, 'LGACT-2026-0005', 'CB-LGACT-2026-0005', 'QC-LG-0005', 'WO-LG-2026-0005', '2026-05-13', 'NORMAL', '2026-05-13 08:35:00', '2026-05-13 08:35:00');
insert into `p1p_dossier_component_instance` (`component_instance_id`, `component_type_id`, `installed_position_id`, `design_version_id`, `component_serial_no`, `component_batch_no`, `quality_code`, `assembly_order_no`, `delivery_date`, `component_status`, `created_at`, `updated_at`) values (6, 6, 6, 6, 'LGACT-2026-0006', 'CB-LGACT-2026-0006', 'QC-LG-0006', 'WO-LG-2026-0006', '2026-05-14', 'WARNING', '2026-05-14 08:42:00', '2026-05-14 08:42:00');
insert into `p1p_dossier_component_instance` (`component_instance_id`, `component_type_id`, `installed_position_id`, `design_version_id`, `component_serial_no`, `component_batch_no`, `quality_code`, `assembly_order_no`, `delivery_date`, `component_status`, `created_at`, `updated_at`) values (7, 7, 7, 7, 'LGACT-2026-0007', 'CB-LGACT-2026-0007', 'QC-LG-0007', 'WO-LG-2026-0007', '2026-05-15', 'QUALIFIED', '2026-05-15 08:49:00', '2026-05-15 08:49:00');
insert into `p1p_dossier_component_instance` (`component_instance_id`, `component_type_id`, `installed_position_id`, `design_version_id`, `component_serial_no`, `component_batch_no`, `quality_code`, `assembly_order_no`, `delivery_date`, `component_status`, `created_at`, `updated_at`) values (8, 8, 8, 8, 'LGACT-2026-0008', 'CB-LGACT-2026-0008', 'QC-LG-0008', 'WO-LG-2026-0008', '2026-05-16', 'CLOSED', '2026-05-16 08:56:00', '2026-05-16 08:56:00');
insert into `p1p_dossier_component_instance` (`component_instance_id`, `component_type_id`, `installed_position_id`, `design_version_id`, `component_serial_no`, `component_batch_no`, `quality_code`, `assembly_order_no`, `delivery_date`, `component_status`, `created_at`, `updated_at`) values (9, 9, 9, 9, 'LGACT-2026-0009', 'CB-LGACT-2026-0009', 'QC-LG-0009', 'WO-LG-2026-0009', '2026-05-17', 'NORMAL', '2026-05-17 09:03:00', '2026-05-17 09:03:00');
insert into `p1p_dossier_component_instance` (`component_instance_id`, `component_type_id`, `installed_position_id`, `design_version_id`, `component_serial_no`, `component_batch_no`, `quality_code`, `assembly_order_no`, `delivery_date`, `component_status`, `created_at`, `updated_at`) values (10, 10, 10, 10, 'LGACT-2026-0010', 'CB-LGACT-2026-0010', 'QC-LG-0010', 'WO-LG-2026-0010', '2026-05-18', 'WARNING', '2026-05-18 09:10:00', '2026-05-18 09:10:00');
insert into `p1p_dossier_operation_definition` (`operation_definition_id`, `process_route_id`, `operation_no`, `work_no`, `work_name`, `work_num`, `standard_time`, `required_equipment_type`) values (1, 1, 'OP020', 'WO-LG-2026-0001', 'Cylinder Barrel Rough Machining', 2, 21.000, 'NORMAL');
insert into `p1p_dossier_operation_definition` (`operation_definition_id`, `process_route_id`, `operation_no`, `work_no`, `work_name`, `work_num`, `standard_time`, `required_equipment_type`) values (2, 2, 'OP030', 'WO-LG-2026-0002', 'Piston Rod Precision Grinding', 3, 0.080, 'WARNING');
insert into `p1p_dossier_operation_definition` (`operation_definition_id`, `process_route_id`, `operation_no`, `work_no`, `work_name`, `work_num`, `standard_time`, `required_equipment_type`) values (3, 3, 'OP040', 'WO-LG-2026-0003', 'Inner Bore Honing', 4, 155.000, 'QUALIFIED');
insert into `p1p_dossier_operation_definition` (`operation_definition_id`, `process_route_id`, `operation_no`, `work_no`, `work_name`, `work_num`, `standard_time`, `required_equipment_type`) values (4, 4, 'OP050', 'WO-LG-2026-0004', 'Chrome Plating Layer Grinding', 5, 4.800, 'CLOSED');
insert into `p1p_dossier_operation_definition` (`operation_definition_id`, `process_route_id`, `operation_no`, `work_no`, `work_name`, `work_num`, `standard_time`, `required_equipment_type`) values (5, 5, 'OP060', 'WO-LG-2026-0005', 'Seal Component Assembly', 6, 38.000, 'NORMAL');
insert into `p1p_dossier_operation_definition` (`operation_definition_id`, `process_route_id`, `operation_no`, `work_no`, `work_name`, `work_num`, `standard_time`, `required_equipment_type`) values (6, 6, 'OP070', 'WO-LG-2026-0006', 'Actuator Final Assembly', 7, 0.180, 'WARNING');
insert into `p1p_dossier_operation_definition` (`operation_definition_id`, `process_route_id`, `operation_no`, `work_no`, `work_name`, `work_num`, `standard_time`, `required_equipment_type`) values (7, 7, 'OP080', 'WO-LG-2026-0007', 'Pressure Holding Test', 8, 21.000, 'QUALIFIED');
insert into `p1p_dossier_operation_definition` (`operation_definition_id`, `process_route_id`, `operation_no`, `work_no`, `work_name`, `work_num`, `standard_time`, `required_equipment_type`) values (8, 8, 'OP010', 'WO-LG-2026-0008', 'Extension and Retraction Function Test', 9, 0.080, 'CLOSED');
insert into `p1p_dossier_operation_definition` (`operation_definition_id`, `process_route_id`, `operation_no`, `work_no`, `work_name`, `work_num`, `standard_time`, `required_equipment_type`) values (9, 9, 'OP020', 'WO-LG-2026-0009', 'Cylinder Barrel Rough Machining', 1, 155.000, 'NORMAL');
insert into `p1p_dossier_operation_definition` (`operation_definition_id`, `process_route_id`, `operation_no`, `work_no`, `work_name`, `work_num`, `standard_time`, `required_equipment_type`) values (10, 10, 'OP030', 'WO-LG-2026-0010', 'Piston Rod Precision Grinding', 2, 4.800, 'WARNING');
insert into `p1p_dossier_supplier_batch` (`supplier_batch_id`, `purchase_order_line_id`, `supplier_id`, `material_id`, `supplier_batch_no`, `certificate_no`, `manufacture_date`, `expire_date`, `batch_status`) values (1, 1, 1, 1, 'SUP-LOT-2026-0001', 'CERTDOCN-0001', '2026-05-09', '2026-05-09', 'NORMAL');
insert into `p1p_dossier_supplier_batch` (`supplier_batch_id`, `purchase_order_line_id`, `supplier_id`, `material_id`, `supplier_batch_no`, `certificate_no`, `manufacture_date`, `expire_date`, `batch_status`) values (2, 2, 2, 2, 'SUP-LOT-2026-0002', 'CERTDOCN-0002', '2026-05-10', '2026-05-10', 'WARNING');
insert into `p1p_dossier_supplier_batch` (`supplier_batch_id`, `purchase_order_line_id`, `supplier_id`, `material_id`, `supplier_batch_no`, `certificate_no`, `manufacture_date`, `expire_date`, `batch_status`) values (3, 3, 3, 3, 'SUP-LOT-2026-0003', 'CERTDOCN-0003', '2026-05-11', '2026-05-11', 'QUALIFIED');
insert into `p1p_dossier_supplier_batch` (`supplier_batch_id`, `purchase_order_line_id`, `supplier_id`, `material_id`, `supplier_batch_no`, `certificate_no`, `manufacture_date`, `expire_date`, `batch_status`) values (4, 4, 4, 4, 'SUP-LOT-2026-0004', 'CERTDOCN-0004', '2026-05-12', '2026-05-12', 'CLOSED');
insert into `p1p_dossier_supplier_batch` (`supplier_batch_id`, `purchase_order_line_id`, `supplier_id`, `material_id`, `supplier_batch_no`, `certificate_no`, `manufacture_date`, `expire_date`, `batch_status`) values (5, 5, 5, 5, 'SUP-LOT-2026-0005', 'CERTDOCN-0005', '2026-05-13', '2026-05-13', 'NORMAL');
insert into `p1p_dossier_supplier_batch` (`supplier_batch_id`, `purchase_order_line_id`, `supplier_id`, `material_id`, `supplier_batch_no`, `certificate_no`, `manufacture_date`, `expire_date`, `batch_status`) values (6, 6, 6, 6, 'SUP-LOT-2026-0006', 'CERTDOCN-0006', '2026-05-14', '2026-05-14', 'WARNING');
insert into `p1p_dossier_supplier_batch` (`supplier_batch_id`, `purchase_order_line_id`, `supplier_id`, `material_id`, `supplier_batch_no`, `certificate_no`, `manufacture_date`, `expire_date`, `batch_status`) values (7, 7, 7, 7, 'SUP-LOT-2026-0007', 'CERTDOCN-0007', '2026-05-15', '2026-05-15', 'QUALIFIED');
insert into `p1p_dossier_supplier_batch` (`supplier_batch_id`, `purchase_order_line_id`, `supplier_id`, `material_id`, `supplier_batch_no`, `certificate_no`, `manufacture_date`, `expire_date`, `batch_status`) values (8, 8, 8, 8, 'SUP-LOT-2026-0008', 'CERTDOCN-0008', '2026-05-16', '2026-05-16', 'CLOSED');
insert into `p1p_dossier_supplier_batch` (`supplier_batch_id`, `purchase_order_line_id`, `supplier_id`, `material_id`, `supplier_batch_no`, `certificate_no`, `manufacture_date`, `expire_date`, `batch_status`) values (9, 9, 9, 9, 'SUP-LOT-2026-0009', 'CERTDOCN-0009', '2026-05-17', '2026-05-17', 'NORMAL');
insert into `p1p_dossier_supplier_batch` (`supplier_batch_id`, `purchase_order_line_id`, `supplier_id`, `material_id`, `supplier_batch_no`, `certificate_no`, `manufacture_date`, `expire_date`, `batch_status`) values (10, 10, 10, 10, 'SUP-LOT-2026-0010', 'CERTDOCN-0010', '2026-05-18', '2026-05-18', 'WARNING');
insert into `p1p_dossier_work_order` (`work_order_id`, `component_instance_id`, `part_definition_id`, `process_route_id`, `order_no`, `task_code`, `work_order_type`, `order_name`, `amount`, `priority_level`, `urgent_flag`, `plan_start_time`, `plan_finish_time`, `report_person_name`, `report_time`, `order_status`) values (1, 1, 1, 1, 'WO-LG-2026-0001', 'TASK-LG-0001', 'NORMAL', 'Cylinder Barrel Rough Machining', 2, 2, 1, '2026-05-09 08:07:00', '2026-05-09 08:01:00', 'Piston Rod Assembly aviation manufacturing business record used for actuator quality traceability.', '2026-05-09 08:07:00', 'RELEASED');
insert into `p1p_dossier_work_order` (`work_order_id`, `component_instance_id`, `part_definition_id`, `process_route_id`, `order_no`, `task_code`, `work_order_type`, `order_name`, `amount`, `priority_level`, `urgent_flag`, `plan_start_time`, `plan_finish_time`, `report_person_name`, `report_time`, `order_status`) values (2, 2, 2, 2, 'WO-LG-2026-0002', 'TASK-LG-0002', 'WARNING', 'Piston Rod Precision Grinding', 3, 3, 1, '2026-05-10 08:14:00', '2026-05-10 08:02:00', 'Cylinder Barrel Assembly aviation manufacturing business record used for actuator quality traceabili', '2026-05-10 08:14:00', 'RUNNING');
insert into `p1p_dossier_work_order` (`work_order_id`, `component_instance_id`, `part_definition_id`, `process_route_id`, `order_no`, `task_code`, `work_order_type`, `order_name`, `amount`, `priority_level`, `urgent_flag`, `plan_start_time`, `plan_finish_time`, `report_person_name`, `report_time`, `order_status`) values (3, 3, 3, 3, 'WO-LG-2026-0003', 'TASK-LG-0003', 'QUALIFIED', 'Inner Bore Honing', 4, 4, 0, '2026-05-11 08:21:00', '2026-05-11 08:03:00', 'Front End Cap aviation manufacturing business record used for actuator quality traceability.', '2026-05-11 08:21:00', 'COMPLETED');
insert into `p1p_dossier_work_order` (`work_order_id`, `component_instance_id`, `part_definition_id`, `process_route_id`, `order_no`, `task_code`, `work_order_type`, `order_name`, `amount`, `priority_level`, `urgent_flag`, `plan_start_time`, `plan_finish_time`, `report_person_name`, `report_time`, `order_status`) values (4, 4, 4, 4, 'WO-LG-2026-0004', 'TASK-LG-0004', 'CLOSED', 'Chrome Plating Layer Grinding', 5, 5, 1, '2026-05-12 08:28:00', '2026-05-12 08:04:00', 'Rear End Cap aviation manufacturing business record used for actuator quality traceability.', '2026-05-12 08:28:00', 'CLOSED');
insert into `p1p_dossier_work_order` (`work_order_id`, `component_instance_id`, `part_definition_id`, `process_route_id`, `order_no`, `task_code`, `work_order_type`, `order_name`, `amount`, `priority_level`, `urgent_flag`, `plan_start_time`, `plan_finish_time`, `report_person_name`, `report_time`, `order_status`) values (5, 5, 5, 5, 'WO-LG-2026-0005', 'TASK-LG-0005', 'NORMAL', 'Seal Component Assembly', 6, 6, 1, '2026-05-13 08:35:00', '2026-05-13 08:05:00', 'Seal Ring Assembly aviation manufacturing business record used for actuator quality traceability.', '2026-05-13 08:35:00', 'RELEASED');
insert into `p1p_dossier_work_order` (`work_order_id`, `component_instance_id`, `part_definition_id`, `process_route_id`, `order_no`, `task_code`, `work_order_type`, `order_name`, `amount`, `priority_level`, `urgent_flag`, `plan_start_time`, `plan_finish_time`, `report_person_name`, `report_time`, `order_status`) values (6, 6, 6, 6, 'WO-LG-2026-0006', 'TASK-LG-0006', 'WARNING', 'Actuator Final Assembly', 7, 7, 0, '2026-05-14 08:42:00', '2026-05-14 08:06:00', 'Trunnion Bushing aviation manufacturing business record used for actuator quality traceability.', '2026-05-14 08:42:00', 'RUNNING');
insert into `p1p_dossier_work_order` (`work_order_id`, `component_instance_id`, `part_definition_id`, `process_route_id`, `order_no`, `task_code`, `work_order_type`, `order_name`, `amount`, `priority_level`, `urgent_flag`, `plan_start_time`, `plan_finish_time`, `report_person_name`, `report_time`, `order_status`) values (7, 7, 7, 7, 'WO-LG-2026-0007', 'TASK-LG-0007', 'QUALIFIED', 'Pressure Holding Test', 8, 8, 1, '2026-05-15 08:49:00', '2026-05-15 08:07:00', 'Spherical Bearing aviation manufacturing business record used for actuator quality traceability.', '2026-05-15 08:49:00', 'COMPLETED');
insert into `p1p_dossier_work_order` (`work_order_id`, `component_instance_id`, `part_definition_id`, `process_route_id`, `order_no`, `task_code`, `work_order_type`, `order_name`, `amount`, `priority_level`, `urgent_flag`, `plan_start_time`, `plan_finish_time`, `report_person_name`, `report_time`, `order_status`) values (8, 8, 8, 8, 'WO-LG-2026-0008', 'TASK-LG-0008', 'CLOSED', 'Extension and Retraction Function Test', 9, 9, 1, '2026-05-16 08:56:00', '2026-05-16 08:08:00', 'Throttle Connector aviation manufacturing business record used for actuator quality traceability.', '2026-05-16 08:56:00', 'CLOSED');
insert into `p1p_dossier_work_order` (`work_order_id`, `component_instance_id`, `part_definition_id`, `process_route_id`, `order_no`, `task_code`, `work_order_type`, `order_name`, `amount`, `priority_level`, `urgent_flag`, `plan_start_time`, `plan_finish_time`, `report_person_name`, `report_time`, `order_status`) values (9, 9, 9, 9, 'WO-LG-2026-0009', 'TASK-LG-0009', 'NORMAL', 'Cylinder Barrel Rough Machining', 1, 1, 0, '2026-05-17 09:03:00', '2026-05-17 08:09:00', 'Displacement Sensor Bracket aviation manufacturing business record used for actuator quality traceab', '2026-05-17 09:03:00', 'RELEASED');
insert into `p1p_dossier_work_order` (`work_order_id`, `component_instance_id`, `part_definition_id`, `process_route_id`, `order_no`, `task_code`, `work_order_type`, `order_name`, `amount`, `priority_level`, `urgent_flag`, `plan_start_time`, `plan_finish_time`, `report_person_name`, `report_time`, `order_status`) values (10, 10, 10, 10, 'WO-LG-2026-0010', 'TASK-LG-0010', 'WARNING', 'Piston Rod Precision Grinding', 2, 2, 1, '2026-05-18 09:10:00', '2026-05-18 08:10:00', 'Locking Nut aviation manufacturing business record used for actuator quality traceability.', '2026-05-18 09:10:00', 'RUNNING');
insert into `p1p_dossier_maintenance_event` (`maintenance_event_id`, `component_instance_id`, `installed_position_id`, `event_no`, `service_date`, `event_type`, `service_unit_code`, `service_unit_name`, `event_status`) values (1, 1, 1, 'MRO-EVT-0001', '2026-05-09 08:07:00', 'FIELD_REPAIR', 'EA', 'EA', 'NORMAL');
insert into `p1p_dossier_maintenance_event` (`maintenance_event_id`, `component_instance_id`, `installed_position_id`, `event_no`, `service_date`, `event_type`, `service_unit_code`, `service_unit_name`, `event_status`) values (2, 2, 2, 'MRO-EVT-0002', '2026-05-10 08:14:00', 'SHOP_REPAIR', 'EA', 'EA', 'WARNING');
insert into `p1p_dossier_maintenance_event` (`maintenance_event_id`, `component_instance_id`, `installed_position_id`, `event_no`, `service_date`, `event_type`, `service_unit_code`, `service_unit_name`, `event_status`) values (3, 3, 3, 'MRO-EVT-0003', '2026-05-11 08:21:00', 'INSPECTION', 'EA', 'EA', 'QUALIFIED');
insert into `p1p_dossier_maintenance_event` (`maintenance_event_id`, `component_instance_id`, `installed_position_id`, `event_no`, `service_date`, `event_type`, `service_unit_code`, `service_unit_name`, `event_status`) values (4, 4, 4, 'MRO-EVT-0004', '2026-05-12 08:28:00', 'RETROFIT', 'EA', 'EA', 'CLOSED');
insert into `p1p_dossier_maintenance_event` (`maintenance_event_id`, `component_instance_id`, `installed_position_id`, `event_no`, `service_date`, `event_type`, `service_unit_code`, `service_unit_name`, `event_status`) values (5, 5, 5, 'MRO-EVT-0005', '2026-05-13 08:35:00', 'FIELD_REPAIR', 'EA', 'EA', 'NORMAL');
insert into `p1p_dossier_maintenance_event` (`maintenance_event_id`, `component_instance_id`, `installed_position_id`, `event_no`, `service_date`, `event_type`, `service_unit_code`, `service_unit_name`, `event_status`) values (6, 6, 6, 'MRO-EVT-0006', '2026-05-14 08:42:00', 'SHOP_REPAIR', 'EA', 'EA', 'WARNING');
insert into `p1p_dossier_maintenance_event` (`maintenance_event_id`, `component_instance_id`, `installed_position_id`, `event_no`, `service_date`, `event_type`, `service_unit_code`, `service_unit_name`, `event_status`) values (7, 7, 7, 'MRO-EVT-0007', '2026-05-15 08:49:00', 'INSPECTION', 'EA', 'EA', 'QUALIFIED');
insert into `p1p_dossier_maintenance_event` (`maintenance_event_id`, `component_instance_id`, `installed_position_id`, `event_no`, `service_date`, `event_type`, `service_unit_code`, `service_unit_name`, `event_status`) values (8, 8, 8, 'MRO-EVT-0008', '2026-05-16 08:56:00', 'RETROFIT', 'EA', 'EA', 'CLOSED');
insert into `p1p_dossier_maintenance_event` (`maintenance_event_id`, `component_instance_id`, `installed_position_id`, `event_no`, `service_date`, `event_type`, `service_unit_code`, `service_unit_name`, `event_status`) values (9, 9, 9, 'MRO-EVT-0009', '2026-05-17 09:03:00', 'FIELD_REPAIR', 'EA', 'EA', 'NORMAL');
insert into `p1p_dossier_maintenance_event` (`maintenance_event_id`, `component_instance_id`, `installed_position_id`, `event_no`, `service_date`, `event_type`, `service_unit_code`, `service_unit_name`, `event_status`) values (10, 10, 10, 'MRO-EVT-0010', '2026-05-18 09:10:00', 'SHOP_REPAIR', 'EA', 'EA', 'WARNING');
insert into `p1p_dossier_parameter_standard` (`parameter_standard_id`, `operation_definition_id`, `parameter_code`, `parameter_name`, `parameter_unit`, `standard_value`, `lower_limit`, `upper_limit`, `control_level`) values (1, 1, 'PAR-HYD-02', 'Extension and Retraction Pressure', 'MPA', 21.000, 19.500, 22.500, 'NORMAL');
insert into `p1p_dossier_parameter_standard` (`parameter_standard_id`, `operation_definition_id`, `parameter_code`, `parameter_name`, `parameter_unit`, `standard_value`, `lower_limit`, `upper_limit`, `control_level`) values (2, 2, 'PAR-HYD-03', 'Pressure Holding Leakage Rate', 'MM', 0.080, 0.000, 0.150, 'WARNING');
insert into `p1p_dossier_parameter_standard` (`parameter_standard_id`, `operation_definition_id`, `parameter_code`, `parameter_name`, `parameter_unit`, `standard_value`, `lower_limit`, `upper_limit`, `control_level`) values (3, 3, 'PAR-HYD-04', 'Piston Rod Extension Stroke', 'ML_MIN', 155.000, 153.000, 157.000, 'QUALIFIED');
insert into `p1p_dossier_parameter_standard` (`parameter_standard_id`, `operation_definition_id`, `parameter_code`, `parameter_name`, `parameter_unit`, `standard_value`, `lower_limit`, `upper_limit`, `control_level`) values (4, 4, 'PAR-HYD-05', 'Actuation Time', 'SEC', 4.800, 4.000, 5.500, 'CLOSED');
insert into `p1p_dossier_parameter_standard` (`parameter_standard_id`, `operation_definition_id`, `parameter_code`, `parameter_name`, `parameter_unit`, `standard_value`, `lower_limit`, `upper_limit`, `control_level`) values (5, 5, 'PAR-HYD-06', 'Hydraulic Oil Temperature', 'MPA', 38.000, 20.000, 55.000, 'NORMAL');
insert into `p1p_dossier_parameter_standard` (`parameter_standard_id`, `operation_definition_id`, `parameter_code`, `parameter_name`, `parameter_unit`, `standard_value`, `lower_limit`, `upper_limit`, `control_level`) values (6, 6, 'PAR-HYD-01', 'Locking Clearance', 'MM', 0.180, 0.100, 0.250, 'WARNING');
insert into `p1p_dossier_parameter_standard` (`parameter_standard_id`, `operation_definition_id`, `parameter_code`, `parameter_name`, `parameter_unit`, `standard_value`, `lower_limit`, `upper_limit`, `control_level`) values (7, 7, 'PAR-HYD-02', 'Extension and Retraction Pressure', 'ML_MIN', 21.000, 19.500, 22.500, 'QUALIFIED');
insert into `p1p_dossier_parameter_standard` (`parameter_standard_id`, `operation_definition_id`, `parameter_code`, `parameter_name`, `parameter_unit`, `standard_value`, `lower_limit`, `upper_limit`, `control_level`) values (8, 8, 'PAR-HYD-03', 'Pressure Holding Leakage Rate', 'SEC', 0.080, 0.000, 0.150, 'CLOSED');
insert into `p1p_dossier_parameter_standard` (`parameter_standard_id`, `operation_definition_id`, `parameter_code`, `parameter_name`, `parameter_unit`, `standard_value`, `lower_limit`, `upper_limit`, `control_level`) values (9, 9, 'PAR-HYD-04', 'Piston Rod Extension Stroke', 'MPA', 155.000, 153.000, 157.000, 'NORMAL');
insert into `p1p_dossier_parameter_standard` (`parameter_standard_id`, `operation_definition_id`, `parameter_code`, `parameter_name`, `parameter_unit`, `standard_value`, `lower_limit`, `upper_limit`, `control_level`) values (10, 10, 'PAR-HYD-05', 'Actuation Time', 'MM', 4.800, 4.000, 5.500, 'WARNING');
insert into `p1p_dossier_inspection_spec` (`inspection_spec_id`, `operation_definition_id`, `component_type_id`, `part_definition_id`, `spec_code`, `spec_name`, `inspection_type`, `item_code`, `item_name`, `acceptance_criteria`) values (1, 1, 1, 1, 'INSPSPEC-0001', 'Piston Rod Chrome Plating Visual Inspection Specification', 'IN_PROCESS', 'CHK-02', 'Piston Rod Chrome Plating Visual Inspection', 'Piston Rod Chrome Plating Visual Inspection result is qualified, with recorded value 20.850 MPa.');
insert into `p1p_dossier_inspection_spec` (`inspection_spec_id`, `operation_definition_id`, `component_type_id`, `part_definition_id`, `spec_code`, `spec_name`, `inspection_type`, `item_code`, `item_name`, `acceptance_criteria`) values (2, 2, 2, 2, 'INSPSPEC-0002', 'Cylinder Barrel Inner Bore Dimension Measurement Specification', 'FINAL', 'CHK-03', 'Cylinder Barrel Inner Bore Dimension Measurement', 'Cylinder Barrel Inner Bore Dimension Measurement result is qualified, with recorded value 0.080 mL/min.');
insert into `p1p_dossier_inspection_spec` (`inspection_spec_id`, `operation_definition_id`, `component_type_id`, `part_definition_id`, `spec_code`, `spec_name`, `inspection_type`, `item_code`, `item_name`, `acceptance_criteria`) values (3, 3, 3, 3, 'INSPSPEC-0003', 'Sealing Performance Inspection Specification', 'INCOMING', 'CHK-04', 'Sealing Performance Inspection', 'Sealing Performance Inspection result is qualified, with recorded value 155.150 mm.');
insert into `p1p_dossier_inspection_spec` (`inspection_spec_id`, `operation_definition_id`, `component_type_id`, `part_definition_id`, `spec_code`, `spec_name`, `inspection_type`, `item_code`, `item_name`, `acceptance_criteria`) values (4, 4, 4, 4, 'INSPSPEC-0004', 'Pressure Holding Leakage Rate Recheck Specification', 'SERVICE', 'CHK-05', 'Pressure Holding Leakage Rate Recheck', 'Pressure Holding Leakage Rate Recheck result is qualified, with recorded value 5.100 s.');
insert into `p1p_dossier_inspection_spec` (`inspection_spec_id`, `operation_definition_id`, `component_type_id`, `part_definition_id`, `spec_code`, `spec_name`, `inspection_type`, `item_code`, `item_name`, `acceptance_criteria`) values (5, 5, 5, 5, 'INSPSPEC-0005', 'Extension and Retraction Stroke Measurement Specification', 'IN_PROCESS', 'CHK-06', 'Extension and Retraction Stroke Measurement', 'Extension and Retraction Stroke Measurement result is qualified, with recorded value 37.7 C.');
insert into `p1p_dossier_inspection_spec` (`inspection_spec_id`, `operation_definition_id`, `component_type_id`, `part_definition_id`, `spec_code`, `spec_name`, `inspection_type`, `item_code`, `item_name`, `acceptance_criteria`) values (6, 6, 6, 6, 'INSPSPEC-0006', 'Trunnion Bushing Fit Clearance Inspection Specification', 'FINAL', 'CHK-07', 'Trunnion Bushing Fit Clearance Inspection', 'Trunnion Bushing Fit Clearance Inspection result is qualified, with recorded value 0.150 mm.');
insert into `p1p_dossier_inspection_spec` (`inspection_spec_id`, `operation_definition_id`, `component_type_id`, `part_definition_id`, `spec_code`, `spec_name`, `inspection_type`, `item_code`, `item_name`, `acceptance_criteria`) values (7, 7, 7, 7, 'INSPSPEC-0007', 'Hydraulic Fitting Leakage Inspection Specification', 'INCOMING', 'CHK-08', 'Hydraulic Fitting Leakage Inspection', 'Hydraulic Fitting Leakage Inspection result is nonconforming, with recorded value 23.400 MPa.');
insert into `p1p_dossier_inspection_spec` (`inspection_spec_id`, `operation_definition_id`, `component_type_id`, `part_definition_id`, `spec_code`, `spec_name`, `inspection_type`, `item_code`, `item_name`, `acceptance_criteria`) values (8, 8, 8, 8, 'INSPSPEC-0008', 'Final Functional Test Specification', 'SERVICE', 'CHK-01', 'Final Functional Test', 'Final Functional Test result is nonconforming, with recorded value 0.220 mL/min.');
insert into `p1p_dossier_inspection_spec` (`inspection_spec_id`, `operation_definition_id`, `component_type_id`, `part_definition_id`, `spec_code`, `spec_name`, `inspection_type`, `item_code`, `item_name`, `acceptance_criteria`) values (9, 9, 9, 9, 'INSPSPEC-0009', 'Piston Rod Chrome Plating Visual Inspection Specification', 'IN_PROCESS', 'CHK-02', 'Piston Rod Chrome Plating Visual Inspection', 'Piston Rod Chrome Plating Visual Inspection result is qualified, with recorded value 155.300 mm.');
insert into `p1p_dossier_inspection_spec` (`inspection_spec_id`, `operation_definition_id`, `component_type_id`, `part_definition_id`, `spec_code`, `spec_name`, `inspection_type`, `item_code`, `item_name`, `acceptance_criteria`) values (10, 10, 10, 10, 'INSPSPEC-0010', 'Cylinder Barrel Inner Bore Dimension Measurement Specification', 'FINAL', 'CHK-03', 'Cylinder Barrel Inner Bore Dimension Measurement', 'Cylinder Barrel Inner Bore Dimension Measurement result is qualified, with recorded value 4.500 s.');
insert into `p1p_dossier_inventory_batch` (`inventory_batch_id`, `supplier_batch_id`, `material_id`, `inventory_batch_no`, `warehouse_code`, `location_code`, `amount`, `unit`, `batch_status`) values (1, 1, 1, 'INV-LOT-2026-0001', 'WH-CF-HYD-02', 'BIN-LG-02-0001', 20.850, 'EA', 'NORMAL');
insert into `p1p_dossier_inventory_batch` (`inventory_batch_id`, `supplier_batch_id`, `material_id`, `inventory_batch_no`, `warehouse_code`, `location_code`, `amount`, `unit`, `batch_status`) values (2, 2, 2, 'INV-LOT-2026-0002', 'WH-CF-HYD-03', 'BIN-LG-03-0002', 0.080, 'SET', 'WARNING');
insert into `p1p_dossier_inventory_batch` (`inventory_batch_id`, `supplier_batch_id`, `material_id`, `inventory_batch_no`, `warehouse_code`, `location_code`, `amount`, `unit`, `batch_status`) values (3, 3, 3, 'INV-LOT-2026-0003', 'WH-CF-HYD-04', 'BIN-LG-04-0003', 155.150, 'KG', 'QUALIFIED');
insert into `p1p_dossier_inventory_batch` (`inventory_batch_id`, `supplier_batch_id`, `material_id`, `inventory_batch_no`, `warehouse_code`, `location_code`, `amount`, `unit`, `batch_status`) values (4, 4, 4, 'INV-LOT-2026-0004', 'WH-CF-HYD-01', 'BIN-LG-05-0004', 5.100, 'M', 'CLOSED');
insert into `p1p_dossier_inventory_batch` (`inventory_batch_id`, `supplier_batch_id`, `material_id`, `inventory_batch_no`, `warehouse_code`, `location_code`, `amount`, `unit`, `batch_status`) values (5, 5, 5, 'INV-LOT-2026-0005', 'WH-CF-HYD-02', 'BIN-LG-06-0005', 37.700, 'EA', 'NORMAL');
insert into `p1p_dossier_inventory_batch` (`inventory_batch_id`, `supplier_batch_id`, `material_id`, `inventory_batch_no`, `warehouse_code`, `location_code`, `amount`, `unit`, `batch_status`) values (6, 6, 6, 'INV-LOT-2026-0006', 'WH-CF-HYD-03', 'BIN-LG-07-0006', 0.150, 'SET', 'WARNING');
insert into `p1p_dossier_inventory_batch` (`inventory_batch_id`, `supplier_batch_id`, `material_id`, `inventory_batch_no`, `warehouse_code`, `location_code`, `amount`, `unit`, `batch_status`) values (7, 7, 7, 'INV-LOT-2026-0007', 'WH-CF-HYD-04', 'BIN-LG-08-0007', 23.400, 'KG', 'QUALIFIED');
insert into `p1p_dossier_inventory_batch` (`inventory_batch_id`, `supplier_batch_id`, `material_id`, `inventory_batch_no`, `warehouse_code`, `location_code`, `amount`, `unit`, `batch_status`) values (8, 8, 8, 'INV-LOT-2026-0008', 'WH-CF-HYD-01', 'BIN-LG-09-0008', 0.220, 'M', 'CLOSED');
insert into `p1p_dossier_inventory_batch` (`inventory_batch_id`, `supplier_batch_id`, `material_id`, `inventory_batch_no`, `warehouse_code`, `location_code`, `amount`, `unit`, `batch_status`) values (9, 9, 9, 'INV-LOT-2026-0009', 'WH-CF-HYD-02', 'BIN-LG-10-0009', 155.300, 'EA', 'NORMAL');
insert into `p1p_dossier_inventory_batch` (`inventory_batch_id`, `supplier_batch_id`, `material_id`, `inventory_batch_no`, `warehouse_code`, `location_code`, `amount`, `unit`, `batch_status`) values (10, 10, 10, 'INV-LOT-2026-0010', 'WH-CF-HYD-03', 'BIN-LG-11-0010', 4.500, 'SET', 'WARNING');
insert into `p1p_dossier_production_batch` (`production_batch_id`, `work_order_id`, `part_definition_id`, `production_batch_no`, `batch_amount`, `start_time`, `finish_time`, `batch_status`, `quality_code`) values (1, 1, 1, 'BATCHNO-0001', 2, '2026-05-09 08:07:00', '2026-05-09 08:07:00', 'NORMAL', 'QC-LG-0001');
insert into `p1p_dossier_production_batch` (`production_batch_id`, `work_order_id`, `part_definition_id`, `production_batch_no`, `batch_amount`, `start_time`, `finish_time`, `batch_status`, `quality_code`) values (2, 2, 2, 'BATCHNO-0002', 3, '2026-05-10 08:14:00', '2026-05-10 08:14:00', 'WARNING', 'QC-LG-0002');
insert into `p1p_dossier_production_batch` (`production_batch_id`, `work_order_id`, `part_definition_id`, `production_batch_no`, `batch_amount`, `start_time`, `finish_time`, `batch_status`, `quality_code`) values (3, 3, 3, 'BATCHNO-0003', 4, '2026-05-11 08:21:00', '2026-05-11 08:21:00', 'QUALIFIED', 'QC-LG-0003');
insert into `p1p_dossier_production_batch` (`production_batch_id`, `work_order_id`, `part_definition_id`, `production_batch_no`, `batch_amount`, `start_time`, `finish_time`, `batch_status`, `quality_code`) values (4, 4, 4, 'BATCHNO-0004', 5, '2026-05-12 08:28:00', '2026-05-12 08:28:00', 'CLOSED', 'QC-LG-0004');
insert into `p1p_dossier_production_batch` (`production_batch_id`, `work_order_id`, `part_definition_id`, `production_batch_no`, `batch_amount`, `start_time`, `finish_time`, `batch_status`, `quality_code`) values (5, 5, 5, 'BATCHNO-0005', 6, '2026-05-13 08:35:00', '2026-05-13 08:35:00', 'NORMAL', 'QC-LG-0005');
insert into `p1p_dossier_production_batch` (`production_batch_id`, `work_order_id`, `part_definition_id`, `production_batch_no`, `batch_amount`, `start_time`, `finish_time`, `batch_status`, `quality_code`) values (6, 6, 6, 'BATCHNO-0006', 7, '2026-05-14 08:42:00', '2026-05-14 08:42:00', 'WARNING', 'QC-LG-0006');
insert into `p1p_dossier_production_batch` (`production_batch_id`, `work_order_id`, `part_definition_id`, `production_batch_no`, `batch_amount`, `start_time`, `finish_time`, `batch_status`, `quality_code`) values (7, 7, 7, 'BATCHNO-0007', 8, '2026-05-15 08:49:00', '2026-05-15 08:49:00', 'QUALIFIED', 'QC-LG-0007');
insert into `p1p_dossier_production_batch` (`production_batch_id`, `work_order_id`, `part_definition_id`, `production_batch_no`, `batch_amount`, `start_time`, `finish_time`, `batch_status`, `quality_code`) values (8, 8, 8, 'BATCHNO-0008', 9, '2026-05-16 08:56:00', '2026-05-16 08:56:00', 'CLOSED', 'QC-LG-0008');
insert into `p1p_dossier_production_batch` (`production_batch_id`, `work_order_id`, `part_definition_id`, `production_batch_no`, `batch_amount`, `start_time`, `finish_time`, `batch_status`, `quality_code`) values (9, 9, 9, 'BATCHNO-0009', 1, '2026-05-17 09:03:00', '2026-05-17 09:03:00', 'NORMAL', 'QC-LG-0009');
insert into `p1p_dossier_production_batch` (`production_batch_id`, `work_order_id`, `part_definition_id`, `production_batch_no`, `batch_amount`, `start_time`, `finish_time`, `batch_status`, `quality_code`) values (10, 10, 10, 'BATCHNO-0010', 2, '2026-05-18 09:10:00', '2026-05-18 09:10:00', 'WARNING', 'QC-LG-0010');
insert into `p1p_dossier_maintenance_order` (`maintenance_order_id`, `maintenance_event_id`, `component_instance_id`, `work_order_id`, `maintenance_order_no`, `task_name`, `plan_start_time`, `plan_finish_time`, `order_status`, `report_person_name`) values (1, 1, 1, 1, 'WO-LG-2026-0001', 'Piston Rod Assembly 001', '2026-05-09 08:07:00', '2026-05-09 08:07:00', 'NORMAL', 'Field feedback reported Chrome Plating Scratch on Piston Rod; the maintenance record has been linked');
insert into `p1p_dossier_maintenance_order` (`maintenance_order_id`, `maintenance_event_id`, `component_instance_id`, `work_order_id`, `maintenance_order_no`, `task_name`, `plan_start_time`, `plan_finish_time`, `order_status`, `report_person_name`) values (2, 2, 2, 2, 'WO-LG-2026-0002', 'Cylinder Barrel Assembly 002', '2026-05-10 08:14:00', '2026-05-10 08:14:00', 'WARNING', 'Field feedback reported Seal Ring Compression Damage; the maintenance record has been linked to the ');
insert into `p1p_dossier_maintenance_order` (`maintenance_order_id`, `maintenance_event_id`, `component_instance_id`, `work_order_id`, `maintenance_order_no`, `task_name`, `plan_start_time`, `plan_finish_time`, `order_status`, `report_person_name`) values (3, 3, 3, 3, 'WO-LG-2026-0003', 'Front End Cap 003', '2026-05-11 08:21:00', '2026-05-11 08:21:00', 'QUALIFIED', 'Field feedback reported Scratch on Cylinder Barrel Inner Wall; the maintenance record has been linke');
insert into `p1p_dossier_maintenance_order` (`maintenance_order_id`, `maintenance_event_id`, `component_instance_id`, `work_order_id`, `maintenance_order_no`, `task_name`, `plan_start_time`, `plan_finish_time`, `order_status`, `report_person_name`) values (4, 4, 4, 4, 'WO-LG-2026-0004', 'Rear End Cap 004', '2026-05-12 08:28:00', '2026-05-12 08:28:00', 'CLOSED', 'Field feedback reported Pressure Holding Leakage Rate Out of Tolerance; the maintenance record has b');
insert into `p1p_dossier_maintenance_order` (`maintenance_order_id`, `maintenance_event_id`, `component_instance_id`, `work_order_id`, `maintenance_order_no`, `task_name`, `plan_start_time`, `plan_finish_time`, `order_status`, `report_person_name`) values (5, 5, 5, 5, 'WO-LG-2026-0005', 'Seal Ring Assembly 005', '2026-05-13 08:35:00', '2026-05-13 08:35:00', 'NORMAL', 'Field feedback reported Actuation Hysteresis; the maintenance record has been linked to the replaced');
insert into `p1p_dossier_maintenance_order` (`maintenance_order_id`, `maintenance_event_id`, `component_instance_id`, `work_order_id`, `maintenance_order_no`, `task_name`, `plan_start_time`, `plan_finish_time`, `order_status`, `report_person_name`) values (6, 6, 6, 6, 'WO-LG-2026-0006', 'Trunnion Bushing 006', '2026-05-14 08:42:00', '2026-05-14 08:42:00', 'WARNING', 'Field feedback reported Minor Leakage at Hydraulic Fitting; the maintenance record has been linked t');
insert into `p1p_dossier_maintenance_order` (`maintenance_order_id`, `maintenance_event_id`, `component_instance_id`, `work_order_id`, `maintenance_order_no`, `task_name`, `plan_start_time`, `plan_finish_time`, `order_status`, `report_person_name`) values (7, 7, 7, 7, 'WO-LG-2026-0007', 'Spherical Bearing 007', '2026-05-15 08:49:00', '2026-05-15 08:49:00', 'QUALIFIED', 'Field feedback reported Excessive Trunnion Bushing Clearance; the maintenance record has been linked');
insert into `p1p_dossier_maintenance_order` (`maintenance_order_id`, `maintenance_event_id`, `component_instance_id`, `work_order_id`, `maintenance_order_no`, `task_name`, `plan_start_time`, `plan_finish_time`, `order_status`, `report_person_name`) values (8, 8, 8, 8, 'WO-LG-2026-0008', 'Throttle Connector 008', '2026-05-16 08:56:00', '2026-05-16 08:56:00', 'CLOSED', 'Field feedback reported Loose Displacement Sensor Bracket; the maintenance record has been linked to');
insert into `p1p_dossier_maintenance_order` (`maintenance_order_id`, `maintenance_event_id`, `component_instance_id`, `work_order_id`, `maintenance_order_no`, `task_name`, `plan_start_time`, `plan_finish_time`, `order_status`, `report_person_name`) values (9, 9, 9, 9, 'WO-LG-2026-0009', 'Displacement Sensor Bracket 009', '2026-05-17 09:03:00', '2026-05-17 09:03:00', 'NORMAL', 'Field feedback reported Chrome Plating Scratch on Piston Rod; the maintenance record has been linked');
insert into `p1p_dossier_maintenance_order` (`maintenance_order_id`, `maintenance_event_id`, `component_instance_id`, `work_order_id`, `maintenance_order_no`, `task_name`, `plan_start_time`, `plan_finish_time`, `order_status`, `report_person_name`) values (10, 10, 10, 10, 'WO-LG-2026-0010', 'Locking Nut 010', '2026-05-18 09:10:00', '2026-05-18 09:10:00', 'WARNING', 'Field feedback reported Seal Ring Compression Damage; the maintenance record has been linked to the ');
insert into `p1p_dossier_fault_record` (`fault_record_id`, `maintenance_event_id`, `component_instance_id`, `fault_code`, `fault_name`, `fault_desc`, `fault_position`, `find_date`, `finder_name`, `severity_level`) values (1, 1, 1, 'DEF-HYD-02', 'Chrome Plating Scratch on Piston Rod', 'Field feedback reported Chrome Plating Scratch on Piston Rod; the maintenance record has been linked to the replaced part and the original manufacturing batch.', 'Field feedback reported Chrome Plating Scratch on Piston Rod; the maintenance record has been linked to the replaced part and the original manufacturing batch.', '2026-05-09 08:07:00', 'Zhang Jiancheng', 'MINOR');
insert into `p1p_dossier_fault_record` (`fault_record_id`, `maintenance_event_id`, `component_instance_id`, `fault_code`, `fault_name`, `fault_desc`, `fault_position`, `find_date`, `finder_name`, `severity_level`) values (2, 2, 2, 'DEF-HYD-03', 'Seal Ring Compression Damage', 'Field feedback reported Seal Ring Compression Damage; the maintenance record has been linked to the replaced part and the original manufacturing batch.', 'Field feedback reported Seal Ring Compression Damage; the maintenance record has been linked to the replaced part and the original manufacturing batch.', '2026-05-10 08:14:00', 'Li Hang', 'MAJOR');
insert into `p1p_dossier_fault_record` (`fault_record_id`, `maintenance_event_id`, `component_instance_id`, `fault_code`, `fault_name`, `fault_desc`, `fault_position`, `find_date`, `finder_name`, `severity_level`) values (3, 3, 3, 'DEF-HYD-04', 'Scratch on Cylinder Barrel Inner Wall', 'Field feedback reported Scratch on Cylinder Barrel Inner Wall; the maintenance record has been linked to the replaced part and the original manufacturing batch.', 'Field feedback reported Scratch on Cylinder Barrel Inner Wall; the maintenance record has been linked to the replaced part and the original manufacturing batch.', '2026-05-11 08:21:00', 'Wang Lijun', 'CRITICAL');
insert into `p1p_dossier_fault_record` (`fault_record_id`, `maintenance_event_id`, `component_instance_id`, `fault_code`, `fault_name`, `fault_desc`, `fault_position`, `find_date`, `finder_name`, `severity_level`) values (4, 4, 4, 'DEF-HYD-05', 'Pressure Holding Leakage Rate Out of Tolerance', 'Field feedback reported Pressure Holding Leakage Rate Out of Tolerance; the maintenance record has been linked to the replaced part and the original manufacturing batch.', 'Field feedback reported Pressure Holding Leakage Rate Out of Tolerance; the maintenance record has been linked to the replaced part and the original manufacturing batch.', '2026-05-12 08:28:00', 'Zhao Min', 'WARNING');
insert into `p1p_dossier_fault_record` (`fault_record_id`, `maintenance_event_id`, `component_instance_id`, `fault_code`, `fault_name`, `fault_desc`, `fault_position`, `find_date`, `finder_name`, `severity_level`) values (5, 5, 5, 'DEF-HYD-06', 'Actuation Hysteresis', 'Field feedback reported Actuation Hysteresis; the maintenance record has been linked to the replaced part and the original manufacturing batch.', 'Field feedback reported Actuation Hysteresis; the maintenance record has been linked to the replaced part and the original manufacturing batch.', '2026-05-13 08:35:00', 'Chen Gong', 'MINOR');
insert into `p1p_dossier_fault_record` (`fault_record_id`, `maintenance_event_id`, `component_instance_id`, `fault_code`, `fault_name`, `fault_desc`, `fault_position`, `find_date`, `finder_name`, `severity_level`) values (6, 6, 6, 'DEF-HYD-07', 'Minor Leakage at Hydraulic Fitting', 'Field feedback reported Minor Leakage at Hydraulic Fitting; the maintenance record has been linked to the replaced part and the original manufacturing batch.', 'Field feedback reported Minor Leakage at Hydraulic Fitting; the maintenance record has been linked to the replaced part and the original manufacturing batch.', '2026-05-14 08:42:00', 'Liu Xiaofeng', 'MAJOR');
insert into `p1p_dossier_fault_record` (`fault_record_id`, `maintenance_event_id`, `component_instance_id`, `fault_code`, `fault_name`, `fault_desc`, `fault_position`, `find_date`, `finder_name`, `severity_level`) values (7, 7, 7, 'DEF-HYD-08', 'Excessive Trunnion Bushing Clearance', 'Field feedback reported Excessive Trunnion Bushing Clearance; the maintenance record has been linked to the replaced part and the original manufacturing batch.', 'Field feedback reported Excessive Trunnion Bushing Clearance; the maintenance record has been linked to the replaced part and the original manufacturing batch.', '2026-05-15 08:49:00', 'Zhou Qian', 'CRITICAL');
insert into `p1p_dossier_fault_record` (`fault_record_id`, `maintenance_event_id`, `component_instance_id`, `fault_code`, `fault_name`, `fault_desc`, `fault_position`, `find_date`, `finder_name`, `severity_level`) values (8, 8, 8, 'DEF-HYD-09', 'Loose Displacement Sensor Bracket', 'Field feedback reported Loose Displacement Sensor Bracket; the maintenance record has been linked to the replaced part and the original manufacturing batch.', 'Field feedback reported Loose Displacement Sensor Bracket; the maintenance record has been linked to the replaced part and the original manufacturing batch.', '2026-05-16 08:56:00', 'Huang Zhiqiang', 'WARNING');
insert into `p1p_dossier_fault_record` (`fault_record_id`, `maintenance_event_id`, `component_instance_id`, `fault_code`, `fault_name`, `fault_desc`, `fault_position`, `find_date`, `finder_name`, `severity_level`) values (9, 9, 9, 'DEF-HYD-01', 'Chrome Plating Scratch on Piston Rod', 'Field feedback reported Chrome Plating Scratch on Piston Rod; the maintenance record has been linked to the replaced part and the original manufacturing batch.', 'Field feedback reported Chrome Plating Scratch on Piston Rod; the maintenance record has been linked to the replaced part and the original manufacturing batch.', '2026-05-17 09:03:00', 'Sun Wei', 'MINOR');
insert into `p1p_dossier_fault_record` (`fault_record_id`, `maintenance_event_id`, `component_instance_id`, `fault_code`, `fault_name`, `fault_desc`, `fault_position`, `find_date`, `finder_name`, `severity_level`) values (10, 10, 10, 'DEF-HYD-02', 'Seal Ring Compression Damage', 'Field feedback reported Seal Ring Compression Damage; the maintenance record has been linked to the replaced part and the original manufacturing batch.', 'Field feedback reported Seal Ring Compression Damage; the maintenance record has been linked to the replaced part and the original manufacturing batch.', '2026-05-18 09:10:00', 'Ma Rui', 'MAJOR');
insert into `p1p_dossier_receiving_record` (`receiving_record_id`, `inventory_batch_id`, `purchase_order_line_id`, `receiving_no`, `receiving_date`, `received_amount`, `receiver_name`, `inspection_required`, `receiving_status`) values (1, 1, 1, 'RECVNO-0001', '2026-05-09 08:07:00', 20.850, 'The procurement batch for Piston Rod Assembly has completed receiving inspection and is used for act', 1, 'NORMAL');
insert into `p1p_dossier_receiving_record` (`receiving_record_id`, `inventory_batch_id`, `purchase_order_line_id`, `receiving_no`, `receiving_date`, `received_amount`, `receiver_name`, `inspection_required`, `receiving_status`) values (2, 2, 2, 'RECVNO-0002', '2026-05-10 08:14:00', 0.080, 'The procurement batch for Cylinder Barrel Assembly has completed receiving inspection and is used fo', 1, 'WARNING');
insert into `p1p_dossier_receiving_record` (`receiving_record_id`, `inventory_batch_id`, `purchase_order_line_id`, `receiving_no`, `receiving_date`, `received_amount`, `receiver_name`, `inspection_required`, `receiving_status`) values (3, 3, 3, 'RECVNO-0003', '2026-05-11 08:21:00', 155.150, 'The procurement batch for Front End Cap has completed receiving inspection and is used for actuator ', 0, 'QUALIFIED');
insert into `p1p_dossier_receiving_record` (`receiving_record_id`, `inventory_batch_id`, `purchase_order_line_id`, `receiving_no`, `receiving_date`, `received_amount`, `receiver_name`, `inspection_required`, `receiving_status`) values (4, 4, 4, 'RECVNO-0004', '2026-05-12 08:28:00', 5.100, 'The procurement batch for Rear End Cap has completed receiving inspection and is used for actuator a', 1, 'CLOSED');
insert into `p1p_dossier_receiving_record` (`receiving_record_id`, `inventory_batch_id`, `purchase_order_line_id`, `receiving_no`, `receiving_date`, `received_amount`, `receiver_name`, `inspection_required`, `receiving_status`) values (5, 5, 5, 'RECVNO-0005', '2026-05-13 08:35:00', 37.700, 'The procurement batch for Seal Ring Assembly has completed receiving inspection and is used for actu', 1, 'NORMAL');
insert into `p1p_dossier_receiving_record` (`receiving_record_id`, `inventory_batch_id`, `purchase_order_line_id`, `receiving_no`, `receiving_date`, `received_amount`, `receiver_name`, `inspection_required`, `receiving_status`) values (6, 6, 6, 'RECVNO-0006', '2026-05-14 08:42:00', 0.150, 'The procurement batch for Trunnion Bushing has completed receiving inspection and is used for actuat', 0, 'WARNING');
insert into `p1p_dossier_receiving_record` (`receiving_record_id`, `inventory_batch_id`, `purchase_order_line_id`, `receiving_no`, `receiving_date`, `received_amount`, `receiver_name`, `inspection_required`, `receiving_status`) values (7, 7, 7, 'RECVNO-0007', '2026-05-15 08:49:00', 23.400, 'The procurement batch for Spherical Bearing has completed receiving inspection and is used for actua', 1, 'QUALIFIED');
insert into `p1p_dossier_receiving_record` (`receiving_record_id`, `inventory_batch_id`, `purchase_order_line_id`, `receiving_no`, `receiving_date`, `received_amount`, `receiver_name`, `inspection_required`, `receiving_status`) values (8, 8, 8, 'RECVNO-0008', '2026-05-16 08:56:00', 0.220, 'The procurement batch for Throttle Connector has completed receiving inspection and is used for actu', 1, 'CLOSED');
insert into `p1p_dossier_receiving_record` (`receiving_record_id`, `inventory_batch_id`, `purchase_order_line_id`, `receiving_no`, `receiving_date`, `received_amount`, `receiver_name`, `inspection_required`, `receiving_status`) values (9, 9, 9, 'RECVNO-0009', '2026-05-17 09:03:00', 155.300, 'The procurement batch for Displacement Sensor Bracket has completed receiving inspection and is used', 0, 'NORMAL');
insert into `p1p_dossier_receiving_record` (`receiving_record_id`, `inventory_batch_id`, `purchase_order_line_id`, `receiving_no`, `receiving_date`, `received_amount`, `receiver_name`, `inspection_required`, `receiving_status`) values (10, 10, 10, 'RECVNO-0010', '2026-05-18 09:10:00', 4.500, 'The procurement batch for Locking Nut has completed receiving inspection and is used for actuator as', 1, 'WARNING');
insert into `p1p_dossier_issue_record` (`issue_record_id`, `inventory_batch_id`, `work_order_id`, `issue_no`, `issue_date`, `issued_amount`, `issue_person_name`, `issue_purpose`, `issue_status`) values (1, 1, 1, 'ISSUENO-0001', '2026-05-09 08:07:00', 20.850, 'Piston Rod Assembly 001', 'The procurement batch for Piston Rod Assembly has completed receiving inspection and is used for actuator assembly.', 'NORMAL');
insert into `p1p_dossier_issue_record` (`issue_record_id`, `inventory_batch_id`, `work_order_id`, `issue_no`, `issue_date`, `issued_amount`, `issue_person_name`, `issue_purpose`, `issue_status`) values (2, 2, 2, 'ISSUENO-0002', '2026-05-10 08:14:00', 0.080, 'Cylinder Barrel Assembly 002', 'The procurement batch for Cylinder Barrel Assembly has completed receiving inspection and is used for actuator assembly.', 'WARNING');
insert into `p1p_dossier_issue_record` (`issue_record_id`, `inventory_batch_id`, `work_order_id`, `issue_no`, `issue_date`, `issued_amount`, `issue_person_name`, `issue_purpose`, `issue_status`) values (3, 3, 3, 'ISSUENO-0003', '2026-05-11 08:21:00', 155.150, 'Front End Cap 003', 'The procurement batch for Front End Cap has completed receiving inspection and is used for actuator assembly.', 'QUALIFIED');
insert into `p1p_dossier_issue_record` (`issue_record_id`, `inventory_batch_id`, `work_order_id`, `issue_no`, `issue_date`, `issued_amount`, `issue_person_name`, `issue_purpose`, `issue_status`) values (4, 4, 4, 'ISSUENO-0004', '2026-05-12 08:28:00', 5.100, 'Rear End Cap 004', 'The procurement batch for Rear End Cap has completed receiving inspection and is used for actuator assembly.', 'CLOSED');
insert into `p1p_dossier_issue_record` (`issue_record_id`, `inventory_batch_id`, `work_order_id`, `issue_no`, `issue_date`, `issued_amount`, `issue_person_name`, `issue_purpose`, `issue_status`) values (5, 5, 5, 'ISSUENO-0005', '2026-05-13 08:35:00', 37.700, 'Seal Ring Assembly 005', 'The procurement batch for Seal Ring Assembly has completed receiving inspection and is used for actuator assembly.', 'NORMAL');
insert into `p1p_dossier_issue_record` (`issue_record_id`, `inventory_batch_id`, `work_order_id`, `issue_no`, `issue_date`, `issued_amount`, `issue_person_name`, `issue_purpose`, `issue_status`) values (6, 6, 6, 'ISSUENO-0006', '2026-05-14 08:42:00', 0.150, 'Trunnion Bushing 006', 'The procurement batch for Trunnion Bushing has completed receiving inspection and is used for actuator assembly.', 'WARNING');
insert into `p1p_dossier_issue_record` (`issue_record_id`, `inventory_batch_id`, `work_order_id`, `issue_no`, `issue_date`, `issued_amount`, `issue_person_name`, `issue_purpose`, `issue_status`) values (7, 7, 7, 'ISSUENO-0007', '2026-05-15 08:49:00', 23.400, 'Spherical Bearing 007', 'The procurement batch for Spherical Bearing has completed receiving inspection and is used for actuator assembly.', 'QUALIFIED');
insert into `p1p_dossier_issue_record` (`issue_record_id`, `inventory_batch_id`, `work_order_id`, `issue_no`, `issue_date`, `issued_amount`, `issue_person_name`, `issue_purpose`, `issue_status`) values (8, 8, 8, 'ISSUENO-0008', '2026-05-16 08:56:00', 0.220, 'Throttle Connector 008', 'The procurement batch for Throttle Connector has completed receiving inspection and is used for actuator assembly.', 'CLOSED');
insert into `p1p_dossier_issue_record` (`issue_record_id`, `inventory_batch_id`, `work_order_id`, `issue_no`, `issue_date`, `issued_amount`, `issue_person_name`, `issue_purpose`, `issue_status`) values (9, 9, 9, 'ISSUENO-0009', '2026-05-17 09:03:00', 155.300, 'Displacement Sensor Bracket 009', 'The procurement batch for Displacement Sensor Bracket has completed receiving inspection and is used for actuator assembly.', 'NORMAL');
insert into `p1p_dossier_issue_record` (`issue_record_id`, `inventory_batch_id`, `work_order_id`, `issue_no`, `issue_date`, `issued_amount`, `issue_person_name`, `issue_purpose`, `issue_status`) values (10, 10, 10, 'ISSUENO-0010', '2026-05-18 09:10:00', 4.500, 'Locking Nut 010', 'The procurement batch for Locking Nut has completed receiving inspection and is used for actuator assembly.', 'WARNING');
insert into `p1p_dossier_part_instance` (`part_instance_id`, `part_definition_id`, `production_batch_id`, `inventory_batch_id`, `supplier_batch_id`, `part_serial_no`, `part_lot_no`, `piece_no`, `quality_code`, `source_type`, `part_status`) values (1, 1, 1, 1, 1, 'PIN-2026-0001', 'LOTNO-0001', 'Piston Rod Assembly aviation manufacturing business record used for actuator quality traceability.', 'QC-LG-0001', 'MAKE', 'NORMAL');
insert into `p1p_dossier_part_instance` (`part_instance_id`, `part_definition_id`, `production_batch_id`, `inventory_batch_id`, `supplier_batch_id`, `part_serial_no`, `part_lot_no`, `piece_no`, `quality_code`, `source_type`, `part_status`) values (2, 2, 2, 2, 2, 'PIN-2026-0002', 'LOTNO-0002', 'Cylinder Barrel Assembly aviation manufacturing business record used for actuator quality traceabili', 'QC-LG-0002', 'MAKE', 'WARNING');
insert into `p1p_dossier_part_instance` (`part_instance_id`, `part_definition_id`, `production_batch_id`, `inventory_batch_id`, `supplier_batch_id`, `part_serial_no`, `part_lot_no`, `piece_no`, `quality_code`, `source_type`, `part_status`) values (3, 3, 3, 3, 3, 'PIN-2026-0003', 'LOTNO-0003', 'Front End Cap aviation manufacturing business record used for actuator quality traceability.', 'QC-LG-0003', 'BUY', 'QUALIFIED');
insert into `p1p_dossier_part_instance` (`part_instance_id`, `part_definition_id`, `production_batch_id`, `inventory_batch_id`, `supplier_batch_id`, `part_serial_no`, `part_lot_no`, `piece_no`, `quality_code`, `source_type`, `part_status`) values (4, 4, 4, 4, 4, 'PIN-2026-0004', 'LOTNO-0004', 'Rear End Cap aviation manufacturing business record used for actuator quality traceability.', 'QC-LG-0004', 'BUY', 'CLOSED');
insert into `p1p_dossier_part_instance` (`part_instance_id`, `part_definition_id`, `production_batch_id`, `inventory_batch_id`, `supplier_batch_id`, `part_serial_no`, `part_lot_no`, `piece_no`, `quality_code`, `source_type`, `part_status`) values (5, 5, 5, 5, 5, 'PIN-2026-0005', 'LOTNO-0005', 'Seal Ring Assembly aviation manufacturing business record used for actuator quality traceability.', 'QC-LG-0005', 'MAKE', 'NORMAL');
insert into `p1p_dossier_part_instance` (`part_instance_id`, `part_definition_id`, `production_batch_id`, `inventory_batch_id`, `supplier_batch_id`, `part_serial_no`, `part_lot_no`, `piece_no`, `quality_code`, `source_type`, `part_status`) values (6, 6, 6, 6, 6, 'PIN-2026-0006', 'LOTNO-0006', 'Trunnion Bushing aviation manufacturing business record used for actuator quality traceability.', 'QC-LG-0006', 'MAKE', 'WARNING');
insert into `p1p_dossier_part_instance` (`part_instance_id`, `part_definition_id`, `production_batch_id`, `inventory_batch_id`, `supplier_batch_id`, `part_serial_no`, `part_lot_no`, `piece_no`, `quality_code`, `source_type`, `part_status`) values (7, 7, 7, 7, 7, 'PIN-2026-0007', 'LOTNO-0007', 'Spherical Bearing aviation manufacturing business record used for actuator quality traceability.', 'QC-LG-0007', 'MAKE', 'QUALIFIED');
insert into `p1p_dossier_part_instance` (`part_instance_id`, `part_definition_id`, `production_batch_id`, `inventory_batch_id`, `supplier_batch_id`, `part_serial_no`, `part_lot_no`, `piece_no`, `quality_code`, `source_type`, `part_status`) values (8, 8, 8, 8, 8, 'PIN-2026-0008', 'LOTNO-0008', 'Throttle Connector aviation manufacturing business record used for actuator quality traceability.', 'QC-LG-0008', 'MAKE', 'CLOSED');
insert into `p1p_dossier_part_instance` (`part_instance_id`, `part_definition_id`, `production_batch_id`, `inventory_batch_id`, `supplier_batch_id`, `part_serial_no`, `part_lot_no`, `piece_no`, `quality_code`, `source_type`, `part_status`) values (9, 9, 9, 9, 9, 'PIN-2026-0009', 'LOTNO-0009', 'Displacement Sensor Bracket aviation manufacturing business record used for actuator quality traceab', 'QC-LG-0009', 'BUY', 'NORMAL');
insert into `p1p_dossier_part_instance` (`part_instance_id`, `part_definition_id`, `production_batch_id`, `inventory_batch_id`, `supplier_batch_id`, `part_serial_no`, `part_lot_no`, `piece_no`, `quality_code`, `source_type`, `part_status`) values (10, 10, 10, 10, 10, 'PIN-2026-0010', 'LOTNO-0010', 'Locking Nut aviation manufacturing business record used for actuator quality traceability.', 'QC-LG-0010', 'BUY', 'WARNING');
insert into `p1p_dossier_operation_execution` (`operation_execution_id`, `work_order_id`, `operation_definition_id`, `component_instance_id`, `part_instance_id`, `workstation_id`, `equipment_id`, `op_no`, `work_no`, `work_name`, `start_time`, `finish_time`, `execution_status`) values (1, 1, 1, 1, 1, 1, 1, 'OP020', 'WO-LG-2026-0001', 'Cylinder Barrel Rough Machining', '2026-05-09 08:07:00', '2026-05-09 08:07:00', 'COMPLETED');
insert into `p1p_dossier_operation_execution` (`operation_execution_id`, `work_order_id`, `operation_definition_id`, `component_instance_id`, `part_instance_id`, `workstation_id`, `equipment_id`, `op_no`, `work_no`, `work_name`, `start_time`, `finish_time`, `execution_status`) values (2, 2, 2, 2, 2, 2, 2, 'OP030', 'WO-LG-2026-0002', 'Piston Rod Precision Grinding', '2026-05-10 08:14:00', '2026-05-10 08:14:00', 'RUNNING');
insert into `p1p_dossier_operation_execution` (`operation_execution_id`, `work_order_id`, `operation_definition_id`, `component_instance_id`, `part_instance_id`, `workstation_id`, `equipment_id`, `op_no`, `work_no`, `work_name`, `start_time`, `finish_time`, `execution_status`) values (3, 3, 3, 3, 3, 3, 3, 'OP040', 'WO-LG-2026-0003', 'Inner Bore Honing', '2026-05-11 08:21:00', '2026-05-11 08:21:00', 'HOLD');
insert into `p1p_dossier_operation_execution` (`operation_execution_id`, `work_order_id`, `operation_definition_id`, `component_instance_id`, `part_instance_id`, `workstation_id`, `equipment_id`, `op_no`, `work_no`, `work_name`, `start_time`, `finish_time`, `execution_status`) values (4, 4, 4, 4, 4, 4, 4, 'OP050', 'WO-LG-2026-0004', 'Chrome Plating Layer Grinding', '2026-05-12 08:28:00', '2026-05-12 08:28:00', 'REWORK');
insert into `p1p_dossier_operation_execution` (`operation_execution_id`, `work_order_id`, `operation_definition_id`, `component_instance_id`, `part_instance_id`, `workstation_id`, `equipment_id`, `op_no`, `work_no`, `work_name`, `start_time`, `finish_time`, `execution_status`) values (5, 5, 5, 5, 5, 5, 5, 'OP060', 'WO-LG-2026-0005', 'Seal Component Assembly', '2026-05-13 08:35:00', '2026-05-13 08:35:00', 'COMPLETED');
insert into `p1p_dossier_operation_execution` (`operation_execution_id`, `work_order_id`, `operation_definition_id`, `component_instance_id`, `part_instance_id`, `workstation_id`, `equipment_id`, `op_no`, `work_no`, `work_name`, `start_time`, `finish_time`, `execution_status`) values (6, 6, 6, 6, 6, 6, 6, 'OP070', 'WO-LG-2026-0006', 'Actuator Final Assembly', '2026-05-14 08:42:00', '2026-05-14 08:42:00', 'RUNNING');
insert into `p1p_dossier_operation_execution` (`operation_execution_id`, `work_order_id`, `operation_definition_id`, `component_instance_id`, `part_instance_id`, `workstation_id`, `equipment_id`, `op_no`, `work_no`, `work_name`, `start_time`, `finish_time`, `execution_status`) values (7, 7, 7, 7, 7, 7, 7, 'OP080', 'WO-LG-2026-0007', 'Pressure Holding Test', '2026-05-15 08:49:00', '2026-05-15 08:49:00', 'HOLD');
insert into `p1p_dossier_operation_execution` (`operation_execution_id`, `work_order_id`, `operation_definition_id`, `component_instance_id`, `part_instance_id`, `workstation_id`, `equipment_id`, `op_no`, `work_no`, `work_name`, `start_time`, `finish_time`, `execution_status`) values (8, 8, 8, 8, 8, 8, 8, 'OP010', 'WO-LG-2026-0008', 'Extension and Retraction Function Test', '2026-05-16 08:56:00', '2026-05-16 08:56:00', 'REWORK');
insert into `p1p_dossier_operation_execution` (`operation_execution_id`, `work_order_id`, `operation_definition_id`, `component_instance_id`, `part_instance_id`, `workstation_id`, `equipment_id`, `op_no`, `work_no`, `work_name`, `start_time`, `finish_time`, `execution_status`) values (9, 9, 9, 9, 9, 9, 9, 'OP020', 'WO-LG-2026-0009', 'Cylinder Barrel Rough Machining', '2026-05-17 09:03:00', '2026-05-17 09:03:00', 'COMPLETED');
insert into `p1p_dossier_operation_execution` (`operation_execution_id`, `work_order_id`, `operation_definition_id`, `component_instance_id`, `part_instance_id`, `workstation_id`, `equipment_id`, `op_no`, `work_no`, `work_name`, `start_time`, `finish_time`, `execution_status`) values (10, 10, 10, 10, 10, 10, 10, 'OP030', 'WO-LG-2026-0010', 'Piston Rod Precision Grinding', '2026-05-18 09:10:00', '2026-05-18 09:10:00', 'RUNNING');
insert into `p1p_dossier_replacement_record` (`replacement_record_id`, `maintenance_event_id`, `maintenance_order_id`, `component_instance_id`, `installed_position_id`, `removed_part_instance_id`, `installed_part_instance_id`, `inventory_batch_id`, `replacement_no`, `replacement_reason`, `replacement_time`, `operator_name`, `replacement_status`) values (1, 1, 1, 1, 1, 1, 1, 1, 'REP-CF-0001', 'LEAKAGE', '2026-05-09 08:07:00', 'Zhang Jiancheng', 'NORMAL');
insert into `p1p_dossier_replacement_record` (`replacement_record_id`, `maintenance_event_id`, `maintenance_order_id`, `component_instance_id`, `installed_position_id`, `removed_part_instance_id`, `installed_part_instance_id`, `inventory_batch_id`, `replacement_no`, `replacement_reason`, `replacement_time`, `operator_name`, `replacement_status`) values (2, 2, 2, 2, 2, 2, 2, 2, 'REP-CF-0002', 'WEAR', '2026-05-10 08:14:00', 'Li Hang', 'WARNING');
insert into `p1p_dossier_replacement_record` (`replacement_record_id`, `maintenance_event_id`, `maintenance_order_id`, `component_instance_id`, `installed_position_id`, `removed_part_instance_id`, `installed_part_instance_id`, `inventory_batch_id`, `replacement_no`, `replacement_reason`, `replacement_time`, `operator_name`, `replacement_status`) values (3, 3, 3, 3, 3, 3, 3, 3, 'REP-CF-0003', 'DAMAGE', '2026-05-11 08:21:00', 'Wang Lijun', 'QUALIFIED');
insert into `p1p_dossier_replacement_record` (`replacement_record_id`, `maintenance_event_id`, `maintenance_order_id`, `component_instance_id`, `installed_position_id`, `removed_part_instance_id`, `installed_part_instance_id`, `inventory_batch_id`, `replacement_no`, `replacement_reason`, `replacement_time`, `operator_name`, `replacement_status`) values (4, 4, 4, 4, 4, 4, 4, 4, 'REP-CF-0004', 'LIFE_LIMIT', '2026-05-12 08:28:00', 'Zhao Min', 'CLOSED');
insert into `p1p_dossier_replacement_record` (`replacement_record_id`, `maintenance_event_id`, `maintenance_order_id`, `component_instance_id`, `installed_position_id`, `removed_part_instance_id`, `installed_part_instance_id`, `inventory_batch_id`, `replacement_no`, `replacement_reason`, `replacement_time`, `operator_name`, `replacement_status`) values (5, 5, 5, 5, 5, 5, 5, 5, 'REP-CF-0005', 'LEAKAGE', '2026-05-13 08:35:00', 'Chen Gong', 'NORMAL');
insert into `p1p_dossier_replacement_record` (`replacement_record_id`, `maintenance_event_id`, `maintenance_order_id`, `component_instance_id`, `installed_position_id`, `removed_part_instance_id`, `installed_part_instance_id`, `inventory_batch_id`, `replacement_no`, `replacement_reason`, `replacement_time`, `operator_name`, `replacement_status`) values (6, 6, 6, 6, 6, 6, 6, 6, 'REP-CF-0006', 'WEAR', '2026-05-14 08:42:00', 'Liu Xiaofeng', 'WARNING');
insert into `p1p_dossier_replacement_record` (`replacement_record_id`, `maintenance_event_id`, `maintenance_order_id`, `component_instance_id`, `installed_position_id`, `removed_part_instance_id`, `installed_part_instance_id`, `inventory_batch_id`, `replacement_no`, `replacement_reason`, `replacement_time`, `operator_name`, `replacement_status`) values (7, 7, 7, 7, 7, 7, 7, 7, 'REP-CF-0007', 'DAMAGE', '2026-05-15 08:49:00', 'Zhou Qian', 'QUALIFIED');
insert into `p1p_dossier_replacement_record` (`replacement_record_id`, `maintenance_event_id`, `maintenance_order_id`, `component_instance_id`, `installed_position_id`, `removed_part_instance_id`, `installed_part_instance_id`, `inventory_batch_id`, `replacement_no`, `replacement_reason`, `replacement_time`, `operator_name`, `replacement_status`) values (8, 8, 8, 8, 8, 8, 8, 8, 'REP-CF-0008', 'LIFE_LIMIT', '2026-05-16 08:56:00', 'Huang Zhiqiang', 'CLOSED');
insert into `p1p_dossier_replacement_record` (`replacement_record_id`, `maintenance_event_id`, `maintenance_order_id`, `component_instance_id`, `installed_position_id`, `removed_part_instance_id`, `installed_part_instance_id`, `inventory_batch_id`, `replacement_no`, `replacement_reason`, `replacement_time`, `operator_name`, `replacement_status`) values (9, 9, 9, 9, 9, 9, 9, 9, 'REP-CF-0009', 'LEAKAGE', '2026-05-17 09:03:00', 'Sun Wei', 'NORMAL');
insert into `p1p_dossier_replacement_record` (`replacement_record_id`, `maintenance_event_id`, `maintenance_order_id`, `component_instance_id`, `installed_position_id`, `removed_part_instance_id`, `installed_part_instance_id`, `inventory_batch_id`, `replacement_no`, `replacement_reason`, `replacement_time`, `operator_name`, `replacement_status`) values (10, 10, 10, 10, 10, 10, 10, 10, 'REP-CF-0010', 'WEAR', '2026-05-18 09:10:00', 'Ma Rui', 'WARNING');
insert into `p1p_dossier_step_execution` (`step_execution_id`, `operation_execution_id`, `step_no`, `step_name`, `step_sequence`, `start_time`, `finish_time`, `step_status`, `operator_name`) values (1, 1, 'STEP02', 'Piston Rod Assembly 001', 2, '2026-05-09 08:07:00', '2026-05-09 08:07:00', 'NORMAL', 'Piston Rod Assembly 001');
insert into `p1p_dossier_step_execution` (`step_execution_id`, `operation_execution_id`, `step_no`, `step_name`, `step_sequence`, `start_time`, `finish_time`, `step_status`, `operator_name`) values (2, 2, 'STEP03', 'Cylinder Barrel Assembly 002', 3, '2026-05-10 08:14:00', '2026-05-10 08:14:00', 'WARNING', 'Cylinder Barrel Assembly 002');
insert into `p1p_dossier_step_execution` (`step_execution_id`, `operation_execution_id`, `step_no`, `step_name`, `step_sequence`, `start_time`, `finish_time`, `step_status`, `operator_name`) values (3, 3, 'STEP04', 'Front End Cap 003', 4, '2026-05-11 08:21:00', '2026-05-11 08:21:00', 'QUALIFIED', 'Front End Cap 003');
insert into `p1p_dossier_step_execution` (`step_execution_id`, `operation_execution_id`, `step_no`, `step_name`, `step_sequence`, `start_time`, `finish_time`, `step_status`, `operator_name`) values (4, 4, 'STEP05', 'Rear End Cap 004', 5, '2026-05-12 08:28:00', '2026-05-12 08:28:00', 'CLOSED', 'Rear End Cap 004');
insert into `p1p_dossier_step_execution` (`step_execution_id`, `operation_execution_id`, `step_no`, `step_name`, `step_sequence`, `start_time`, `finish_time`, `step_status`, `operator_name`) values (5, 5, 'STEP06', 'Seal Ring Assembly 005', 6, '2026-05-13 08:35:00', '2026-05-13 08:35:00', 'NORMAL', 'Seal Ring Assembly 005');
insert into `p1p_dossier_step_execution` (`step_execution_id`, `operation_execution_id`, `step_no`, `step_name`, `step_sequence`, `start_time`, `finish_time`, `step_status`, `operator_name`) values (6, 6, 'STEP01', 'Trunnion Bushing 006', 7, '2026-05-14 08:42:00', '2026-05-14 08:42:00', 'WARNING', 'Trunnion Bushing 006');
insert into `p1p_dossier_step_execution` (`step_execution_id`, `operation_execution_id`, `step_no`, `step_name`, `step_sequence`, `start_time`, `finish_time`, `step_status`, `operator_name`) values (7, 7, 'STEP02', 'Spherical Bearing 007', 8, '2026-05-15 08:49:00', '2026-05-15 08:49:00', 'QUALIFIED', 'Spherical Bearing 007');
insert into `p1p_dossier_step_execution` (`step_execution_id`, `operation_execution_id`, `step_no`, `step_name`, `step_sequence`, `start_time`, `finish_time`, `step_status`, `operator_name`) values (8, 8, 'STEP03', 'Throttle Connector 008', 9, '2026-05-16 08:56:00', '2026-05-16 08:56:00', 'CLOSED', 'Throttle Connector 008');
insert into `p1p_dossier_step_execution` (`step_execution_id`, `operation_execution_id`, `step_no`, `step_name`, `step_sequence`, `start_time`, `finish_time`, `step_status`, `operator_name`) values (9, 9, 'STEP04', 'Displacement Sensor Bracket 009', 1, '2026-05-17 09:03:00', '2026-05-17 09:03:00', 'NORMAL', 'Displacement Sensor Bracket 009');
insert into `p1p_dossier_step_execution` (`step_execution_id`, `operation_execution_id`, `step_no`, `step_name`, `step_sequence`, `start_time`, `finish_time`, `step_status`, `operator_name`) values (10, 10, 'STEP05', 'Locking Nut 010', 2, '2026-05-18 09:10:00', '2026-05-18 09:10:00', 'WARNING', 'Locking Nut 010');
insert into `p1p_dossier_inspection_record` (`inspection_record_id`, `inspection_spec_id`, `component_instance_id`, `part_instance_id`, `operation_execution_id`, `inventory_batch_id`, `work_order_id`, `inspector_id`, `inspection_no`, `inspection_type`, `find_date`, `find_type`, `inspection_result`) values (1, 1, 1, 1, 1, 1, 1, 1, 'INSP-CF-0001', 'IN_PROCESS', '2026-05-09 08:07:00', 'NORMAL', 'PASS');
insert into `p1p_dossier_inspection_record` (`inspection_record_id`, `inspection_spec_id`, `component_instance_id`, `part_instance_id`, `operation_execution_id`, `inventory_batch_id`, `work_order_id`, `inspector_id`, `inspection_no`, `inspection_type`, `find_date`, `find_type`, `inspection_result`) values (2, 2, 2, 2, 2, 2, 2, 2, 'INSP-CF-0002', 'FINAL', '2026-05-10 08:14:00', 'WARNING', 'FAIL');
insert into `p1p_dossier_inspection_record` (`inspection_record_id`, `inspection_spec_id`, `component_instance_id`, `part_instance_id`, `operation_execution_id`, `inventory_batch_id`, `work_order_id`, `inspector_id`, `inspection_no`, `inspection_type`, `find_date`, `find_type`, `inspection_result`) values (3, 3, 3, 3, 3, 3, 3, 3, 'INSP-CF-0003', 'INCOMING', '2026-05-11 08:21:00', 'QUALIFIED', 'RECHECK');
insert into `p1p_dossier_inspection_record` (`inspection_record_id`, `inspection_spec_id`, `component_instance_id`, `part_instance_id`, `operation_execution_id`, `inventory_batch_id`, `work_order_id`, `inspector_id`, `inspection_no`, `inspection_type`, `find_date`, `find_type`, `inspection_result`) values (4, 4, 4, 4, 4, 4, 4, 4, 'INSP-CF-0004', 'SERVICE', '2026-05-12 08:28:00', 'CLOSED', 'WAIT');
insert into `p1p_dossier_inspection_record` (`inspection_record_id`, `inspection_spec_id`, `component_instance_id`, `part_instance_id`, `operation_execution_id`, `inventory_batch_id`, `work_order_id`, `inspector_id`, `inspection_no`, `inspection_type`, `find_date`, `find_type`, `inspection_result`) values (5, 5, 5, 5, 5, 5, 5, 5, 'INSP-CF-0005', 'IN_PROCESS', '2026-05-13 08:35:00', 'NORMAL', 'PASS');
insert into `p1p_dossier_inspection_record` (`inspection_record_id`, `inspection_spec_id`, `component_instance_id`, `part_instance_id`, `operation_execution_id`, `inventory_batch_id`, `work_order_id`, `inspector_id`, `inspection_no`, `inspection_type`, `find_date`, `find_type`, `inspection_result`) values (6, 6, 6, 6, 6, 6, 6, 6, 'INSP-CF-0006', 'FINAL', '2026-05-14 08:42:00', 'WARNING', 'FAIL');
insert into `p1p_dossier_inspection_record` (`inspection_record_id`, `inspection_spec_id`, `component_instance_id`, `part_instance_id`, `operation_execution_id`, `inventory_batch_id`, `work_order_id`, `inspector_id`, `inspection_no`, `inspection_type`, `find_date`, `find_type`, `inspection_result`) values (7, 7, 7, 7, 7, 7, 7, 7, 'INSP-CF-0007', 'INCOMING', '2026-05-15 08:49:00', 'QUALIFIED', 'RECHECK');
insert into `p1p_dossier_inspection_record` (`inspection_record_id`, `inspection_spec_id`, `component_instance_id`, `part_instance_id`, `operation_execution_id`, `inventory_batch_id`, `work_order_id`, `inspector_id`, `inspection_no`, `inspection_type`, `find_date`, `find_type`, `inspection_result`) values (8, 8, 8, 8, 8, 8, 8, 8, 'INSP-CF-0008', 'SERVICE', '2026-05-16 08:56:00', 'CLOSED', 'WAIT');
insert into `p1p_dossier_inspection_record` (`inspection_record_id`, `inspection_spec_id`, `component_instance_id`, `part_instance_id`, `operation_execution_id`, `inventory_batch_id`, `work_order_id`, `inspector_id`, `inspection_no`, `inspection_type`, `find_date`, `find_type`, `inspection_result`) values (9, 9, 9, 9, 9, 9, 9, 9, 'INSP-CF-0009', 'IN_PROCESS', '2026-05-17 09:03:00', 'NORMAL', 'PASS');
insert into `p1p_dossier_inspection_record` (`inspection_record_id`, `inspection_spec_id`, `component_instance_id`, `part_instance_id`, `operation_execution_id`, `inventory_batch_id`, `work_order_id`, `inspector_id`, `inspection_no`, `inspection_type`, `find_date`, `find_type`, `inspection_result`) values (10, 10, 10, 10, 10, 10, 10, 10, 'INSP-CF-0010', 'FINAL', '2026-05-18 09:10:00', 'WARNING', 'FAIL');
insert into `p1p_dossier_component_part_installation` (`installation_id`, `component_instance_id`, `part_instance_id`, `bom_item_id`, `work_order_id`, `installed_position_id`, `replacement_record_id`, `install_time`, `valid_from`, `valid_to`, `uninstall_time`, `uninstall_reason`, `install_person_name`, `install_status`) values (1, 1, 1, 1, 1, 1, 1, '2026-05-09 08:07:00', '2026-05-09 08:07:00', '2026-05-09 08:07:00', '2026-05-09 08:07:00', 'LEAKAGE', 'Piston Rod Assembly aviation manufacturing business record used for actuator quality traceability.', 'NORMAL');
insert into `p1p_dossier_component_part_installation` (`installation_id`, `component_instance_id`, `part_instance_id`, `bom_item_id`, `work_order_id`, `installed_position_id`, `replacement_record_id`, `install_time`, `valid_from`, `valid_to`, `uninstall_time`, `uninstall_reason`, `install_person_name`, `install_status`) values (2, 2, 2, 2, 2, 2, 2, '2026-05-10 08:14:00', '2026-05-10 08:14:00', '2026-05-10 08:14:00', '2026-05-10 08:14:00', 'WEAR', 'Cylinder Barrel Assembly aviation manufacturing business record used for actuator quality traceabili', 'WARNING');
insert into `p1p_dossier_component_part_installation` (`installation_id`, `component_instance_id`, `part_instance_id`, `bom_item_id`, `work_order_id`, `installed_position_id`, `replacement_record_id`, `install_time`, `valid_from`, `valid_to`, `uninstall_time`, `uninstall_reason`, `install_person_name`, `install_status`) values (3, 3, 3, 3, 3, 3, 3, '2026-05-11 08:21:00', '2026-05-11 08:21:00', '2026-05-11 08:21:00', '2026-05-11 08:21:00', 'DAMAGE', 'Front End Cap aviation manufacturing business record used for actuator quality traceability.', 'QUALIFIED');
insert into `p1p_dossier_component_part_installation` (`installation_id`, `component_instance_id`, `part_instance_id`, `bom_item_id`, `work_order_id`, `installed_position_id`, `replacement_record_id`, `install_time`, `valid_from`, `valid_to`, `uninstall_time`, `uninstall_reason`, `install_person_name`, `install_status`) values (4, 4, 4, 4, 4, 4, 4, '2026-05-12 08:28:00', '2026-05-12 08:28:00', '2026-05-12 08:28:00', '2026-05-12 08:28:00', 'LIFE_LIMIT', 'Rear End Cap aviation manufacturing business record used for actuator quality traceability.', 'CLOSED');
insert into `p1p_dossier_component_part_installation` (`installation_id`, `component_instance_id`, `part_instance_id`, `bom_item_id`, `work_order_id`, `installed_position_id`, `replacement_record_id`, `install_time`, `valid_from`, `valid_to`, `uninstall_time`, `uninstall_reason`, `install_person_name`, `install_status`) values (5, 5, 5, 5, 5, 5, 5, '2026-05-13 08:35:00', '2026-05-13 08:35:00', '2026-05-13 08:35:00', '2026-05-13 08:35:00', 'LEAKAGE', 'Seal Ring Assembly aviation manufacturing business record used for actuator quality traceability.', 'NORMAL');
insert into `p1p_dossier_component_part_installation` (`installation_id`, `component_instance_id`, `part_instance_id`, `bom_item_id`, `work_order_id`, `installed_position_id`, `replacement_record_id`, `install_time`, `valid_from`, `valid_to`, `uninstall_time`, `uninstall_reason`, `install_person_name`, `install_status`) values (6, 6, 6, 6, 6, 6, 6, '2026-05-14 08:42:00', '2026-05-14 08:42:00', '2026-05-14 08:42:00', '2026-05-14 08:42:00', 'WEAR', 'Trunnion Bushing aviation manufacturing business record used for actuator quality traceability.', 'WARNING');
insert into `p1p_dossier_component_part_installation` (`installation_id`, `component_instance_id`, `part_instance_id`, `bom_item_id`, `work_order_id`, `installed_position_id`, `replacement_record_id`, `install_time`, `valid_from`, `valid_to`, `uninstall_time`, `uninstall_reason`, `install_person_name`, `install_status`) values (7, 7, 7, 7, 7, 7, 7, '2026-05-15 08:49:00', '2026-05-15 08:49:00', '2026-05-15 08:49:00', '2026-05-15 08:49:00', 'DAMAGE', 'Spherical Bearing aviation manufacturing business record used for actuator quality traceability.', 'QUALIFIED');
insert into `p1p_dossier_component_part_installation` (`installation_id`, `component_instance_id`, `part_instance_id`, `bom_item_id`, `work_order_id`, `installed_position_id`, `replacement_record_id`, `install_time`, `valid_from`, `valid_to`, `uninstall_time`, `uninstall_reason`, `install_person_name`, `install_status`) values (8, 8, 8, 8, 8, 8, 8, '2026-05-16 08:56:00', '2026-05-16 08:56:00', '2026-05-16 08:56:00', '2026-05-16 08:56:00', 'LIFE_LIMIT', 'Throttle Connector aviation manufacturing business record used for actuator quality traceability.', 'CLOSED');
insert into `p1p_dossier_component_part_installation` (`installation_id`, `component_instance_id`, `part_instance_id`, `bom_item_id`, `work_order_id`, `installed_position_id`, `replacement_record_id`, `install_time`, `valid_from`, `valid_to`, `uninstall_time`, `uninstall_reason`, `install_person_name`, `install_status`) values (9, 9, 9, 9, 9, 9, 9, '2026-05-17 09:03:00', '2026-05-17 09:03:00', '2026-05-17 09:03:00', '2026-05-17 09:03:00', 'LEAKAGE', 'Displacement Sensor Bracket aviation manufacturing business record used for actuator quality traceab', 'NORMAL');
insert into `p1p_dossier_component_part_installation` (`installation_id`, `component_instance_id`, `part_instance_id`, `bom_item_id`, `work_order_id`, `installed_position_id`, `replacement_record_id`, `install_time`, `valid_from`, `valid_to`, `uninstall_time`, `uninstall_reason`, `install_person_name`, `install_status`) values (10, 10, 10, 10, 10, 10, 10, '2026-05-18 09:10:00', '2026-05-18 09:10:00', '2026-05-18 09:10:00', '2026-05-18 09:10:00', 'WEAR', 'Locking Nut aviation manufacturing business record used for actuator quality traceability.', 'WARNING');
insert into `p1p_dossier_resource_usage` (`resource_usage_id`, `operation_execution_id`, `step_execution_id`, `equipment_id`, `personnel_id`, `workstation_id`, `tooling_id`, `usage_start_time`, `usage_finish_time`, `mastery`, `usage_status`) values (1, 1, 1, 1, 1, 1, 1, '2026-05-09 08:07:00', '2026-05-09 08:07:00', 20.850, 'NORMAL');
insert into `p1p_dossier_resource_usage` (`resource_usage_id`, `operation_execution_id`, `step_execution_id`, `equipment_id`, `personnel_id`, `workstation_id`, `tooling_id`, `usage_start_time`, `usage_finish_time`, `mastery`, `usage_status`) values (2, 2, 2, 2, 2, 2, 2, '2026-05-10 08:14:00', '2026-05-10 08:14:00', 0.080, 'WARNING');
insert into `p1p_dossier_resource_usage` (`resource_usage_id`, `operation_execution_id`, `step_execution_id`, `equipment_id`, `personnel_id`, `workstation_id`, `tooling_id`, `usage_start_time`, `usage_finish_time`, `mastery`, `usage_status`) values (3, 3, 3, 3, 3, 3, 3, '2026-05-11 08:21:00', '2026-05-11 08:21:00', 155.150, 'QUALIFIED');
insert into `p1p_dossier_resource_usage` (`resource_usage_id`, `operation_execution_id`, `step_execution_id`, `equipment_id`, `personnel_id`, `workstation_id`, `tooling_id`, `usage_start_time`, `usage_finish_time`, `mastery`, `usage_status`) values (4, 4, 4, 4, 4, 4, 4, '2026-05-12 08:28:00', '2026-05-12 08:28:00', 5.100, 'CLOSED');
insert into `p1p_dossier_resource_usage` (`resource_usage_id`, `operation_execution_id`, `step_execution_id`, `equipment_id`, `personnel_id`, `workstation_id`, `tooling_id`, `usage_start_time`, `usage_finish_time`, `mastery`, `usage_status`) values (5, 5, 5, 5, 5, 5, 5, '2026-05-13 08:35:00', '2026-05-13 08:35:00', 37.700, 'NORMAL');
insert into `p1p_dossier_resource_usage` (`resource_usage_id`, `operation_execution_id`, `step_execution_id`, `equipment_id`, `personnel_id`, `workstation_id`, `tooling_id`, `usage_start_time`, `usage_finish_time`, `mastery`, `usage_status`) values (6, 6, 6, 6, 6, 6, 6, '2026-05-14 08:42:00', '2026-05-14 08:42:00', 0.150, 'WARNING');
insert into `p1p_dossier_resource_usage` (`resource_usage_id`, `operation_execution_id`, `step_execution_id`, `equipment_id`, `personnel_id`, `workstation_id`, `tooling_id`, `usage_start_time`, `usage_finish_time`, `mastery`, `usage_status`) values (7, 7, 7, 7, 7, 7, 7, '2026-05-15 08:49:00', '2026-05-15 08:49:00', 23.400, 'QUALIFIED');
insert into `p1p_dossier_resource_usage` (`resource_usage_id`, `operation_execution_id`, `step_execution_id`, `equipment_id`, `personnel_id`, `workstation_id`, `tooling_id`, `usage_start_time`, `usage_finish_time`, `mastery`, `usage_status`) values (8, 8, 8, 8, 8, 8, 8, '2026-05-16 08:56:00', '2026-05-16 08:56:00', 0.220, 'CLOSED');
insert into `p1p_dossier_resource_usage` (`resource_usage_id`, `operation_execution_id`, `step_execution_id`, `equipment_id`, `personnel_id`, `workstation_id`, `tooling_id`, `usage_start_time`, `usage_finish_time`, `mastery`, `usage_status`) values (9, 9, 9, 9, 9, 9, 9, '2026-05-17 09:03:00', '2026-05-17 09:03:00', 155.300, 'NORMAL');
insert into `p1p_dossier_resource_usage` (`resource_usage_id`, `operation_execution_id`, `step_execution_id`, `equipment_id`, `personnel_id`, `workstation_id`, `tooling_id`, `usage_start_time`, `usage_finish_time`, `mastery`, `usage_status`) values (10, 10, 10, 10, 10, 10, 10, '2026-05-18 09:10:00', '2026-05-18 09:10:00', 4.500, 'WARNING');
insert into `p1p_dossier_process_parameter_record` (`process_parameter_record_id`, `operation_execution_id`, `step_execution_id`, `parameter_standard_id`, `equipment_id`, `parameter_code`, `parameter_name`, `measured_value`, `standard_value`, `lower_limit`, `upper_limit`, `parameter_unit`, `collect_time`, `judge_result`) values (1, 1, 1, 1, 1, 'PAR-HYD-02', 'Extension and Retraction Pressure', 20.850, 21.000, 19.500, 22.500, 'MPa', '2026-05-09 08:07:00', 'OK');
insert into `p1p_dossier_process_parameter_record` (`process_parameter_record_id`, `operation_execution_id`, `step_execution_id`, `parameter_standard_id`, `equipment_id`, `parameter_code`, `parameter_name`, `measured_value`, `standard_value`, `lower_limit`, `upper_limit`, `parameter_unit`, `collect_time`, `judge_result`) values (2, 2, 2, 2, 2, 'PAR-HYD-03', 'Pressure Holding Leakage Rate', 0.080, 0.080, 0.000, 0.150, 'mL/min', '2026-05-10 08:14:00', 'WARN');
insert into `p1p_dossier_process_parameter_record` (`process_parameter_record_id`, `operation_execution_id`, `step_execution_id`, `parameter_standard_id`, `equipment_id`, `parameter_code`, `parameter_name`, `measured_value`, `standard_value`, `lower_limit`, `upper_limit`, `parameter_unit`, `collect_time`, `judge_result`) values (3, 3, 3, 3, 3, 'PAR-HYD-04', 'Piston Rod Extension Stroke', 155.150, 155.000, 153.000, 157.000, 'mm', '2026-05-11 08:21:00', 'NG');
insert into `p1p_dossier_process_parameter_record` (`process_parameter_record_id`, `operation_execution_id`, `step_execution_id`, `parameter_standard_id`, `equipment_id`, `parameter_code`, `parameter_name`, `measured_value`, `standard_value`, `lower_limit`, `upper_limit`, `parameter_unit`, `collect_time`, `judge_result`) values (4, 4, 4, 4, 4, 'PAR-HYD-05', 'Actuation Time', 5.100, 4.800, 4.000, 5.500, 's', '2026-05-12 08:28:00', 'RECHECK');
insert into `p1p_dossier_process_parameter_record` (`process_parameter_record_id`, `operation_execution_id`, `step_execution_id`, `parameter_standard_id`, `equipment_id`, `parameter_code`, `parameter_name`, `measured_value`, `standard_value`, `lower_limit`, `upper_limit`, `parameter_unit`, `collect_time`, `judge_result`) values (5, 5, 5, 5, 5, 'PAR-HYD-06', 'Hydraulic Oil Temperature', 37.700, 38.000, 20.000, 55.000, 'C', '2026-05-13 08:35:00', 'OK');
insert into `p1p_dossier_process_parameter_record` (`process_parameter_record_id`, `operation_execution_id`, `step_execution_id`, `parameter_standard_id`, `equipment_id`, `parameter_code`, `parameter_name`, `measured_value`, `standard_value`, `lower_limit`, `upper_limit`, `parameter_unit`, `collect_time`, `judge_result`) values (6, 6, 6, 6, 6, 'PAR-HYD-01', 'Locking Clearance', 0.150, 0.180, 0.100, 0.250, 'mm', '2026-05-14 08:42:00', 'WARN');
insert into `p1p_dossier_process_parameter_record` (`process_parameter_record_id`, `operation_execution_id`, `step_execution_id`, `parameter_standard_id`, `equipment_id`, `parameter_code`, `parameter_name`, `measured_value`, `standard_value`, `lower_limit`, `upper_limit`, `parameter_unit`, `collect_time`, `judge_result`) values (7, 7, 7, 7, 7, 'PAR-HYD-02', 'Extension and Retraction Pressure', 23.400, 21.000, 19.500, 22.500, 'MPa', '2026-05-15 08:49:00', 'NG');
insert into `p1p_dossier_process_parameter_record` (`process_parameter_record_id`, `operation_execution_id`, `step_execution_id`, `parameter_standard_id`, `equipment_id`, `parameter_code`, `parameter_name`, `measured_value`, `standard_value`, `lower_limit`, `upper_limit`, `parameter_unit`, `collect_time`, `judge_result`) values (8, 8, 8, 8, 8, 'PAR-HYD-03', 'Pressure Holding Leakage Rate', 0.220, 0.080, 0.000, 0.150, 'mL/min', '2026-05-16 08:56:00', 'RECHECK');
insert into `p1p_dossier_process_parameter_record` (`process_parameter_record_id`, `operation_execution_id`, `step_execution_id`, `parameter_standard_id`, `equipment_id`, `parameter_code`, `parameter_name`, `measured_value`, `standard_value`, `lower_limit`, `upper_limit`, `parameter_unit`, `collect_time`, `judge_result`) values (9, 9, 9, 9, 9, 'PAR-HYD-04', 'Piston Rod Extension Stroke', 155.300, 155.000, 153.000, 157.000, 'mm', '2026-05-17 09:03:00', 'OK');
insert into `p1p_dossier_process_parameter_record` (`process_parameter_record_id`, `operation_execution_id`, `step_execution_id`, `parameter_standard_id`, `equipment_id`, `parameter_code`, `parameter_name`, `measured_value`, `standard_value`, `lower_limit`, `upper_limit`, `parameter_unit`, `collect_time`, `judge_result`) values (10, 10, 10, 10, 10, 'PAR-HYD-05', 'Actuation Time', 4.500, 4.800, 4.000, 5.500, 's', '2026-05-18 09:10:00', 'WARN');
insert into `p1p_dossier_inspection_item_result` (`inspection_item_result_id`, `inspection_record_id`, `inspection_spec_id`, `item_code`, `item_name`, `measured_value`, `standard_value`, `lower_limit`, `upper_limit`, `unit`, `judge_result`) values (1, 1, 1, 'CHK-02', 'Piston Rod Chrome Plating Visual Inspection', '20.850 MPa', '21.000 MPa', '19.500 MPa', '22.500 MPa', 'MPA', 'PASS');
insert into `p1p_dossier_inspection_item_result` (`inspection_item_result_id`, `inspection_record_id`, `inspection_spec_id`, `item_code`, `item_name`, `measured_value`, `standard_value`, `lower_limit`, `upper_limit`, `unit`, `judge_result`) values (2, 2, 2, 'CHK-03', 'Cylinder Barrel Inner Bore Dimension Measurement', '0.080 mL/min', '0.080 mL/min', '0.000 mL/min', '0.150 mL/min', 'MM', 'FAIL');
insert into `p1p_dossier_inspection_item_result` (`inspection_item_result_id`, `inspection_record_id`, `inspection_spec_id`, `item_code`, `item_name`, `measured_value`, `standard_value`, `lower_limit`, `upper_limit`, `unit`, `judge_result`) values (3, 3, 3, 'CHK-04', 'Sealing Performance Inspection', '155.150 mm', '155.000 mm', '153.000 mm', '157.000 mm', 'ML_MIN', 'RECHECK');
insert into `p1p_dossier_inspection_item_result` (`inspection_item_result_id`, `inspection_record_id`, `inspection_spec_id`, `item_code`, `item_name`, `measured_value`, `standard_value`, `lower_limit`, `upper_limit`, `unit`, `judge_result`) values (4, 4, 4, 'CHK-05', 'Pressure Holding Leakage Rate Recheck', '5.100 s', '4.800 s', '4.000 s', '5.500 s', 'SEC', 'WAIT');
insert into `p1p_dossier_inspection_item_result` (`inspection_item_result_id`, `inspection_record_id`, `inspection_spec_id`, `item_code`, `item_name`, `measured_value`, `standard_value`, `lower_limit`, `upper_limit`, `unit`, `judge_result`) values (5, 5, 5, 'CHK-06', 'Extension and Retraction Stroke Measurement', '37.7 C', '38.0 C', '20.0 C', '55.0 C', 'MPA', 'PASS');
insert into `p1p_dossier_inspection_item_result` (`inspection_item_result_id`, `inspection_record_id`, `inspection_spec_id`, `item_code`, `item_name`, `measured_value`, `standard_value`, `lower_limit`, `upper_limit`, `unit`, `judge_result`) values (6, 6, 6, 'CHK-07', 'Trunnion Bushing Fit Clearance Inspection', '0.150 mm', '0.180 mm', '0.100 mm', '0.250 mm', 'MM', 'FAIL');
insert into `p1p_dossier_inspection_item_result` (`inspection_item_result_id`, `inspection_record_id`, `inspection_spec_id`, `item_code`, `item_name`, `measured_value`, `standard_value`, `lower_limit`, `upper_limit`, `unit`, `judge_result`) values (7, 7, 7, 'CHK-08', 'Hydraulic Fitting Leakage Inspection', '23.400 MPa', '21.000 MPa', '19.500 MPa', '22.500 MPa', 'ML_MIN', 'RECHECK');
insert into `p1p_dossier_inspection_item_result` (`inspection_item_result_id`, `inspection_record_id`, `inspection_spec_id`, `item_code`, `item_name`, `measured_value`, `standard_value`, `lower_limit`, `upper_limit`, `unit`, `judge_result`) values (8, 8, 8, 'CHK-01', 'Final Functional Test', '0.220 mL/min', '0.080 mL/min', '0.000 mL/min', '0.150 mL/min', 'SEC', 'WAIT');
insert into `p1p_dossier_inspection_item_result` (`inspection_item_result_id`, `inspection_record_id`, `inspection_spec_id`, `item_code`, `item_name`, `measured_value`, `standard_value`, `lower_limit`, `upper_limit`, `unit`, `judge_result`) values (9, 9, 9, 'CHK-02', 'Piston Rod Chrome Plating Visual Inspection', '155.300 mm', '155.000 mm', '153.000 mm', '157.000 mm', 'MPA', 'PASS');
insert into `p1p_dossier_inspection_item_result` (`inspection_item_result_id`, `inspection_record_id`, `inspection_spec_id`, `item_code`, `item_name`, `measured_value`, `standard_value`, `lower_limit`, `upper_limit`, `unit`, `judge_result`) values (10, 10, 10, 'CHK-03', 'Cylinder Barrel Inner Bore Dimension Measurement', '4.500 s', '4.800 s', '4.000 s', '5.500 s', 'MM', 'FAIL');
insert into `p1p_dossier_defect_record` (`defect_record_id`, `inspection_record_id`, `component_instance_id`, `part_instance_id`, `operation_execution_id`, `defect_code`, `defect_name`, `defect_position`, `severity_level`, `failure_desc`, `find_dept_code`, `find_dept_name`) values (1, 1, 1, 1, 1, 'DEF-HYD-02', 'Chrome Plating Scratch on Piston Rod', 'Chrome Plating Scratch on Piston Rod involving Piston Rod Assembly; review and disposition are required according to the nonconformance process.', 'MINOR', 'Chrome Plating Scratch on Piston Rod involving Piston Rod Assembly; review and disposition are required according to the nonconformance process.', 'DEPT-QA-02', 'Quality Management Department');
insert into `p1p_dossier_defect_record` (`defect_record_id`, `inspection_record_id`, `component_instance_id`, `part_instance_id`, `operation_execution_id`, `defect_code`, `defect_name`, `defect_position`, `severity_level`, `failure_desc`, `find_dept_code`, `find_dept_name`) values (2, 2, 2, 2, 2, 'DEF-HYD-03', 'Seal Ring Compression Damage', 'Seal Ring Compression Damage involving Cylinder Barrel Assembly; review and disposition are required according to the nonconformance process.', 'MAJOR', 'Seal Ring Compression Damage involving Cylinder Barrel Assembly; review and disposition are required according to the nonconformance process.', 'DEPT-QA-03', 'Hydraulic Assembly Workshop');
insert into `p1p_dossier_defect_record` (`defect_record_id`, `inspection_record_id`, `component_instance_id`, `part_instance_id`, `operation_execution_id`, `defect_code`, `defect_name`, `defect_position`, `severity_level`, `failure_desc`, `find_dept_code`, `find_dept_name`) values (3, 3, 3, 3, 3, 'DEF-HYD-04', 'Scratch on Cylinder Barrel Inner Wall', 'Scratch on Cylinder Barrel Inner Wall involving Front End Cap; review and disposition are required according to the nonconformance process.', 'CRITICAL', 'Scratch on Cylinder Barrel Inner Wall involving Front End Cap; review and disposition are required according to the nonconformance process.', 'DEPT-QA-04', 'Precision Machining Workshop');
insert into `p1p_dossier_defect_record` (`defect_record_id`, `inspection_record_id`, `component_instance_id`, `part_instance_id`, `operation_execution_id`, `defect_code`, `defect_name`, `defect_position`, `severity_level`, `failure_desc`, `find_dept_code`, `find_dept_name`) values (4, 4, 4, 4, 4, 'DEF-HYD-05', 'Pressure Holding Leakage Rate Out of Tolerance', 'Pressure Holding Leakage Rate Out of Tolerance involving Rear End Cap; review and disposition are required according to the nonconformance process.', 'WARNING', 'Pressure Holding Leakage Rate Out of Tolerance involving Rear End Cap; review and disposition are required according to the nonconformance process.', 'DEPT-QA-05', 'Outsourcing Quality Office');
insert into `p1p_dossier_defect_record` (`defect_record_id`, `inspection_record_id`, `component_instance_id`, `part_instance_id`, `operation_execution_id`, `defect_code`, `defect_name`, `defect_position`, `severity_level`, `failure_desc`, `find_dept_code`, `find_dept_name`) values (5, 5, 5, 5, 5, 'DEF-HYD-06', 'Actuation Hysteresis', 'Actuation Hysteresis involving Seal Ring Assembly; review and disposition are required according to the nonconformance process.', 'MINOR', 'Actuation Hysteresis involving Seal Ring Assembly; review and disposition are required according to the nonconformance process.', 'DEPT-QA-06', 'Aviation Materials Procurement Department');
insert into `p1p_dossier_defect_record` (`defect_record_id`, `inspection_record_id`, `component_instance_id`, `part_instance_id`, `operation_execution_id`, `defect_code`, `defect_name`, `defect_position`, `severity_level`, `failure_desc`, `find_dept_code`, `find_dept_name`) values (6, 6, 6, 6, 6, 'DEF-HYD-07', 'Minor Leakage at Hydraulic Fitting', 'Minor Leakage at Hydraulic Fitting involving Trunnion Bushing; review and disposition are required according to the nonconformance process.', 'MAJOR', 'Minor Leakage at Hydraulic Fitting involving Trunnion Bushing; review and disposition are required according to the nonconformance process.', 'DEPT-QA-01', 'Field Support Department');
insert into `p1p_dossier_defect_record` (`defect_record_id`, `inspection_record_id`, `component_instance_id`, `part_instance_id`, `operation_execution_id`, `defect_code`, `defect_name`, `defect_position`, `severity_level`, `failure_desc`, `find_dept_code`, `find_dept_name`) values (7, 7, 7, 7, 7, 'DEF-HYD-08', 'Excessive Trunnion Bushing Clearance', 'Excessive Trunnion Bushing Clearance involving Spherical Bearing; review and disposition are required according to the nonconformance process.', 'CRITICAL', 'Excessive Trunnion Bushing Clearance involving Spherical Bearing; review and disposition are required according to the nonconformance process.', 'DEPT-QA-02', 'Quality Management Department');
insert into `p1p_dossier_defect_record` (`defect_record_id`, `inspection_record_id`, `component_instance_id`, `part_instance_id`, `operation_execution_id`, `defect_code`, `defect_name`, `defect_position`, `severity_level`, `failure_desc`, `find_dept_code`, `find_dept_name`) values (8, 8, 8, 8, 8, 'DEF-HYD-09', 'Loose Displacement Sensor Bracket', 'Loose Displacement Sensor Bracket involving Throttle Connector; review and disposition are required according to the nonconformance process.', 'WARNING', 'Loose Displacement Sensor Bracket involving Throttle Connector; review and disposition are required according to the nonconformance process.', 'DEPT-QA-03', 'Hydraulic Assembly Workshop');
insert into `p1p_dossier_defect_record` (`defect_record_id`, `inspection_record_id`, `component_instance_id`, `part_instance_id`, `operation_execution_id`, `defect_code`, `defect_name`, `defect_position`, `severity_level`, `failure_desc`, `find_dept_code`, `find_dept_name`) values (9, 9, 9, 9, 9, 'DEF-HYD-01', 'Chrome Plating Scratch on Piston Rod', 'Chrome Plating Scratch on Piston Rod involving Displacement Sensor Bracket; review and disposition are required according to the nonconformance process.', 'MINOR', 'Chrome Plating Scratch on Piston Rod involving Displacement Sensor Bracket; review and disposition are required according to the nonconformance process.', 'DEPT-QA-04', 'Precision Machining Workshop');
insert into `p1p_dossier_defect_record` (`defect_record_id`, `inspection_record_id`, `component_instance_id`, `part_instance_id`, `operation_execution_id`, `defect_code`, `defect_name`, `defect_position`, `severity_level`, `failure_desc`, `find_dept_code`, `find_dept_name`) values (10, 10, 10, 10, 10, 'DEF-HYD-02', 'Seal Ring Compression Damage', 'Seal Ring Compression Damage involving Locking Nut; review and disposition are required according to the nonconformance process.', 'MAJOR', 'Seal Ring Compression Damage involving Locking Nut; review and disposition are required according to the nonconformance process.', 'DEPT-QA-05', 'Outsourcing Quality Office');
insert into `p1p_dossier_iqs_failure` (`iqs_failure_id`, `quality_event_id`, `inspection_record_id`, `defect_record_id`, `component_instance_id`, `part_instance_id`, `work_order_id`, `operation_execution_id`, `supplier_id`, `maintenance_event_id`, `doc_source`, `failure_type`, `quality_code`, `iqs_failure_order`, `task_code`, `product_code`, `product_name`, `piece_no`, `op_no`, `find_dept_code`, `find_dept_name`, `doc_status`, `secret_level`, `start_time`, `finish_time`) values (1, 1, 1, 1, 1, 1, 1, 1, 1, 1, 'NORMAL', 'PROCESS_NC', 'QC-LG-0001', 'IQS-CF-0001', 'TASK-LG-0001', 'AC-LGACT-PROD-0001', 'Piston Rod Assembly 001', 'PIECENO-0001', 'OP020', 'DEPT-QA-02', 'Quality Management Department', 'NORMAL', 'NORMAL', '2026-05-09 08:07:00', '2026-05-09 08:07:00');
insert into `p1p_dossier_iqs_failure` (`iqs_failure_id`, `quality_event_id`, `inspection_record_id`, `defect_record_id`, `component_instance_id`, `part_instance_id`, `work_order_id`, `operation_execution_id`, `supplier_id`, `maintenance_event_id`, `doc_source`, `failure_type`, `quality_code`, `iqs_failure_order`, `task_code`, `product_code`, `product_name`, `piece_no`, `op_no`, `find_dept_code`, `find_dept_name`, `doc_status`, `secret_level`, `start_time`, `finish_time`) values (2, 2, 2, 2, 2, 2, 2, 2, 2, 2, 'WARNING', 'INCOMING_NC', 'QC-LG-0002', 'IQS-CF-0002', 'TASK-LG-0002', 'AC-LGACT-PROD-0002', 'Cylinder Barrel Assembly 002', 'PIECENO-0002', 'OP030', 'DEPT-QA-03', 'Hydraulic Assembly Workshop', 'WARNING', 'WARNING', '2026-05-10 08:14:00', '2026-05-10 08:14:00');
insert into `p1p_dossier_iqs_failure` (`iqs_failure_id`, `quality_event_id`, `inspection_record_id`, `defect_record_id`, `component_instance_id`, `part_instance_id`, `work_order_id`, `operation_execution_id`, `supplier_id`, `maintenance_event_id`, `doc_source`, `failure_type`, `quality_code`, `iqs_failure_order`, `task_code`, `product_code`, `product_name`, `piece_no`, `op_no`, `find_dept_code`, `find_dept_name`, `doc_status`, `secret_level`, `start_time`, `finish_time`) values (3, 3, 3, 3, 3, 3, 3, 3, 3, 3, 'QUALIFIED', 'ASSEMBLY_NC', 'QC-LG-0003', 'IQS-CF-0003', 'TASK-LG-0003', 'AC-LGACT-PROD-0003', 'Front End Cap 003', 'PIECENO-0003', 'OP040', 'DEPT-QA-04', 'Precision Machining Workshop', 'QUALIFIED', 'QUALIFIED', '2026-05-11 08:21:00', '2026-05-11 08:21:00');
insert into `p1p_dossier_iqs_failure` (`iqs_failure_id`, `quality_event_id`, `inspection_record_id`, `defect_record_id`, `component_instance_id`, `part_instance_id`, `work_order_id`, `operation_execution_id`, `supplier_id`, `maintenance_event_id`, `doc_source`, `failure_type`, `quality_code`, `iqs_failure_order`, `task_code`, `product_code`, `product_name`, `piece_no`, `op_no`, `find_dept_code`, `find_dept_name`, `doc_status`, `secret_level`, `start_time`, `finish_time`) values (4, 4, 4, 4, 4, 4, 4, 4, 4, 4, 'CLOSED', 'SERVICE_FAILURE', 'QC-LG-0004', 'IQS-CF-0004', 'TASK-LG-0004', 'AC-LGACT-PROD-0004', 'Rear End Cap 004', 'PIECENO-0004', 'OP050', 'DEPT-QA-05', 'Outsourcing Quality Office', 'CLOSED', 'CLOSED', '2026-05-12 08:28:00', '2026-05-12 08:28:00');
insert into `p1p_dossier_iqs_failure` (`iqs_failure_id`, `quality_event_id`, `inspection_record_id`, `defect_record_id`, `component_instance_id`, `part_instance_id`, `work_order_id`, `operation_execution_id`, `supplier_id`, `maintenance_event_id`, `doc_source`, `failure_type`, `quality_code`, `iqs_failure_order`, `task_code`, `product_code`, `product_name`, `piece_no`, `op_no`, `find_dept_code`, `find_dept_name`, `doc_status`, `secret_level`, `start_time`, `finish_time`) values (5, 5, 5, 5, 5, 5, 5, 5, 5, 5, 'NORMAL', 'PROCESS_NC', 'QC-LG-0005', 'IQS-CF-0005', 'TASK-LG-0005', 'AC-LGACT-PROD-0005', 'Seal Ring Assembly 005', 'PIECENO-0005', 'OP060', 'DEPT-QA-06', 'Aviation Materials Procurement Department', 'NORMAL', 'NORMAL', '2026-05-13 08:35:00', '2026-05-13 08:35:00');
insert into `p1p_dossier_iqs_failure` (`iqs_failure_id`, `quality_event_id`, `inspection_record_id`, `defect_record_id`, `component_instance_id`, `part_instance_id`, `work_order_id`, `operation_execution_id`, `supplier_id`, `maintenance_event_id`, `doc_source`, `failure_type`, `quality_code`, `iqs_failure_order`, `task_code`, `product_code`, `product_name`, `piece_no`, `op_no`, `find_dept_code`, `find_dept_name`, `doc_status`, `secret_level`, `start_time`, `finish_time`) values (6, 6, 6, 6, 6, 6, 6, 6, 6, 6, 'WARNING', 'INCOMING_NC', 'QC-LG-0006', 'IQS-CF-0006', 'TASK-LG-0006', 'AC-LGACT-PROD-0006', 'Trunnion Bushing 006', 'PIECENO-0006', 'OP070', 'DEPT-QA-01', 'Field Support Department', 'WARNING', 'WARNING', '2026-05-14 08:42:00', '2026-05-14 08:42:00');
insert into `p1p_dossier_iqs_failure` (`iqs_failure_id`, `quality_event_id`, `inspection_record_id`, `defect_record_id`, `component_instance_id`, `part_instance_id`, `work_order_id`, `operation_execution_id`, `supplier_id`, `maintenance_event_id`, `doc_source`, `failure_type`, `quality_code`, `iqs_failure_order`, `task_code`, `product_code`, `product_name`, `piece_no`, `op_no`, `find_dept_code`, `find_dept_name`, `doc_status`, `secret_level`, `start_time`, `finish_time`) values (7, 7, 7, 7, 7, 7, 7, 7, 7, 7, 'QUALIFIED', 'ASSEMBLY_NC', 'QC-LG-0007', 'IQS-CF-0007', 'TASK-LG-0007', 'AC-LGACT-PROD-0007', 'Spherical Bearing 007', 'PIECENO-0007', 'OP080', 'DEPT-QA-02', 'Quality Management Department', 'QUALIFIED', 'QUALIFIED', '2026-05-15 08:49:00', '2026-05-15 08:49:00');
insert into `p1p_dossier_iqs_failure` (`iqs_failure_id`, `quality_event_id`, `inspection_record_id`, `defect_record_id`, `component_instance_id`, `part_instance_id`, `work_order_id`, `operation_execution_id`, `supplier_id`, `maintenance_event_id`, `doc_source`, `failure_type`, `quality_code`, `iqs_failure_order`, `task_code`, `product_code`, `product_name`, `piece_no`, `op_no`, `find_dept_code`, `find_dept_name`, `doc_status`, `secret_level`, `start_time`, `finish_time`) values (8, 8, 8, 8, 8, 8, 8, 8, 8, 8, 'CLOSED', 'SERVICE_FAILURE', 'QC-LG-0008', 'IQS-CF-0008', 'TASK-LG-0008', 'AC-LGACT-PROD-0008', 'Throttle Connector 008', 'PIECENO-0008', 'OP010', 'DEPT-QA-03', 'Hydraulic Assembly Workshop', 'CLOSED', 'CLOSED', '2026-05-16 08:56:00', '2026-05-16 08:56:00');
insert into `p1p_dossier_iqs_failure` (`iqs_failure_id`, `quality_event_id`, `inspection_record_id`, `defect_record_id`, `component_instance_id`, `part_instance_id`, `work_order_id`, `operation_execution_id`, `supplier_id`, `maintenance_event_id`, `doc_source`, `failure_type`, `quality_code`, `iqs_failure_order`, `task_code`, `product_code`, `product_name`, `piece_no`, `op_no`, `find_dept_code`, `find_dept_name`, `doc_status`, `secret_level`, `start_time`, `finish_time`) values (9, 9, 9, 9, 9, 9, 9, 9, 9, 9, 'NORMAL', 'PROCESS_NC', 'QC-LG-0009', 'IQS-CF-0009', 'TASK-LG-0009', 'AC-LGACT-PROD-0009', 'Displacement Sensor Bracket 009', 'PIECENO-0009', 'OP020', 'DEPT-QA-04', 'Precision Machining Workshop', 'NORMAL', 'NORMAL', '2026-05-17 09:03:00', '2026-05-17 09:03:00');
insert into `p1p_dossier_iqs_failure` (`iqs_failure_id`, `quality_event_id`, `inspection_record_id`, `defect_record_id`, `component_instance_id`, `part_instance_id`, `work_order_id`, `operation_execution_id`, `supplier_id`, `maintenance_event_id`, `doc_source`, `failure_type`, `quality_code`, `iqs_failure_order`, `task_code`, `product_code`, `product_name`, `piece_no`, `op_no`, `find_dept_code`, `find_dept_name`, `doc_status`, `secret_level`, `start_time`, `finish_time`) values (10, 10, 10, 10, 10, 10, 10, 10, 10, 10, 'WARNING', 'INCOMING_NC', 'QC-LG-0010', 'IQS-CF-0010', 'TASK-LG-0010', 'AC-LGACT-PROD-0010', 'Locking Nut 010', 'PIECENO-0010', 'OP030', 'DEPT-QA-05', 'Outsourcing Quality Office', 'WARNING', 'WARNING', '2026-05-18 09:10:00', '2026-05-18 09:10:00');
insert into `p1p_dossier_iqs_failure_content` (`iqs_failure_content_id`, `iqs_failure_id`, `start_piece_no`, `end_piece_no`, `failure_desc`, `failure_place_brief`, `find_type`, `find_date`, `finder_type`, `find_user_code`, `find_user_name`, `duty_worksec_code`, `duty_worksec_name`, `duty_dept_code`, `duty_dept_name`, `actual_method`, `doc_no`) values (1, 1, 2, 2, 'Chrome Plating Scratch on Piston Rod involving Piston Rod Assembly; review and disposition are required according to the nonconformance process.', 'Chrome Plating Scratch on Piston Rod involving Piston Rod Assembly; review and disposition are required according to the nonconformance process.', 'NORMAL', '2026-05-09 08:07:00', 'NORMAL', 'PERS-0001', 'Piston Rod Assembly 001', 'WS-HYD-02', 'Machining Section 1', 'DEPT-QA-02', 'Quality Management Department', 'Chrome Plating Scratch on Piston Rod involving Piston Rod Assembly; review and disposition are required according to the nonconformance process.', 'DOCNO-0001');
insert into `p1p_dossier_iqs_failure_content` (`iqs_failure_content_id`, `iqs_failure_id`, `start_piece_no`, `end_piece_no`, `failure_desc`, `failure_place_brief`, `find_type`, `find_date`, `finder_type`, `find_user_code`, `find_user_name`, `duty_worksec_code`, `duty_worksec_name`, `duty_dept_code`, `duty_dept_name`, `actual_method`, `doc_no`) values (2, 2, 3, 3, 'Seal Ring Compression Damage involving Cylinder Barrel Assembly; review and disposition are required according to the nonconformance process.', 'Seal Ring Compression Damage involving Cylinder Barrel Assembly; review and disposition are required according to the nonconformance process.', 'WARNING', '2026-05-10 08:14:00', 'WARNING', 'PERS-0002', 'Cylinder Barrel Assembly 002', 'WS-HYD-03', 'Precision Grinding Section', 'DEPT-QA-03', 'Hydraulic Assembly Workshop', 'Seal Ring Compression Damage involving Cylinder Barrel Assembly; review and disposition are required according to the nonconformance process.', 'DOCNO-0002');
insert into `p1p_dossier_iqs_failure_content` (`iqs_failure_content_id`, `iqs_failure_id`, `start_piece_no`, `end_piece_no`, `failure_desc`, `failure_place_brief`, `find_type`, `find_date`, `finder_type`, `find_user_code`, `find_user_name`, `duty_worksec_code`, `duty_worksec_name`, `duty_dept_code`, `duty_dept_name`, `actual_method`, `doc_no`) values (3, 3, 4, 4, 'Scratch on Cylinder Barrel Inner Wall involving Front End Cap; review and disposition are required according to the nonconformance process.', 'Scratch on Cylinder Barrel Inner Wall involving Front End Cap; review and disposition are required according to the nonconformance process.', 'QUALIFIED', '2026-05-11 08:21:00', 'QUALIFIED', 'PERS-0003', 'Front End Cap 003', 'WS-HYD-04', 'Hydraulic Assembly Section', 'DEPT-QA-04', 'Precision Machining Workshop', 'Scratch on Cylinder Barrel Inner Wall involving Front End Cap; review and disposition are required according to the nonconformance process.', 'DOCNO-0003');
insert into `p1p_dossier_iqs_failure_content` (`iqs_failure_content_id`, `iqs_failure_id`, `start_piece_no`, `end_piece_no`, `failure_desc`, `failure_place_brief`, `find_type`, `find_date`, `finder_type`, `find_user_code`, `find_user_name`, `duty_worksec_code`, `duty_worksec_name`, `duty_dept_code`, `duty_dept_name`, `actual_method`, `doc_no`) values (4, 4, 5, 5, 'Pressure Holding Leakage Rate Out of Tolerance involving Rear End Cap; review and disposition are required according to the nonconformance process.', 'Pressure Holding Leakage Rate Out of Tolerance involving Rear End Cap; review and disposition are required according to the nonconformance process.', 'CLOSED', '2026-05-12 08:28:00', 'CLOSED', 'PERS-0004', 'Rear End Cap 004', 'WS-HYD-05', 'Pressure Test Section', 'DEPT-QA-05', 'Outsourcing Quality Office', 'Pressure Holding Leakage Rate Out of Tolerance involving Rear End Cap; review and disposition are required according to the nonconformance process.', 'DOCNO-0004');
insert into `p1p_dossier_iqs_failure_content` (`iqs_failure_content_id`, `iqs_failure_id`, `start_piece_no`, `end_piece_no`, `failure_desc`, `failure_place_brief`, `find_type`, `find_date`, `finder_type`, `find_user_code`, `find_user_name`, `duty_worksec_code`, `duty_worksec_name`, `duty_dept_code`, `duty_dept_name`, `actual_method`, `doc_no`) values (5, 5, 6, 6, 'Actuation Hysteresis involving Seal Ring Assembly; review and disposition are required according to the nonconformance process.', 'Actuation Hysteresis involving Seal Ring Assembly; review and disposition are required according to the nonconformance process.', 'NORMAL', '2026-05-13 08:35:00', 'NORMAL', 'PERS-0005', 'Seal Ring Assembly 005', 'WS-HYD-06', 'Final Inspection Section', 'DEPT-QA-06', 'Aviation Materials Procurement Department', 'Actuation Hysteresis involving Seal Ring Assembly; review and disposition are required according to the nonconformance process.', 'DOCNO-0005');
insert into `p1p_dossier_iqs_failure_content` (`iqs_failure_content_id`, `iqs_failure_id`, `start_piece_no`, `end_piece_no`, `failure_desc`, `failure_place_brief`, `find_type`, `find_date`, `finder_type`, `find_user_code`, `find_user_name`, `duty_worksec_code`, `duty_worksec_name`, `duty_dept_code`, `duty_dept_name`, `actual_method`, `doc_no`) values (6, 6, 7, 7, 'Minor Leakage at Hydraulic Fitting involving Trunnion Bushing; review and disposition are required according to the nonconformance process.', 'Minor Leakage at Hydraulic Fitting involving Trunnion Bushing; review and disposition are required according to the nonconformance process.', 'WARNING', '2026-05-14 08:42:00', 'WARNING', 'PERS-0006', 'Trunnion Bushing 006', 'WS-HYD-07', 'Repair Processing Section', 'DEPT-QA-01', 'Field Support Department', 'Minor Leakage at Hydraulic Fitting involving Trunnion Bushing; review and disposition are required according to the nonconformance process.', 'DOCNO-0006');
insert into `p1p_dossier_iqs_failure_content` (`iqs_failure_content_id`, `iqs_failure_id`, `start_piece_no`, `end_piece_no`, `failure_desc`, `failure_place_brief`, `find_type`, `find_date`, `finder_type`, `find_user_code`, `find_user_name`, `duty_worksec_code`, `duty_worksec_name`, `duty_dept_code`, `duty_dept_name`, `actual_method`, `doc_no`) values (7, 7, 8, 8, 'Excessive Trunnion Bushing Clearance involving Spherical Bearing; review and disposition are required according to the nonconformance process.', 'Excessive Trunnion Bushing Clearance involving Spherical Bearing; review and disposition are required according to the nonconformance process.', 'QUALIFIED', '2026-05-15 08:49:00', 'QUALIFIED', 'PERS-0007', 'Spherical Bearing 007', 'WS-HYD-08', 'Machining Section 1', 'DEPT-QA-02', 'Quality Management Department', 'Excessive Trunnion Bushing Clearance involving Spherical Bearing; review and disposition are required according to the nonconformance process.', 'DOCNO-0007');
insert into `p1p_dossier_iqs_failure_content` (`iqs_failure_content_id`, `iqs_failure_id`, `start_piece_no`, `end_piece_no`, `failure_desc`, `failure_place_brief`, `find_type`, `find_date`, `finder_type`, `find_user_code`, `find_user_name`, `duty_worksec_code`, `duty_worksec_name`, `duty_dept_code`, `duty_dept_name`, `actual_method`, `doc_no`) values (8, 8, 9, 9, 'Loose Displacement Sensor Bracket involving Throttle Connector; review and disposition are required according to the nonconformance process.', 'Loose Displacement Sensor Bracket involving Throttle Connector; review and disposition are required according to the nonconformance process.', 'CLOSED', '2026-05-16 08:56:00', 'CLOSED', 'PERS-0008', 'Throttle Connector 008', 'WS-HYD-01', 'Precision Grinding Section', 'DEPT-QA-03', 'Hydraulic Assembly Workshop', 'Loose Displacement Sensor Bracket involving Throttle Connector; review and disposition are required according to the nonconformance process.', 'DOCNO-0008');
insert into `p1p_dossier_iqs_failure_content` (`iqs_failure_content_id`, `iqs_failure_id`, `start_piece_no`, `end_piece_no`, `failure_desc`, `failure_place_brief`, `find_type`, `find_date`, `finder_type`, `find_user_code`, `find_user_name`, `duty_worksec_code`, `duty_worksec_name`, `duty_dept_code`, `duty_dept_name`, `actual_method`, `doc_no`) values (9, 9, 1, 1, 'Chrome Plating Scratch on Piston Rod involving Displacement Sensor Bracket; review and disposition are required according to the nonconformance process.', 'Chrome Plating Scratch on Piston Rod involving Displacement Sensor Bracket; review and disposition are required according to the nonconformance process.', 'NORMAL', '2026-05-17 09:03:00', 'NORMAL', 'PERS-0009', 'Displacement Sensor Bracket 009', 'WS-HYD-02', 'Hydraulic Assembly Section', 'DEPT-QA-04', 'Precision Machining Workshop', 'Chrome Plating Scratch on Piston Rod involving Displacement Sensor Bracket; review and disposition are required according to the nonconformance process.', 'DOCNO-0009');
insert into `p1p_dossier_iqs_failure_content` (`iqs_failure_content_id`, `iqs_failure_id`, `start_piece_no`, `end_piece_no`, `failure_desc`, `failure_place_brief`, `find_type`, `find_date`, `finder_type`, `find_user_code`, `find_user_name`, `duty_worksec_code`, `duty_worksec_name`, `duty_dept_code`, `duty_dept_name`, `actual_method`, `doc_no`) values (10, 10, 2, 2, 'Seal Ring Compression Damage involving Locking Nut; review and disposition are required according to the nonconformance process.', 'Seal Ring Compression Damage involving Locking Nut; review and disposition are required according to the nonconformance process.', 'WARNING', '2026-05-18 09:10:00', 'WARNING', 'PERS-0010', 'Locking Nut 010', 'WS-HYD-03', 'Pressure Test Section', 'DEPT-QA-05', 'Outsourcing Quality Office', 'Seal Ring Compression Damage involving Locking Nut; review and disposition are required according to the nonconformance process.', 'DOCNO-0010');
insert into `p1p_dossier_service_feedback` (`service_feedback_id`, `quality_event_id`, `maintenance_event_id`, `component_instance_id`, `iqs_failure_id`, `feedback_no`, `feedback_source`, `feedback_date`, `feedback_desc`, `feedback_status`) values (1, 1, 1, 1, 1, 'FB-CF-0001', 'NORMAL', '2026-05-09 08:07:00', 'Field feedback reported Chrome Plating Scratch on Piston Rod; the maintenance record has been linked to the replaced part and the original manufacturing batch.', 'NORMAL');
insert into `p1p_dossier_service_feedback` (`service_feedback_id`, `quality_event_id`, `maintenance_event_id`, `component_instance_id`, `iqs_failure_id`, `feedback_no`, `feedback_source`, `feedback_date`, `feedback_desc`, `feedback_status`) values (2, 2, 2, 2, 2, 'FB-CF-0002', 'WARNING', '2026-05-10 08:14:00', 'Field feedback reported Seal Ring Compression Damage; the maintenance record has been linked to the replaced part and the original manufacturing batch.', 'WARNING');
insert into `p1p_dossier_service_feedback` (`service_feedback_id`, `quality_event_id`, `maintenance_event_id`, `component_instance_id`, `iqs_failure_id`, `feedback_no`, `feedback_source`, `feedback_date`, `feedback_desc`, `feedback_status`) values (3, 3, 3, 3, 3, 'FB-CF-0003', 'QUALIFIED', '2026-05-11 08:21:00', 'Field feedback reported Scratch on Cylinder Barrel Inner Wall; the maintenance record has been linked to the replaced part and the original manufacturing batch.', 'QUALIFIED');
insert into `p1p_dossier_service_feedback` (`service_feedback_id`, `quality_event_id`, `maintenance_event_id`, `component_instance_id`, `iqs_failure_id`, `feedback_no`, `feedback_source`, `feedback_date`, `feedback_desc`, `feedback_status`) values (4, 4, 4, 4, 4, 'FB-CF-0004', 'CLOSED', '2026-05-12 08:28:00', 'Field feedback reported Pressure Holding Leakage Rate Out of Tolerance; the maintenance record has been linked to the replaced part and the original manufacturing batch.', 'CLOSED');
insert into `p1p_dossier_service_feedback` (`service_feedback_id`, `quality_event_id`, `maintenance_event_id`, `component_instance_id`, `iqs_failure_id`, `feedback_no`, `feedback_source`, `feedback_date`, `feedback_desc`, `feedback_status`) values (5, 5, 5, 5, 5, 'FB-CF-0005', 'NORMAL', '2026-05-13 08:35:00', 'Field feedback reported Actuation Hysteresis; the maintenance record has been linked to the replaced part and the original manufacturing batch.', 'NORMAL');
insert into `p1p_dossier_service_feedback` (`service_feedback_id`, `quality_event_id`, `maintenance_event_id`, `component_instance_id`, `iqs_failure_id`, `feedback_no`, `feedback_source`, `feedback_date`, `feedback_desc`, `feedback_status`) values (6, 6, 6, 6, 6, 'FB-CF-0006', 'WARNING', '2026-05-14 08:42:00', 'Field feedback reported Minor Leakage at Hydraulic Fitting; the maintenance record has been linked to the replaced part and the original manufacturing batch.', 'WARNING');
insert into `p1p_dossier_service_feedback` (`service_feedback_id`, `quality_event_id`, `maintenance_event_id`, `component_instance_id`, `iqs_failure_id`, `feedback_no`, `feedback_source`, `feedback_date`, `feedback_desc`, `feedback_status`) values (7, 7, 7, 7, 7, 'FB-CF-0007', 'QUALIFIED', '2026-05-15 08:49:00', 'Field feedback reported Excessive Trunnion Bushing Clearance; the maintenance record has been linked to the replaced part and the original manufacturing batch.', 'QUALIFIED');
insert into `p1p_dossier_service_feedback` (`service_feedback_id`, `quality_event_id`, `maintenance_event_id`, `component_instance_id`, `iqs_failure_id`, `feedback_no`, `feedback_source`, `feedback_date`, `feedback_desc`, `feedback_status`) values (8, 8, 8, 8, 8, 'FB-CF-0008', 'CLOSED', '2026-05-16 08:56:00', 'Field feedback reported Loose Displacement Sensor Bracket; the maintenance record has been linked to the replaced part and the original manufacturing batch.', 'CLOSED');
insert into `p1p_dossier_service_feedback` (`service_feedback_id`, `quality_event_id`, `maintenance_event_id`, `component_instance_id`, `iqs_failure_id`, `feedback_no`, `feedback_source`, `feedback_date`, `feedback_desc`, `feedback_status`) values (9, 9, 9, 9, 9, 'FB-CF-0009', 'NORMAL', '2026-05-17 09:03:00', 'Field feedback reported Chrome Plating Scratch on Piston Rod; the maintenance record has been linked to the replaced part and the original manufacturing batch.', 'NORMAL');
insert into `p1p_dossier_service_feedback` (`service_feedback_id`, `quality_event_id`, `maintenance_event_id`, `component_instance_id`, `iqs_failure_id`, `feedback_no`, `feedback_source`, `feedback_date`, `feedback_desc`, `feedback_status`) values (10, 10, 10, 10, 10, 'FB-CF-0010', 'WARNING', '2026-05-18 09:10:00', 'Field feedback reported Seal Ring Compression Damage; the maintenance record has been linked to the replaced part and the original manufacturing batch.', 'WARNING');
insert into `p1p_dossier_iqs_failure_duty` (`iqs_failure_duty_id`, `iqs_failure_id`, `iqs_failure_content_id`, `duty_personnel_id`, `supplier_id`, `duty_dept_code`, `duty_dept_name`, `duty_user_code`, `duty_user_name`, `duty_person_ratio`, `responsibility_date`) values (1, 1, 1, 1, 1, 'DEPT-QA-02', 'Quality Management Department', 'PERS-0001', 'Piston Rod Assembly 001', 51.000, '2026-05-09 08:07:00');
insert into `p1p_dossier_iqs_failure_duty` (`iqs_failure_duty_id`, `iqs_failure_id`, `iqs_failure_content_id`, `duty_personnel_id`, `supplier_id`, `duty_dept_code`, `duty_dept_name`, `duty_user_code`, `duty_user_name`, `duty_person_ratio`, `responsibility_date`) values (2, 2, 2, 2, 2, 'DEPT-QA-03', 'Hydraulic Assembly Workshop', 'PERS-0002', 'Cylinder Barrel Assembly 002', 52.000, '2026-05-10 08:14:00');
insert into `p1p_dossier_iqs_failure_duty` (`iqs_failure_duty_id`, `iqs_failure_id`, `iqs_failure_content_id`, `duty_personnel_id`, `supplier_id`, `duty_dept_code`, `duty_dept_name`, `duty_user_code`, `duty_user_name`, `duty_person_ratio`, `responsibility_date`) values (3, 3, 3, 3, 3, 'DEPT-QA-04', 'Precision Machining Workshop', 'PERS-0003', 'Front End Cap 003', 53.000, '2026-05-11 08:21:00');
insert into `p1p_dossier_iqs_failure_duty` (`iqs_failure_duty_id`, `iqs_failure_id`, `iqs_failure_content_id`, `duty_personnel_id`, `supplier_id`, `duty_dept_code`, `duty_dept_name`, `duty_user_code`, `duty_user_name`, `duty_person_ratio`, `responsibility_date`) values (4, 4, 4, 4, 4, 'DEPT-QA-05', 'Outsourcing Quality Office', 'PERS-0004', 'Rear End Cap 004', 54.000, '2026-05-12 08:28:00');
insert into `p1p_dossier_iqs_failure_duty` (`iqs_failure_duty_id`, `iqs_failure_id`, `iqs_failure_content_id`, `duty_personnel_id`, `supplier_id`, `duty_dept_code`, `duty_dept_name`, `duty_user_code`, `duty_user_name`, `duty_person_ratio`, `responsibility_date`) values (5, 5, 5, 5, 5, 'DEPT-QA-06', 'Aviation Materials Procurement Department', 'PERS-0005', 'Seal Ring Assembly 005', 55.000, '2026-05-13 08:35:00');
insert into `p1p_dossier_iqs_failure_duty` (`iqs_failure_duty_id`, `iqs_failure_id`, `iqs_failure_content_id`, `duty_personnel_id`, `supplier_id`, `duty_dept_code`, `duty_dept_name`, `duty_user_code`, `duty_user_name`, `duty_person_ratio`, `responsibility_date`) values (6, 6, 6, 6, 6, 'DEPT-QA-01', 'Field Support Department', 'PERS-0006', 'Trunnion Bushing 006', 56.000, '2026-05-14 08:42:00');
insert into `p1p_dossier_iqs_failure_duty` (`iqs_failure_duty_id`, `iqs_failure_id`, `iqs_failure_content_id`, `duty_personnel_id`, `supplier_id`, `duty_dept_code`, `duty_dept_name`, `duty_user_code`, `duty_user_name`, `duty_person_ratio`, `responsibility_date`) values (7, 7, 7, 7, 7, 'DEPT-QA-02', 'Quality Management Department', 'PERS-0007', 'Spherical Bearing 007', 57.000, '2026-05-15 08:49:00');
insert into `p1p_dossier_iqs_failure_duty` (`iqs_failure_duty_id`, `iqs_failure_id`, `iqs_failure_content_id`, `duty_personnel_id`, `supplier_id`, `duty_dept_code`, `duty_dept_name`, `duty_user_code`, `duty_user_name`, `duty_person_ratio`, `responsibility_date`) values (8, 8, 8, 8, 8, 'DEPT-QA-03', 'Hydraulic Assembly Workshop', 'PERS-0008', 'Throttle Connector 008', 58.000, '2026-05-16 08:56:00');
insert into `p1p_dossier_iqs_failure_duty` (`iqs_failure_duty_id`, `iqs_failure_id`, `iqs_failure_content_id`, `duty_personnel_id`, `supplier_id`, `duty_dept_code`, `duty_dept_name`, `duty_user_code`, `duty_user_name`, `duty_person_ratio`, `responsibility_date`) values (9, 9, 9, 9, 9, 'DEPT-QA-04', 'Precision Machining Workshop', 'PERS-0009', 'Displacement Sensor Bracket 009', 59.000, '2026-05-17 09:03:00');
insert into `p1p_dossier_iqs_failure_duty` (`iqs_failure_duty_id`, `iqs_failure_id`, `iqs_failure_content_id`, `duty_personnel_id`, `supplier_id`, `duty_dept_code`, `duty_dept_name`, `duty_user_code`, `duty_user_name`, `duty_person_ratio`, `responsibility_date`) values (10, 10, 10, 10, 10, 'DEPT-QA-05', 'Outsourcing Quality Office', 'PERS-0010', 'Locking Nut 010', 60.000, '2026-05-18 09:10:00');
insert into `p1p_dossier_disposition_record` (`disposition_record_id`, `quality_event_id`, `iqs_failure_id`, `iqs_failure_content_id`, `work_order_id`, `responsible_personnel_id`, `disposition_no`, `deal_type_find`, `deal_type_pass`, `deal_type_tech`, `disposition_type`, `disposition_desc`, `disposition_date`, `disposition_status`) values (1, 1, 1, 1, 1, 1, 'DSP-CF-0001', 'REWORK', 'REWORK', 'REWORK', 'REWORK', 'Repair and reinspection measures were taken for Chrome Plating Scratch on Piston Rod, and Extension and Retraction Pressure was rechecked against acceptance requirements.', '2026-05-09 08:07:00', 'NORMAL');
insert into `p1p_dossier_disposition_record` (`disposition_record_id`, `quality_event_id`, `iqs_failure_id`, `iqs_failure_content_id`, `work_order_id`, `responsible_personnel_id`, `disposition_no`, `deal_type_find`, `deal_type_pass`, `deal_type_tech`, `disposition_type`, `disposition_desc`, `disposition_date`, `disposition_status`) values (2, 2, 2, 2, 2, 2, 'DSP-CF-0002', 'REPAIR', 'REPAIR', 'REPAIR', 'REPAIR', 'Repair and reinspection measures were taken for Seal Ring Compression Damage, and Pressure Holding Leakage Rate was rechecked against acceptance requirements.', '2026-05-10 08:14:00', 'WARNING');
insert into `p1p_dossier_disposition_record` (`disposition_record_id`, `quality_event_id`, `iqs_failure_id`, `iqs_failure_content_id`, `work_order_id`, `responsible_personnel_id`, `disposition_no`, `deal_type_find`, `deal_type_pass`, `deal_type_tech`, `disposition_type`, `disposition_desc`, `disposition_date`, `disposition_status`) values (3, 3, 3, 3, 3, 3, 'DSP-CF-0003', 'SCRAP', 'SCRAP', 'SCRAP', 'SCRAP', 'Repair and reinspection measures were taken for Scratch on Cylinder Barrel Inner Wall, and Piston Rod Extension Stroke was rechecked against acceptance requirements.', '2026-05-11 08:21:00', 'QUALIFIED');
insert into `p1p_dossier_disposition_record` (`disposition_record_id`, `quality_event_id`, `iqs_failure_id`, `iqs_failure_content_id`, `work_order_id`, `responsible_personnel_id`, `disposition_no`, `deal_type_find`, `deal_type_pass`, `deal_type_tech`, `disposition_type`, `disposition_desc`, `disposition_date`, `disposition_status`) values (4, 4, 4, 4, 4, 4, 'DSP-CF-0004', 'CONCESSION', 'CONCESSION', 'CONCESSION', 'CONCESSION', 'Repair and reinspection measures were taken for Pressure Holding Leakage Rate Out of Tolerance, and Actuation Time was rechecked against acceptance requirements.', '2026-05-12 08:28:00', 'CLOSED');
insert into `p1p_dossier_disposition_record` (`disposition_record_id`, `quality_event_id`, `iqs_failure_id`, `iqs_failure_content_id`, `work_order_id`, `responsible_personnel_id`, `disposition_no`, `deal_type_find`, `deal_type_pass`, `deal_type_tech`, `disposition_type`, `disposition_desc`, `disposition_date`, `disposition_status`) values (5, 5, 5, 5, 5, 5, 'DSP-CF-0005', 'REWORK', 'REWORK', 'REWORK', 'REWORK', 'Repair and reinspection measures were taken for Actuation Hysteresis, and Hydraulic Oil Temperature was rechecked against acceptance requirements.', '2026-05-13 08:35:00', 'NORMAL');
insert into `p1p_dossier_disposition_record` (`disposition_record_id`, `quality_event_id`, `iqs_failure_id`, `iqs_failure_content_id`, `work_order_id`, `responsible_personnel_id`, `disposition_no`, `deal_type_find`, `deal_type_pass`, `deal_type_tech`, `disposition_type`, `disposition_desc`, `disposition_date`, `disposition_status`) values (6, 6, 6, 6, 6, 6, 'DSP-CF-0006', 'REPAIR', 'REPAIR', 'REPAIR', 'REPAIR', 'Repair and reinspection measures were taken for Minor Leakage at Hydraulic Fitting, and Locking Clearance was rechecked against acceptance requirements.', '2026-05-14 08:42:00', 'WARNING');
insert into `p1p_dossier_disposition_record` (`disposition_record_id`, `quality_event_id`, `iqs_failure_id`, `iqs_failure_content_id`, `work_order_id`, `responsible_personnel_id`, `disposition_no`, `deal_type_find`, `deal_type_pass`, `deal_type_tech`, `disposition_type`, `disposition_desc`, `disposition_date`, `disposition_status`) values (7, 7, 7, 7, 7, 7, 'DSP-CF-0007', 'SCRAP', 'SCRAP', 'SCRAP', 'SCRAP', 'Repair and reinspection measures were taken for Excessive Trunnion Bushing Clearance, and Extension and Retraction Pressure was rechecked against acceptance requirements.', '2026-05-15 08:49:00', 'QUALIFIED');
insert into `p1p_dossier_disposition_record` (`disposition_record_id`, `quality_event_id`, `iqs_failure_id`, `iqs_failure_content_id`, `work_order_id`, `responsible_personnel_id`, `disposition_no`, `deal_type_find`, `deal_type_pass`, `deal_type_tech`, `disposition_type`, `disposition_desc`, `disposition_date`, `disposition_status`) values (8, 8, 8, 8, 8, 8, 'DSP-CF-0008', 'CONCESSION', 'CONCESSION', 'CONCESSION', 'CONCESSION', 'Repair and reinspection measures were taken for Loose Displacement Sensor Bracket, and Pressure Holding Leakage Rate was rechecked against acceptance requirements.', '2026-05-16 08:56:00', 'CLOSED');
insert into `p1p_dossier_disposition_record` (`disposition_record_id`, `quality_event_id`, `iqs_failure_id`, `iqs_failure_content_id`, `work_order_id`, `responsible_personnel_id`, `disposition_no`, `deal_type_find`, `deal_type_pass`, `deal_type_tech`, `disposition_type`, `disposition_desc`, `disposition_date`, `disposition_status`) values (9, 9, 9, 9, 9, 9, 'DSP-CF-0009', 'REWORK', 'REWORK', 'REWORK', 'REWORK', 'Repair and reinspection measures were taken for Chrome Plating Scratch on Piston Rod, and Piston Rod Extension Stroke was rechecked against acceptance requirements.', '2026-05-17 09:03:00', 'NORMAL');
insert into `p1p_dossier_disposition_record` (`disposition_record_id`, `quality_event_id`, `iqs_failure_id`, `iqs_failure_content_id`, `work_order_id`, `responsible_personnel_id`, `disposition_no`, `deal_type_find`, `deal_type_pass`, `deal_type_tech`, `disposition_type`, `disposition_desc`, `disposition_date`, `disposition_status`) values (10, 10, 10, 10, 10, 10, 'DSP-CF-0010', 'REPAIR', 'REPAIR', 'REPAIR', 'REPAIR', 'Repair and reinspection measures were taken for Seal Ring Compression Damage, and Actuation Time was rechecked against acceptance requirements.', '2026-05-18 09:10:00', 'WARNING');
insert into `p1p_dossier_quality_event_subject` (`quality_event_subject_id`, `quality_event_id`, `component_instance_id`, `part_instance_id`, `production_batch_id`, `inventory_batch_id`, `supplier_batch_id`, `work_order_id`, `operation_execution_id`, `step_execution_id`, `process_parameter_record_id`, `inspection_record_id`, `defect_record_id`, `purchase_order_id`, `supplier_id`, `maintenance_event_id`, `replacement_record_id`, `service_feedback_id`, `subject_type`, `subject_role`, `impact_desc`, `created_at`) values (1, 1, 1, 1, 1, 1, 1, 1, 1, 1, 1, 1, 1, 1, 1, 1, 1, 1, 'SELF_MADE', 'TRIGGER', 'Self-made Part Manufacturing Quality Trace Chain: Piston Rod Assembly is associated with Piston Rod Chrome Plating Visual Inspection and Chrome Plating Scratch on Piston Rod.', '2026-05-09 08:07:00');
insert into `p1p_dossier_quality_event_subject` (`quality_event_subject_id`, `quality_event_id`, `component_instance_id`, `part_instance_id`, `production_batch_id`, `inventory_batch_id`, `supplier_batch_id`, `work_order_id`, `operation_execution_id`, `step_execution_id`, `process_parameter_record_id`, `inspection_record_id`, `defect_record_id`, `purchase_order_id`, `supplier_id`, `maintenance_event_id`, `replacement_record_id`, `service_feedback_id`, `subject_type`, `subject_role`, `impact_desc`, `created_at`) values (2, 2, 2, 2, 2, 2, 2, 2, 2, 2, 2, 2, 2, 2, 2, 2, 2, 2, 'SELF_MADE', 'TRIGGER', 'Self-made Part Manufacturing Quality Trace Chain: Cylinder Barrel Assembly is associated with Cylinder Barrel Inner Bore Dimension Measurement and Seal Ring Compression Damage.', '2026-05-10 08:14:00');
insert into `p1p_dossier_quality_event_subject` (`quality_event_subject_id`, `quality_event_id`, `component_instance_id`, `part_instance_id`, `production_batch_id`, `inventory_batch_id`, `supplier_batch_id`, `work_order_id`, `operation_execution_id`, `step_execution_id`, `process_parameter_record_id`, `inspection_record_id`, `defect_record_id`, `purchase_order_id`, `supplier_id`, `maintenance_event_id`, `replacement_record_id`, `service_feedback_id`, `subject_type`, `subject_role`, `impact_desc`, `created_at`) values (3, 3, 3, 3, 3, 3, 3, 3, 3, 3, 3, 3, 3, 3, 3, 3, 3, 3, 'PURCHASED', 'TRIGGER', 'Purchased and Outsourced Part Quality Trace Chain: Front End Cap is associated with Sealing Performance Inspection and Scratch on Cylinder Barrel Inner Wall.', '2026-05-11 08:21:00');
insert into `p1p_dossier_quality_event_subject` (`quality_event_subject_id`, `quality_event_id`, `component_instance_id`, `part_instance_id`, `production_batch_id`, `inventory_batch_id`, `supplier_batch_id`, `work_order_id`, `operation_execution_id`, `step_execution_id`, `process_parameter_record_id`, `inspection_record_id`, `defect_record_id`, `purchase_order_id`, `supplier_id`, `maintenance_event_id`, `replacement_record_id`, `service_feedback_id`, `subject_type`, `subject_role`, `impact_desc`, `created_at`) values (4, 4, 4, 4, 4, 4, 4, 4, 4, 4, 4, 4, 4, 4, 4, 4, 4, 4, 'PURCHASED', 'TRIGGER', 'Purchased and Outsourced Part Quality Trace Chain: Rear End Cap is associated with Pressure Holding Leakage Rate Recheck and Pressure Holding Leakage Rate Out of Tolerance.', '2026-05-12 08:28:00');
insert into `p1p_dossier_quality_event_subject` (`quality_event_subject_id`, `quality_event_id`, `component_instance_id`, `part_instance_id`, `production_batch_id`, `inventory_batch_id`, `supplier_batch_id`, `work_order_id`, `operation_execution_id`, `step_execution_id`, `process_parameter_record_id`, `inspection_record_id`, `defect_record_id`, `purchase_order_id`, `supplier_id`, `maintenance_event_id`, `replacement_record_id`, `service_feedback_id`, `subject_type`, `subject_role`, `impact_desc`, `created_at`) values (5, 5, 5, 5, 5, 5, 5, 5, 5, 5, 5, 5, 5, 5, 5, 5, 5, 5, 'ASSEMBLY', 'TRIGGER', 'Assembly and Final Inspection Quality Trace Chain: Seal Ring Assembly is associated with Extension and Retraction Stroke Measurement and Actuation Hysteresis.', '2026-05-13 08:35:00');
insert into `p1p_dossier_quality_event_subject` (`quality_event_subject_id`, `quality_event_id`, `component_instance_id`, `part_instance_id`, `production_batch_id`, `inventory_batch_id`, `supplier_batch_id`, `work_order_id`, `operation_execution_id`, `step_execution_id`, `process_parameter_record_id`, `inspection_record_id`, `defect_record_id`, `purchase_order_id`, `supplier_id`, `maintenance_event_id`, `replacement_record_id`, `service_feedback_id`, `subject_type`, `subject_role`, `impact_desc`, `created_at`) values (6, 6, 6, 6, 6, 6, 6, 6, 6, 6, 6, 6, 6, 6, 6, 6, 6, 6, 'ASSEMBLY', 'TRIGGER', 'Assembly and Final Inspection Quality Trace Chain: Trunnion Bushing is associated with Trunnion Bushing Fit Clearance Inspection and Minor Leakage at Hydraulic Fitting.', '2026-05-14 08:42:00');
insert into `p1p_dossier_quality_event_subject` (`quality_event_subject_id`, `quality_event_id`, `component_instance_id`, `part_instance_id`, `production_batch_id`, `inventory_batch_id`, `supplier_batch_id`, `work_order_id`, `operation_execution_id`, `step_execution_id`, `process_parameter_record_id`, `inspection_record_id`, `defect_record_id`, `purchase_order_id`, `supplier_id`, `maintenance_event_id`, `replacement_record_id`, `service_feedback_id`, `subject_type`, `subject_role`, `impact_desc`, `created_at`) values (7, 7, 7, 7, 7, 7, 7, 7, 7, 7, 7, 7, 7, 7, 7, 7, 7, 7, 'PARAMETER', 'TRIGGER', 'Process Parameter Anomaly Trace Chain: Spherical Bearing is associated with Hydraulic Fitting Leakage Inspection and Excessive Trunnion Bushing Clearance.', '2026-05-15 08:49:00');
insert into `p1p_dossier_quality_event_subject` (`quality_event_subject_id`, `quality_event_id`, `component_instance_id`, `part_instance_id`, `production_batch_id`, `inventory_batch_id`, `supplier_batch_id`, `work_order_id`, `operation_execution_id`, `step_execution_id`, `process_parameter_record_id`, `inspection_record_id`, `defect_record_id`, `purchase_order_id`, `supplier_id`, `maintenance_event_id`, `replacement_record_id`, `service_feedback_id`, `subject_type`, `subject_role`, `impact_desc`, `created_at`) values (8, 8, 8, 8, 8, 8, 8, 8, 8, 8, 8, 8, 8, 8, 8, 8, 8, 8, 'PARAMETER', 'TRIGGER', 'Process Parameter Anomaly Trace Chain: Throttle Connector is associated with Final Functional Test and Loose Displacement Sensor Bracket.', '2026-05-16 08:56:00');
insert into `p1p_dossier_quality_event_subject` (`quality_event_subject_id`, `quality_event_id`, `component_instance_id`, `part_instance_id`, `production_batch_id`, `inventory_batch_id`, `supplier_batch_id`, `work_order_id`, `operation_execution_id`, `step_execution_id`, `process_parameter_record_id`, `inspection_record_id`, `defect_record_id`, `purchase_order_id`, `supplier_id`, `maintenance_event_id`, `replacement_record_id`, `service_feedback_id`, `subject_type`, `subject_role`, `impact_desc`, `created_at`) values (9, 9, 9, 9, 9, 9, 9, 9, 9, 9, 9, 9, 9, 9, 9, 9, 9, 9, 'MRO', 'TRIGGER', 'In-service Maintenance Feedback Trace Chain: Displacement Sensor Bracket is associated with Piston Rod Chrome Plating Visual Inspection and Chrome Plating Scratch on Piston Rod.', '2026-05-17 09:03:00');
insert into `p1p_dossier_quality_event_subject` (`quality_event_subject_id`, `quality_event_id`, `component_instance_id`, `part_instance_id`, `production_batch_id`, `inventory_batch_id`, `supplier_batch_id`, `work_order_id`, `operation_execution_id`, `step_execution_id`, `process_parameter_record_id`, `inspection_record_id`, `defect_record_id`, `purchase_order_id`, `supplier_id`, `maintenance_event_id`, `replacement_record_id`, `service_feedback_id`, `subject_type`, `subject_role`, `impact_desc`, `created_at`) values (10, 10, 10, 10, 10, 10, 10, 10, 10, 10, 10, 10, 10, 10, 10, 10, 10, 10, 'MRO', 'TRIGGER', 'In-service Maintenance Feedback Trace Chain: Locking Nut is associated with Cylinder Barrel Inner Bore Dimension Measurement and Seal Ring Compression Damage.', '2026-05-18 09:10:00');
insert into `p1p_dossier_reinspection_record` (`reinspection_record_id`, `disposition_record_id`, `inspection_record_id`, `inspector_id`, `reinspection_no`, `reinspection_date`, `reinspection_result`, `conclusion_desc`) values (1, 1, 1, 1, 'RCHK-CF-0001', '2026-05-09 08:07:00', 'PASS', 'Piston Rod Chrome Plating Visual Inspection result is qualified, with recorded value 20.850 MPa.');
insert into `p1p_dossier_reinspection_record` (`reinspection_record_id`, `disposition_record_id`, `inspection_record_id`, `inspector_id`, `reinspection_no`, `reinspection_date`, `reinspection_result`, `conclusion_desc`) values (2, 2, 2, 2, 'RCHK-CF-0002', '2026-05-10 08:14:00', 'FAIL', 'Cylinder Barrel Inner Bore Dimension Measurement result is qualified, with recorded value 0.080 mL/min.');
insert into `p1p_dossier_reinspection_record` (`reinspection_record_id`, `disposition_record_id`, `inspection_record_id`, `inspector_id`, `reinspection_no`, `reinspection_date`, `reinspection_result`, `conclusion_desc`) values (3, 3, 3, 3, 'RCHK-CF-0003', '2026-05-11 08:21:00', 'RECHECK', 'Sealing Performance Inspection result is qualified, with recorded value 155.150 mm.');
insert into `p1p_dossier_reinspection_record` (`reinspection_record_id`, `disposition_record_id`, `inspection_record_id`, `inspector_id`, `reinspection_no`, `reinspection_date`, `reinspection_result`, `conclusion_desc`) values (4, 4, 4, 4, 'RCHK-CF-0004', '2026-05-12 08:28:00', 'WAIT', 'Pressure Holding Leakage Rate Recheck result is qualified, with recorded value 5.100 s.');
insert into `p1p_dossier_reinspection_record` (`reinspection_record_id`, `disposition_record_id`, `inspection_record_id`, `inspector_id`, `reinspection_no`, `reinspection_date`, `reinspection_result`, `conclusion_desc`) values (5, 5, 5, 5, 'RCHK-CF-0005', '2026-05-13 08:35:00', 'PASS', 'Extension and Retraction Stroke Measurement result is qualified, with recorded value 37.7 C.');
insert into `p1p_dossier_reinspection_record` (`reinspection_record_id`, `disposition_record_id`, `inspection_record_id`, `inspector_id`, `reinspection_no`, `reinspection_date`, `reinspection_result`, `conclusion_desc`) values (6, 6, 6, 6, 'RCHK-CF-0006', '2026-05-14 08:42:00', 'FAIL', 'Trunnion Bushing Fit Clearance Inspection result is qualified, with recorded value 0.150 mm.');
insert into `p1p_dossier_reinspection_record` (`reinspection_record_id`, `disposition_record_id`, `inspection_record_id`, `inspector_id`, `reinspection_no`, `reinspection_date`, `reinspection_result`, `conclusion_desc`) values (7, 7, 7, 7, 'RCHK-CF-0007', '2026-05-15 08:49:00', 'RECHECK', 'Hydraulic Fitting Leakage Inspection result is nonconforming, with recorded value 23.400 MPa.');
insert into `p1p_dossier_reinspection_record` (`reinspection_record_id`, `disposition_record_id`, `inspection_record_id`, `inspector_id`, `reinspection_no`, `reinspection_date`, `reinspection_result`, `conclusion_desc`) values (8, 8, 8, 8, 'RCHK-CF-0008', '2026-05-16 08:56:00', 'WAIT', 'Final Functional Test result is nonconforming, with recorded value 0.220 mL/min.');
insert into `p1p_dossier_reinspection_record` (`reinspection_record_id`, `disposition_record_id`, `inspection_record_id`, `inspector_id`, `reinspection_no`, `reinspection_date`, `reinspection_result`, `conclusion_desc`) values (9, 9, 9, 9, 'RCHK-CF-0009', '2026-05-17 09:03:00', 'PASS', 'Piston Rod Chrome Plating Visual Inspection result is qualified, with recorded value 155.300 mm.');
insert into `p1p_dossier_reinspection_record` (`reinspection_record_id`, `disposition_record_id`, `inspection_record_id`, `inspector_id`, `reinspection_no`, `reinspection_date`, `reinspection_result`, `conclusion_desc`) values (10, 10, 10, 10, 'RCHK-CF-0010', '2026-05-18 09:10:00', 'FAIL', 'Cylinder Barrel Inner Bore Dimension Measurement result is qualified, with recorded value 4.500 s.');

set foreign_key_checks = 1;
